ISO-10303-21;
HEADER;
FILE_DESCRIPTION (( 'STEP AP203' ),
    '1' );
FILE_NAME ('GB6010带后盖_25072801.STEP',
    '2025-07-28T03:40:00',
    ( '' ),
    ( '' ),
    'SwSTEP 2.0',
    'SolidWorks 2016',
    '' );
FILE_SCHEMA (( 'CONFIG_CONTROL_DESIGN' ));
ENDSEC;

DATA;
#1 = CARTESIAN_POINT ( 'NONE',  ( 19.40000000000002300, 17.52461222451493600, 28.62406659400318900 ) ) ;
#2 = ORIENTED_EDGE ( 'NONE', *, *, #3449, .F. ) ;
#3 = ORIENTED_EDGE ( 'NONE', *, *, #361, .T. ) ;
#4 = DIRECTION ( 'NONE',  ( 1.000000000000000000, 6.071532165918827900E-018, 5.551115123125788900E-017 ) ) ;
#5 = ORIENTED_EDGE ( 'NONE', *, *, #3527, .F. ) ;
#6 = VERTEX_POINT ( 'NONE', #6598 ) ;
#7 = CARTESIAN_POINT ( 'NONE',  ( 0.1500000000000009100, 25.89999999999999900, 0.7499999999999973400 ) ) ;
#8 = AXIS2_PLACEMENT_3D ( 'NONE', #5241, #9287, #78 ) ;
#9 = VERTEX_POINT ( 'NONE', #7339 ) ;
#10 = ORIENTED_EDGE ( 'NONE', *, *, #279, .T. ) ;
#11 = ORIENTED_EDGE ( 'NONE', *, *, #609, .T. ) ;
#12 = EDGE_LOOP ( 'NONE', ( #9447, #9760, #126, #3816 ) ) ;
#13 = CARTESIAN_POINT ( 'NONE',  ( -2.168404344971008900E-016, -30.60598120472998200, -5.792129186673471400 ) ) ;
#14 = CARTESIAN_POINT ( 'NONE',  ( 1.299999999997001800, 14.13182353007338300, -16.86094788897896300 ) ) ;
#15 = EDGE_CURVE ( 'NONE', #3063, #2459, #7761, .T. ) ;
#16 = DIRECTION ( 'NONE',  ( 1.000000000000000000, 1.679403124341539000E-016, -1.865376329483173100E-017 ) ) ;
#17 = DIRECTION ( 'NONE',  ( 0.0000000000000000000, 0.0000000000000000000, -1.000000000000000000 ) ) ;
#18 = DIRECTION ( 'NONE',  ( 0.0000000000000000000, 0.0000000000000000000, -1.000000000000000000 ) ) ;
#19 = DIRECTION ( 'NONE',  ( 0.0000000000000000000, 0.0000000000000000000, -1.000000000000000000 ) ) ;
#20 = CIRCLE ( 'NONE', #7619, 0.5000000000000004400 ) ;
#21 = EDGE_LOOP ( 'NONE', ( #4157, #9960, #4081, #7031 ) ) ;
#22 = ORIENTED_EDGE ( 'NONE', *, *, #4891, .T. ) ;
#23 = AXIS2_PLACEMENT_3D ( 'NONE', #121, #7024, #223 ) ;
#24 = DIRECTION ( 'NONE',  ( -1.000000000000000000, 0.0000000000000000000, 0.0000000000000000000 ) ) ;
#25 = APPLICATION_PROTOCOL_DEFINITION ( 'international standard', 'config_control_design', 1994, #5510 ) ;
#26 = CARTESIAN_POINT ( 'NONE',  ( 24.00000000000006000, -2.216910000805129500E-047, 8.673617379884035500E-016 ) ) ;
#27 = CARTESIAN_POINT ( 'NONE',  ( 20.00000000000006000, -12.88653859592963800, 4.023724387673918400 ) ) ;
#28 = CARTESIAN_POINT ( 'NONE',  ( 19.40000000000003800, 3.407720324041189700, -32.82414409816804800 ) ) ;
#29 = CARTESIAN_POINT ( 'NONE',  ( 0.2000000000000017300, 19.18559832687377300, -7.982447075265610300 ) ) ;
#30 = VECTOR ( 'NONE', #4034, 1000.000000000000000 ) ;
#31 = ADVANCED_FACE ( 'NONE', ( #2691 ), #3889, .T. ) ;
#32 = EDGE_CURVE ( 'NONE', #9123, #4486, #4007, .T. ) ;
#33 = B_SPLINE_CURVE_WITH_KNOTS ( 'NONE', 3,
 ( #4681, #3715, #3147, #3751, #3686, #2920, #9121, #44, #5467, #2405 ),
 .UNSPECIFIED., .F., .F.,
 ( 4, 2, 2, 2, 4 ),
 ( 1.265279324921915000E-015, 0.0002776442099293061600, 0.0005552884198573470500, 0.0008329326297853877800, 0.001110576839713428600 ),
 .UNSPECIFIED. ) ;
#34 = EDGE_CURVE ( 'NONE', #2710, #592, #7629, .T. ) ;
#35 = AXIS2_PLACEMENT_3D ( 'NONE', #1722, #905, #1690 ) ;
#36 = ORIENTED_EDGE ( 'NONE', *, *, #8262, .F. ) ;
#37 = CARTESIAN_POINT ( 'NONE',  ( 19.40000000000003400, 1.826745652201462000, 33.45017453979616600 ) ) ;
#38 = DIRECTION ( 'NONE',  ( 0.0000000000000000000, 0.0000000000000000000, -1.000000000000000000 ) ) ;
#39 = CARTESIAN_POINT ( 'NONE',  ( 3.000000000000000400, -15.55634918610401500, 14.30634918610556000 ) ) ;
#40 = PERSON_AND_ORGANIZATION ( #6260, #2732 ) ;
#41 = CALENDAR_DATE ( 2025, 28, 7 ) ;
#42 = ORIENTED_EDGE ( 'NONE', *, *, #2241, .F. ) ;
#43 = AXIS2_PLACEMENT_3D ( 'NONE', #5445, #6284, #885 ) ;
#44 = CARTESIAN_POINT ( 'NONE',  ( -1.083591164132903700, 0.1877668349391114800, -5.263738473012693000 ) ) ;
#45 = CARTESIAN_POINT ( 'NONE',  ( 0.2000000000000022000, 17.89082520777775200, 7.219147321990129200 ) ) ;
#46 = DIRECTION ( 'NONE',  ( -1.000000000000000000, -6.071532165918826400E-018, -5.551115123125788900E-017 ) ) ;
#47 = CIRCLE ( 'NONE', #8293, 1.249999999999999300 ) ;
#48 = DIRECTION ( 'NONE',  ( 0.0000000000000000000, 0.0000000000000000000, -1.000000000000000000 ) ) ;
#49 = DIRECTION ( 'NONE',  ( 1.000000000000000000, -0.0000000000000000000, -0.0000000000000000000 ) ) ;
#50 = ORIENTED_EDGE ( 'NONE', *, *, #3978, .F. ) ;
#51 = ORIENTED_EDGE ( 'NONE', *, *, #8517, .T. ) ;
#52 = CARTESIAN_POINT ( 'NONE',  ( 20.00000000000006400, -6.596655747912637800, 11.77857577367809200 ) ) ;
#53 = CARTESIAN_POINT ( 'NONE',  ( 2.999999999999998200, 20.41510639674001500, 18.91510639674027400 ) ) ;
#54 = DATE_TIME_ROLE ( 'classification_date' ) ;
#55 = LINE ( 'NONE', #2156, #5759 ) ;
#56 = CARTESIAN_POINT ( 'NONE',  ( 8.999999999997104500, -4.409455882548738400, -5.176616759900728200 ) ) ;
#57 = DIRECTION ( 'NONE',  ( 0.0000000000000000000, 0.0000000000000000000, 1.000000000000000000 ) ) ;
#58 = ADVANCED_FACE ( 'NONE', ( #3525 ), #1844, .F. ) ;
#59 = CARTESIAN_POINT ( 'NONE',  ( 20.00000000000006800, -13.19014236133983600, 3.023087716218973300 ) ) ;
#60 = CARTESIAN_POINT ( 'NONE',  ( 19.40000000000003800, 17.99865386338811400, -27.73308488108098800 ) ) ;
#61 = DIRECTION ( 'NONE',  ( 1.000000000000000000, 3.642919299551294900E-017, 2.775557561562891400E-017 ) ) ;
#62 = VERTEX_POINT ( 'NONE', #2011 ) ;
#63 = DIRECTION ( 'NONE',  ( 0.0000000000000000000, 0.0000000000000000000, 1.000000000000000000 ) ) ;
#64 = AXIS2_PLACEMENT_3D ( 'NONE', #6042, #9778, #6111 ) ;
#65 = CARTESIAN_POINT ( 'NONE',  ( 19.40000000000002700, -23.18218783971629900, 24.18341135853210800 ) ) ;
#66 = CARTESIAN_POINT ( 'NONE',  ( 0.1000000000000017800, 19.96667702163212600, -3.998403685112363000 ) ) ;
#67 = CYLINDRICAL_SURFACE ( 'NONE', #3537, 34.00000000000000000 ) ;
#68 = CARTESIAN_POINT ( 'NONE',  ( 0.2000000000000009500, 25.90000000000000200, 3.644078711698373100 ) ) ;
#69 = CARTESIAN_POINT ( 'NONE',  ( 11.17070943148337400, -1.092875789857602900E-016, -9.992007221555231900E-016 ) ) ;
#70 = CONICAL_SURFACE ( 'NONE', #6015, 12.60000000000000100, 0.5934119456780723200 ) ;
#71 = CARTESIAN_POINT ( 'NONE',  ( 0.0000000000000000000, 0.0000000000000000000, 0.0000000000000000000 ) ) ;
#72 = EDGE_CURVE ( 'NONE', #4486, #9123, #9401, .T. ) ;
#73 = ORIENTED_EDGE ( 'NONE', *, *, #9011, .T. ) ;
#74 = VERTEX_POINT ( 'NONE', #5760 ) ;
#75 = CIRCLE ( 'NONE', #7736, 34.00000000000000000 ) ;
#76 = CIRCLE ( 'NONE', #5309, 1.250000000000932600 ) ;
#77 = ADVANCED_FACE ( 'NONE', ( #1483 ), #3401, .T. ) ;
#78 = DIRECTION ( 'NONE',  ( 0.0000000000000000000, 0.0000000000000000000, -1.000000000000000000 ) ) ;
#79 = CARTESIAN_POINT ( 'NONE',  ( 24.00000000000006400, 18.96738926836105300, -22.63035349707299200 ) ) ;
#80 = DIRECTION ( 'NONE',  ( -1.000000000000000000, 0.0000000000000000000, -0.0000000000000000000 ) ) ;
#81 = AXIS2_PLACEMENT_3D ( 'NONE', #5384, #8376, #9106 ) ;
#82 = CARTESIAN_POINT ( 'NONE',  ( 6.400000000000036800, 32.95091815669201200, -1.799481108447721600 ) ) ;
#83 = ORIENTED_EDGE ( 'NONE', *, *, #9953, .T. ) ;
#84 = ORIENTED_EDGE ( 'NONE', *, *, #5009, .F. ) ;
#85 = EDGE_CURVE ( 'NONE', #3063, #6436, #3053, .T. ) ;
#86 = FACE_OUTER_BOUND ( 'NONE', #7897, .T. ) ;
#87 = CIRCLE ( 'NONE', #1028, 0.7500000000000006700 ) ;
#88 = DIRECTION ( 'NONE',  ( 0.0000000000000000000, 0.0000000000000000000, -1.000000000000000000 ) ) ;
#89 = ORIENTED_EDGE ( 'NONE', *, *, #4200, .T. ) ;
#90 = DIRECTION ( 'NONE',  ( 1.000000000000000000, -0.0000000000000000000, -0.0000000000000000000 ) ) ;
#91 =( NAMED_UNIT ( * ) SI_UNIT ( $, .STERADIAN. ) SOLID_ANGLE_UNIT ( ) );
#92 = CARTESIAN_POINT ( 'NONE',  ( 8.999999999997104500, -5.176642911563966700, 4.409424217358390400 ) ) ;
#93 = CARTESIAN_POINT ( 'NONE',  ( 5.000000000128238800, 0.0000000000000000000, 0.0000000000000000000 ) ) ;
#94 = CARTESIAN_POINT ( 'NONE',  ( 20.00000000000006400, -11.49110162724499800, 7.091580457921503800 ) ) ;
#95 = DIRECTION ( 'NONE',  ( 0.0000000000000000000, 0.0000000000000000000, 1.000000000000000000 ) ) ;
#96 = CARTESIAN_POINT ( 'NONE',  ( 24.00000000000006400, -64.22809626250702300, -15.30442503964910000 ) ) ;
#97 = CIRCLE ( 'NONE', #3335, 1.499999999999990900 ) ;
#98 = LINE ( 'NONE', #1485, #8104 ) ;
#99 = FACE_OUTER_BOUND ( 'NONE', #8378, .T. ) ;
#100 = CARTESIAN_POINT ( 'NONE',  ( 19.40000000000003400, 3.583446664961711800, 33.31574612483726100 ) ) ;
#101 = CARTESIAN_POINT ( 'NONE',  ( 1.200000000000000000, 26.49999999999998600, -8.000000000000003600 ) ) ;
#102 = DIRECTION ( 'NONE',  ( 1.000000000000000000, 0.0000000000000000000, 0.0000000000000000000 ) ) ;
#103 = CARTESIAN_POINT ( 'NONE',  ( 6.400000000000036800, 30.03068806515095800, -13.68056191585707600 ) ) ;
#104 = AXIS2_PLACEMENT_3D ( 'NONE', #5457, #102, #5423 ) ;
#105 = CYLINDRICAL_SURFACE ( 'NONE', #3805, 1.250000000000641300 ) ;
#106 = VERTEX_POINT ( 'NONE', #9662 ) ;
#107 = CIRCLE ( 'NONE', #6476, 1.000000000000000200 ) ;
#108 = ORIENTED_EDGE ( 'NONE', *, *, #4332, .T. ) ;
#109 = ADVANCED_FACE ( 'NONE', ( #8118 ), #7011, .T. ) ;
#110 = AXIS2_PLACEMENT_3D ( 'NONE', #2323, #9247, #5330 ) ;
#111 = DIRECTION ( 'NONE',  ( 1.000000000000000000, 0.0000000000000000000, 0.0000000000000000000 ) ) ;
#112 = DIRECTION ( 'NONE',  ( 0.0000000000000000000, -1.000000000000000000, 0.0000000000000000000 ) ) ;
#113 = CIRCLE ( 'NONE', #1790, 0.7500000000000006700 ) ;
#114 = CARTESIAN_POINT ( 'NONE',  ( 1.282376982381094900E-010, -1.092875789857602900E-016, -9.992007221555231900E-016 ) ) ;
#115 = CARTESIAN_POINT ( 'NONE',  ( 6.400000000000035000, -14.18908458345423700, 29.83218016775218800 ) ) ;
#116 = ORIENTED_EDGE ( 'NONE', *, *, #2944, .F. ) ;
#117 = EDGE_LOOP ( 'NONE', ( #2219, #7802 ) ) ;
#118 = ORIENTED_EDGE ( 'NONE', *, *, #4484, .T. ) ;
#119 = EDGE_CURVE ( 'NONE', #8086, #5752, #1344, .T. ) ;
#120 = EDGE_CURVE ( 'NONE', #9814, #7663, #4961, .T. ) ;
#121 = CARTESIAN_POINT ( 'NONE',  ( 1.299999999997001800, -11.49610083339478300, -9.635334225049994900 ) ) ;
#122 = APPLICATION_CONTEXT ( 'configuration controlled 3d designs of mechanical parts and assemblies' ) ;
#123 = ADVANCED_FACE ( 'NONE', ( #8246 ), #2679, .T. ) ;
#124 = CARTESIAN_POINT ( 'NONE',  ( 8.999999999997104500, -5.714874662137236600, -3.708550148104280200 ) ) ;
#125 = CARTESIAN_POINT ( 'NONE',  ( 0.2000000000000004300, 28.50000000000000400, 5.999999999999982200 ) ) ;
#126 = ORIENTED_EDGE ( 'NONE', *, *, #2415, .T. ) ;
#127 = CARTESIAN_POINT ( 'NONE',  ( 20.00000000000005700, -13.41199954437089700, -1.539953547713496500 ) ) ;
#129 = ORIENTED_EDGE ( 'NONE', *, *, #9117, .T. ) ;
#128 = CARTESIAN_POINT ( 'NONE',  ( 0.0000000000000000000, -9.024091943764450000, -10.38103027596421200 ) ) ;
#130 = DIRECTION ( 'NONE',  ( -5.880418562633243500E-017, 1.000000000000000000, 0.0000000000000000000 ) ) ;
#131 = ORIENTED_EDGE ( 'NONE', *, *, #5191, .T. ) ;
#132 = ORIENTED_EDGE ( 'NONE', *, *, #1765, .T. ) ;
#133 = ADVANCED_FACE ( 'NONE', ( #9283 ), #6052, .F. ) ;
#134 = EDGE_CURVE ( 'NONE', #7273, #6942, #9752, .T. ) ;
#135 = CARTESIAN_POINT ( 'NONE',  ( -2.168404344971008900E-016, 26.50000000000000400, 7.999999999999996400 ) ) ;
#136 = CARTESIAN_POINT ( 'NONE',  ( 0.1000000000000018700, 19.46667702163212600, -2.520333734383528700E-015 ) ) ;
#137 = CARTESIAN_POINT ( 'NONE',  ( 4.315194346083972000E-015, -62.75701428497708200, 31.37850714248855200 ) ) ;
#138 = CARTESIAN_POINT ( 'NONE',  ( 0.0000000000000000000, 5.755839955992559700E-016, -4.700000000000000200 ) ) ;
#139 = ORIENTED_EDGE ( 'NONE', *, *, #832, .F. ) ;
#140 = CIRCLE ( 'NONE', #5031, 2.000000000000000900 ) ;
#141 = EDGE_LOOP ( 'NONE', ( #1000, #9837 ) ) ;
#142 = ORIENTED_EDGE ( 'NONE', *, *, #2260, .T. ) ;
#143 = ORIENTED_EDGE ( 'NONE', *, *, #3949, .T. ) ;
#144 = DIRECTION ( 'NONE',  ( 0.0000000000000000000, 0.0000000000000000000, 1.000000000000000000 ) ) ;
#145 = AXIS2_PLACEMENT_3D ( 'NONE', #1026, #6433, #9462 ) ;
#146 = EDGE_CURVE ( 'NONE', #3415, #9219, #3042, .T. ) ;
#147 = CARTESIAN_POINT ( 'NONE',  ( 19.40000000000003100, -10.16805077646705300, 31.39457756176304700 ) ) ;
#148 = EDGE_CURVE ( 'NONE', #6340, #1845, #5927, .T. ) ;
#149 = CARTESIAN_POINT ( 'NONE',  ( -0.5999999998666412100, -1.092875789857602900E-016, -9.992007221555231900E-016 ) ) ;
#150 = CARTESIAN_POINT ( 'NONE',  ( 19.40000000000003400, -33.51444442819647700, 0.5606814950793597200 ) ) ;
#151 = ORIENTED_EDGE ( 'NONE', *, *, #6930, .T. ) ;
#152 = CARTESIAN_POINT ( 'NONE',  ( 1.000000000128238500, -1.482744684833052600, -8.369736224266043600 ) ) ;
#153 = CARTESIAN_POINT ( 'NONE',  ( 6.400000000000034100, -4.017172659105801500, 32.75673559454502700 ) ) ;
#154 = DIRECTION ( 'NONE',  ( 0.0000000000000000000, 0.0000000000000000000, 1.000000000000000000 ) ) ;
#155 = CALENDAR_DATE ( 2025, 28, 7 ) ;
#156 = CIRCLE ( 'NONE', #2221, 0.7500000000000006700 ) ;
#157 = AXIS2_PLACEMENT_3D ( 'NONE', #8294, #9787, #6008 ) ;
#158 = EDGE_LOOP ( 'NONE', ( #5602, #5786 ) ) ;
#159 = CARTESIAN_POINT ( 'NONE',  ( 8.999999999997104500, -4.369757590491071000, -5.210169000119578600 ) ) ;
#160 = CARTESIAN_POINT ( 'NONE',  ( 1.000000000128238500, 1.482744684833039900, 8.369736224266045400 ) ) ;
#161 = ADVANCED_FACE ( 'NONE', ( #615 ), #6288, .F. ) ;
#162 = CARTESIAN_POINT ( 'NONE',  ( 20.00000000000006400, -13.35134628408115100, -2.049390865850061700 ) ) ;
#163 = CARTESIAN_POINT ( 'NONE',  ( -3.110548898502819500E-015, 29.58039891549805500, 4.999999999999999100 ) ) ;
#164 = CARTESIAN_POINT ( 'NONE',  ( 24.00000000000006000, 9.635334225050032200, -10.24610083339474900 ) ) ;
#165 = DIRECTION ( 'NONE',  ( 1.000000000000000000, 1.679403124341539000E-016, -1.865376329483173100E-017 ) ) ;
#166 = EDGE_CURVE ( 'NONE', #3024, #74, #107, .T. ) ;
#167 = CALENDAR_DATE ( 2025, 28, 7 ) ;
#168 = CALENDAR_DATE ( 2025, 28, 7 ) ;
#169 = DIRECTION ( 'NONE',  ( 1.000000000000000000, 0.0000000000000000000, 0.0000000000000000000 ) ) ;
#170 = ORIENTED_EDGE ( 'NONE', *, *, #7386, .T. ) ;
#171 = CARTESIAN_POINT ( 'NONE',  ( 0.2000000000000005100, 26.50000000000000400, -6.000000000000004400 ) ) ;
#172 = DIRECTION ( 'NONE',  ( 0.0000000000000000000, 0.0000000000000000000, 1.000000000000000000 ) ) ;
#173 = DIRECTION ( 'NONE',  ( -1.807003620809172400E-016, 1.000000000000000000, 0.0000000000000000000 ) ) ;
#174 = AXIS2_PLACEMENT_3D ( 'NONE', #921, #1744, #4832 ) ;
#175 = ORIENTED_EDGE ( 'NONE', *, *, #9869, .F. ) ;
#176 = VECTOR ( 'NONE', #1551, 1000.000000000000000 ) ;
#177 = ADVANCED_FACE ( 'NONE', ( #9510 ), #853, .F. ) ;
#178 = DIRECTION ( 'NONE',  ( -1.000000000000000000, -6.071532165918827900E-018, -5.551115123125788900E-017 ) ) ;
#179 = CC_DESIGN_APPROVAL ( #1628, ( #4395 ) ) ;
#180 = ADVANCED_FACE ( 'NONE', ( #8801 ), #3992, .F. ) ;
#181 = CARTESIAN_POINT ( 'NONE',  ( 0.0000000000000000000, 15.55634918610396700, 14.30634918610412100 ) ) ;
#182 = ORIENTED_EDGE ( 'NONE', *, *, #1440, .T. ) ;
#183 = DIRECTION ( 'NONE',  ( 0.0000000000000000000, 0.0000000000000000000, 1.000000000000000000 ) ) ;
#184 = CARTESIAN_POINT ( 'NONE',  ( 19.40000000000003400, -33.12686515920498900, -4.986576912573285700 ) ) ;
#185 = EDGE_CURVE ( 'NONE', #7627, #106, #1945, .T. ) ;
#186 = CARTESIAN_POINT ( 'NONE',  ( 1.000000000128238800, -1.098300496105619500, -8.430525986275231500 ) ) ;
#187 = CARTESIAN_POINT ( 'NONE',  ( 6.400000000000034100, 27.28733548911099000, 18.59154984671410600 ) ) ;
#188 = FACE_OUTER_BOUND ( 'NONE', #2420, .T. ) ;
#189 = LINE ( 'NONE', #6295, #8194 ) ;
#190 = CARTESIAN_POINT ( 'NONE',  ( -1.099999999866669400, 1.968741208010780000E-016, -2.500000000000000900 ) ) ;
#191 = SECURITY_CLASSIFICATION_LEVEL ( 'unclassified' ) ;
#192 = ORIENTED_EDGE ( 'NONE', *, *, #315, .T. ) ;
#193 = CARTESIAN_POINT ( 'NONE',  ( 8.999999999997104500, -5.932159950565699400, -3.324172896514588700 ) ) ;
#194 = CARTESIAN_POINT ( 'NONE',  ( 1.000000000128238800, 7.989218698386087800, -2.903598142562005900 ) ) ;
#195 = LINE ( 'NONE', #3862, #6480 ) ;
#196 = CARTESIAN_POINT ( 'NONE',  ( 23.78885438199990400, 19.54192959671149100, -23.31584850879731300 ) ) ;
#197 = VECTOR ( 'NONE', #4966, 1000.000000000000000 ) ;
#198 = CARTESIAN_POINT ( 'NONE',  ( 1.999999999999998200, 20.41510639674001500, 18.91510639674027400 ) ) ;
#199 = ORIENTED_EDGE ( 'NONE', *, *, #8479, .F. ) ;
#200 = EDGE_LOOP ( 'NONE', ( #4245, #5336, #9587, #543 ) ) ;
#201 = DIRECTION ( 'NONE',  ( 1.000000000000000000, 0.0000000000000000000, 0.0000000000000000000 ) ) ;
#202 = AXIS2_PLACEMENT_3D ( 'NONE', #3183, #6980, #8528 ) ;
#203 = VERTEX_POINT ( 'NONE', #476 ) ;
#204 = DIRECTION ( 'NONE',  ( 0.0000000000000000000, 0.0000000000000000000, -1.000000000000000000 ) ) ;
#205 = LINE ( 'NONE', #101, #5057 ) ;
#206 = CYLINDRICAL_SURFACE ( 'NONE', #174, 0.7500000000000006700 ) ;
#207 = EDGE_CURVE ( 'NONE', #2568, #209, #6772, .T. ) ;
#208 = CARTESIAN_POINT ( 'NONE',  ( 21.00000000000006000, 19.27066845010006400, -22.99220166678949800 ) ) ;
#209 = VERTEX_POINT ( 'NONE', #2865 ) ;
#210 = ADVANCED_FACE ( 'NONE', ( #488 ), #2317, .T. ) ;
#211 = EDGE_LOOP ( 'NONE', ( #3911, #8388 ) ) ;
#212 = FACE_OUTER_BOUND ( 'NONE', #5135, .T. ) ;
#213 = CONICAL_SURFACE ( 'NONE', #5244, 31.50000000000000700, 0.7853981633974482800 ) ;
#214 = CARTESIAN_POINT ( 'NONE',  ( 24.00000000000005700, 26.29331772578492700, 60.56513203379508800 ) ) ;
#215 = CYLINDRICAL_SURFACE ( 'NONE', #708, 25.99999999999989000 ) ;
#216 = DIRECTION ( 'NONE',  ( 1.000000000000000000, 1.679403124341539000E-016, -1.865376329483173100E-017 ) ) ;
#217 = DIRECTION ( 'NONE',  ( -0.7071067811865197100, 0.0000000000000000000, 0.7071067811865753300 ) ) ;
#218 = AXIS2_PLACEMENT_3D ( 'NONE', #9956, #4565, #9235 ) ;
#219 = CARTESIAN_POINT ( 'NONE',  ( 6.400000000000034100, 1.700688185210266900, 32.95616539879736700 ) ) ;
#220 = ORIENTED_EDGE ( 'NONE', *, *, #2921, .F. ) ;
#221 = FACE_OUTER_BOUND ( 'NONE', #8260, .T. ) ;
#222 = FACE_BOUND ( 'NONE', #254, .T. ) ;
#223 = DIRECTION ( 'NONE',  ( 0.0000000000000000000, 0.0000000000000000000, -1.000000000000000000 ) ) ;
#224 = EDGE_CURVE ( 'NONE', #1726, #6591, #3634, .T. ) ;
#225 = APPROVAL_STATUS ( 'not_yet_approved' ) ;
#226 = CIRCLE ( 'NONE', #1999, 1.499999999999990900 ) ;
#227 = ADVANCED_FACE ( 'NONE', ( #2929 ), #7507, .F. ) ;
#228 = ORIENTED_EDGE ( 'NONE', *, *, #832, .T. ) ;
#229 = EDGE_LOOP ( 'NONE', ( #6289, #6211 ) ) ;
#230 = CARTESIAN_POINT ( 'NONE',  ( 1.000000000128238500, 6.823084891241284900, 5.072886587589025000 ) ) ;
#231 = CARTESIAN_POINT ( 'NONE',  ( 20.00000000000006400, 4.064686218725182900, -12.87377762982726300 ) ) ;
#232 = CARTESIAN_POINT ( 'NONE',  ( 24.00000000000006000, -11.49610083339478300, -9.635334225049993200 ) ) ;
#233 = CARTESIAN_POINT ( 'NONE',  ( 24.00000000000006000, -19.16773975851183900, 22.86939548388913900 ) ) ;
#234 = ADVANCED_FACE ( 'NONE', ( #7263, #7748, #2186, #4357, #10002, #1093, #4717, #3760, #8572, #740, #240, #3881, #9878, #6660 ), #6121, .T. ) ;
#235 = AXIS2_PLACEMENT_3D ( 'NONE', #8826, #2790, #4352 ) ;
#236 = CIRCLE ( 'NONE', #2981, 11.54999999999995300 ) ;
#237 = ORIENTED_EDGE ( 'NONE', *, *, #763, .T. ) ;
#238 = CARTESIAN_POINT ( 'NONE',  ( 0.2191311905569941200, 0.0000000000000000000, 0.0000000000000000000 ) ) ;
#239 = CARTESIAN_POINT ( 'NONE',  ( 4.315194346083972000E-015, 3.842758833407096900E-015, 31.37850714248854800 ) ) ;
#240 = FACE_BOUND ( 'NONE', #446, .T. ) ;
#241 = ORIENTED_EDGE ( 'NONE', *, *, #8806, .T. ) ;
#242 = PLANE ( 'NONE',  #35 ) ;
#243 = AXIS2_PLACEMENT_3D ( 'NONE', #7866, #4708, #925 ) ;
#244 = ORIENTED_EDGE ( 'NONE', *, *, #6626, .T. ) ;
#245 = EDGE_LOOP ( 'NONE', ( #1536, #3485, #2516, #5111 ) ) ;
#246 = ORIENTED_EDGE ( 'NONE', *, *, #6006, .F. ) ;
#247 = CARTESIAN_POINT ( 'NONE',  ( 1.699756038043517300, 67.24939009510846700, 33.62469504755423300 ) ) ;
#248 = DIRECTION ( 'NONE',  ( 0.0000000000000000000, 0.0000000000000000000, 1.000000000000000000 ) ) ;
#249 = CARTESIAN_POINT ( 'NONE',  ( 19.40000000000003400, -28.57382171740032500, -17.48784841234673200 ) ) ;
#250 = CARTESIAN_POINT ( 'NONE',  ( 1.000000000128238500, -4.893998744696680200, 6.950149218416447300 ) ) ;
#251 = CARTESIAN_POINT ( 'NONE',  ( 6.400000000000035000, 15.51705162158796200, 29.19403452818066200 ) ) ;
#252 = EDGE_LOOP ( 'NONE', ( #537, #3189, #2661 ) ) ;
#253 = ORIENTED_EDGE ( 'NONE', *, *, #7871, .F. ) ;
#254 = EDGE_LOOP ( 'NONE', ( #7832, #715 ) ) ;
#255 = CARTESIAN_POINT ( 'NONE',  ( 3.000000000000000900, -18.91510639674033800, 18.91510639673995400 ) ) ;
#256 = EDGE_LOOP ( 'NONE', ( #9361, #7873 ) ) ;
#257 = SECURITY_CLASSIFICATION_LEVEL ( 'unclassified' ) ;
#258 = AXIS2_PLACEMENT_3D ( 'NONE', #2728, #165, #4224 ) ;
#259 = CARTESIAN_POINT ( 'NONE',  ( 6.399999999999979000, -18.91510639674024200, 18.91510639674090300 ) ) ;
#260 = CARTESIAN_POINT ( 'NONE',  ( 1.000000000128238300, 3.095440396973547300, 7.916406969206339500 ) ) ;
#261 = DIRECTION ( 'NONE',  ( -1.000000000000000000, -0.0000000000000000000, -0.0000000000000000000 ) ) ;
#262 = ADVANCED_FACE ( 'NONE', ( #8698 ), #2072, .T. ) ;
#263 = CARTESIAN_POINT ( 'NONE',  ( 20.00000000000005700, 1.365086153625024100, -13.43094172413948700 ) ) ;
#264 = CARTESIAN_POINT ( 'NONE',  ( -2.168404344971008400E-016, 13.87576178493168300, 27.92295119325988400 ) ) ;
#265 = CONICAL_SURFACE ( 'NONE', #4515, 3.000000000007142700, 0.7853981633974481700 ) ;
#266 = VERTEX_POINT ( 'NONE', #9868 ) ;
#267 = CARTESIAN_POINT ( 'NONE',  ( -1.099999999866668300, 4.357489552670667600, 1.897540504558751700 ) ) ;
#268 = ORIENTED_EDGE ( 'NONE', *, *, #2430, .F. ) ;
#269 = EDGE_CURVE ( 'NONE', #1102, #9770, #1593, .T. ) ;
#270 = DIRECTION ( 'NONE',  ( -1.000000000000000000, -0.0000000000000000000, -0.0000000000000000000 ) ) ;
#271 = DIRECTION ( 'NONE',  ( -1.000000000000000000, -0.0000000000000000000, -0.0000000000000000000 ) ) ;
#272 = CARTESIAN_POINT ( 'NONE',  ( 1.299999999997001800, -16.86094788897901300, -14.13182353007332500 ) ) ;
#273 = CARTESIAN_POINT ( 'NONE',  ( 19.40000000000003800, -24.01579668955206500, 23.38103107924693400 ) ) ;
#274 = LOCAL_TIME ( 11, 40, 0.0000000000000000000, #534 ) ;
#275 = FACE_BOUND ( 'NONE', #9186, .T. ) ;
#276 = ADVANCED_FACE ( 'NONE', ( #5448 ), #5213, .T. ) ;
#277 = ORIENTED_EDGE ( 'NONE', *, *, #8891, .T. ) ;
#278 = AXIS2_PLACEMENT_3D ( 'NONE', #93, #6228, #2383 ) ;
#279 = EDGE_CURVE ( 'NONE', #7361, #9937, #7874, .T. ) ;
#280 = ADVANCED_FACE ( 'NONE', ( #358 ), #2809, .F. ) ;
#281 = CARTESIAN_POINT ( 'NONE',  ( -1.100000000000000100, 6.249999999999999100, 6.446607438115323100E-014 ) ) ;
#282 = CARTESIAN_POINT ( 'NONE',  ( 24.00000000000006000, -14.13182353007326400, 16.86094788897906200 ) ) ;
#283 = CARTESIAN_POINT ( 'NONE',  ( 19.40000000000003400, -19.97483221061449400, -26.89590733537765000 ) ) ;
#284 = APPROVAL_PERSON_ORGANIZATION ( #2496, #3499, #6251 ) ;
#285 = CARTESIAN_POINT ( 'NONE',  ( 1.000000000128238500, -8.345343225972847300, -1.614434768015474300 ) ) ;
#286 = CARTESIAN_POINT ( 'NONE',  ( 6.400000000000035000, -27.00159139127884700, 18.97142964916093500 ) ) ;
#287 = ORIENTED_EDGE ( 'NONE', *, *, #8991, .T. ) ;
#288 = DIRECTION ( 'NONE',  ( 1.000000000000000000, 6.071532165918827900E-018, 5.551115123125788900E-017 ) ) ;
#289 = AXIS2_PLACEMENT_3D ( 'NONE', #6025, #3702, #1307 ) ;
#290 = LINE ( 'NONE', #5348, #9449 ) ;
#291 = CARTESIAN_POINT ( 'NONE',  ( 8.999999999997104500, 3.250385001804498900, -5.972918644031788700 ) ) ;
#292 = CARTESIAN_POINT ( 'NONE',  ( 1.000000000128238500, 7.890522775366904700, 3.160822777723071300 ) ) ;
#293 = CARTESIAN_POINT ( 'NONE',  ( 24.00000000000006000, -16.86094788897901300, -14.13182353007332500 ) ) ;
#294 = EDGE_LOOP ( 'NONE', ( #5141, #5291 ) ) ;
#295 = CARTESIAN_POINT ( 'NONE',  ( 20.00000000000005700, -6.026992397847559200, -12.08858131083773200 ) ) ;
#296 = CARTESIAN_POINT ( 'NONE',  ( 21.00000000000006000, -14.93961499199979500, 26.01564389698641800 ) ) ;
#297 = CARTESIAN_POINT ( 'NONE',  ( -2.168404344971009400E-016, 0.9525307506158602300, 31.14921894064170600 ) ) ;
#298 = EDGE_CURVE ( 'NONE', #7824, #3202, #4608, .T. ) ;
#299 = EDGE_CURVE ( 'NONE', #4948, #3334, #8367, .T. ) ;
#300 = VERTEX_POINT ( 'NONE', #7573 ) ;
#301 = CARTESIAN_POINT ( 'NONE',  ( -1.099999999866669000, 6.698906942988179300E-016, 4.749999999999928100 ) ) ;
#302 = DIRECTION ( 'NONE',  ( 1.000000000000000000, 0.0000000000000000000, 0.0000000000000000000 ) ) ;
#303 = VECTOR ( 'NONE', #8384, 1000.000000000000000 ) ;
#304 = DIRECTION ( 'NONE',  ( 0.0000000000000000000, 0.0000000000000000000, -1.000000000000000000 ) ) ;
#305 = CARTESIAN_POINT ( 'NONE',  ( 0.0000000000000000000, -10.60660171779941200, -10.60660171779701200 ) ) ;
#306 = AXIS2_PLACEMENT_3D ( 'NONE', #5751, #5784, #2750 ) ;
#307 = DIRECTION ( 'NONE',  ( 1.000000000000000000, 0.0000000000000000000, 0.0000000000000000000 ) ) ;
#308 = CARTESIAN_POINT ( 'NONE',  ( 6.399999999999979000, -15.55634918610412000, 15.55634918610482500 ) ) ;
#309 = EDGE_LOOP ( 'NONE', ( #9407, #3917, #277, #3653 ) ) ;
#310 = LINE ( 'NONE', #9568, #1786 ) ;
#311 = FACE_OUTER_BOUND ( 'NONE', #6419, .T. ) ;
#312 = CARTESIAN_POINT ( 'NONE',  ( 22.27639320225006600, 72.75334413794632800, 17.33584157923992200 ) ) ;
#313 = DIRECTION ( 'NONE',  ( 1.000000000000000000, 6.071532165918827900E-018, 5.551115123125788900E-017 ) ) ;
#314 = CARTESIAN_POINT ( 'NONE',  ( 0.4999999999881759000, 21.91510639674716600, 18.91510639674027400 ) ) ;
#315 = EDGE_CURVE ( 'NONE', #678, #8488, #6530, .T. ) ;
#316 = CARTESIAN_POINT ( 'NONE',  ( 1.000000000128238300, -5.803080985856061200, 6.217760564395645100 ) ) ;
#317 = EDGE_CURVE ( 'NONE', #1774, #6942, #4116, .T. ) ;
#318 = CARTESIAN_POINT ( 'NONE',  ( 0.0000000000000000000, 0.0000000000000000000, 4.750000000000000000 ) ) ;
#319 = ORIENTED_EDGE ( 'NONE', *, *, #2125, .T. ) ;
#320 = ORIENTED_EDGE ( 'NONE', *, *, #7785, .F. ) ;
#321 = CIRCLE ( 'NONE', #6184, 9.500000000000000000 ) ;
#322 = VECTOR ( 'NONE', #8814, 1000.000000000000000 ) ;
#323 = DIRECTION ( 'NONE',  ( 0.0000000000000000000, 0.0000000000000000000, 1.000000000000000000 ) ) ;
#324 = ADVANCED_FACE ( 'NONE', ( #4475 ), #8002, .F. ) ;
#325 = CARTESIAN_POINT ( 'NONE',  ( 8.999999999997104500, 2.116840630405970800, -6.462175795545711300 ) ) ;
#326 = EDGE_LOOP ( 'NONE', ( #4474, #7400 ) ) ;
#327 = EDGE_CURVE ( 'NONE', #1109, #2800, #4228, .T. ) ;
#328 = CARTESIAN_POINT ( 'NONE',  ( 1.000000000128238500, 8.380829974019771800, -1.418714265011744100 ) ) ;
#329 = CARTESIAN_POINT ( 'NONE',  ( 20.00000000000006000, 7.363005186016935400, -11.34542036385029600 ) ) ;
#330 = ORIENTED_EDGE ( 'NONE', *, *, #1423, .F. ) ;
#331 = CARTESIAN_POINT ( 'NONE',  ( 21.00000000000006000, 6.955858922834347700, 29.19073814255636300 ) ) ;
#332 = CARTESIAN_POINT ( 'NONE',  ( -2.168404344971008900E-016, 11.26017529102235000, 29.04288946980751600 ) ) ;
#333 = CIRCLE ( 'NONE', #8331, 1.000000000000000200 ) ;
#334 = ADVANCED_FACE ( 'NONE', ( #9044 ), #1832, .F. ) ;
#335 = CIRCLE ( 'NONE', #7438, 1.499999999999990900 ) ;
#336 = DIRECTION ( 'NONE',  ( 1.000000000000000000, 0.0000000000000000000, 0.0000000000000000000 ) ) ;
#337 = AXIS2_PLACEMENT_3D ( 'NONE', #238, #4134, #204 ) ;
#338 = DIRECTION ( 'NONE',  ( -1.000000000000000000, 0.0000000000000000000, 0.0000000000000000000 ) ) ;
#339 = CARTESIAN_POINT ( 'NONE',  ( 2.999999999999999100, 1.836970198721029700E-016, 0.0000000000000000000 ) ) ;
#340 = CARTESIAN_POINT ( 'NONE',  ( 1.282376982381094900E-010, -1.092875789857602900E-016, -9.992007221555231900E-016 ) ) ;
#341 = EDGE_CURVE ( 'NONE', #4128, #3680, #6178, .T. ) ;
#342 = CYLINDRICAL_SURFACE ( 'NONE', #457, 0.9999999999999991100 ) ;
#343 = CIRCLE ( 'NONE', #2058, 12.33490170336848400 ) ;
#344 = DIRECTION ( 'NONE',  ( 1.000000000000000000, 0.0000000000000000000, 0.0000000000000000000 ) ) ;
#345 = CARTESIAN_POINT ( 'NONE',  ( 6.399999999999979000, -18.91510639674090700, -18.91510639673938200 ) ) ;
#346 = EDGE_CURVE ( 'NONE', #2770, #5697, #1474, .T. ) ;
#347 = CIRCLE ( 'NONE', #2853, 1.249999999999787700 ) ;
#348 = DIRECTION ( 'NONE',  ( 0.0000000000000000000, 0.0000000000000000000, 1.000000000000000000 ) ) ;
#349 = ORIENTED_EDGE ( 'NONE', *, *, #9688, .F. ) ;
#350 = CARTESIAN_POINT ( 'NONE',  ( 19.40000000000003800, 28.95512464212293900, -15.83041049966085700 ) ) ;
#351 = CARTESIAN_POINT ( 'NONE',  ( 0.1999999999999987900, 0.0000000000000000000, 0.0000000000000000000 ) ) ;
#352 = CARTESIAN_POINT ( 'NONE',  ( 19.40000000000003400, 7.343841400193634100, -32.76686362516822000 ) ) ;
#353 = FACE_BOUND ( 'NONE', #2081, .T. ) ;
#354 = CARTESIAN_POINT ( 'NONE',  ( 1.000000000128238800, -8.137551414389147200, -2.482791695285608400 ) ) ;
#355 = AXIS2_PLACEMENT_3D ( 'NONE', #8546, #5562, #3930 ) ;
#356 = CARTESIAN_POINT ( 'NONE',  ( 8.999999999997104500, 5.225868010313727800, -4.350980707513935300 ) ) ;
#357 = VERTEX_POINT ( 'NONE', #5066 ) ;
#358 = FACE_OUTER_BOUND ( 'NONE', #6271, .T. ) ;
#359 = ORIENTED_EDGE ( 'NONE', *, *, #6361, .T. ) ;
#360 = CARTESIAN_POINT ( 'NONE',  ( 6.399999999999979000, -15.55634918610482300, -16.80634918610390100 ) ) ;
#361 = EDGE_CURVE ( 'NONE', #7518, #465, #9389, .T. ) ;
#362 = EDGE_CURVE ( 'NONE', #4170, #1112, #5574, .T. ) ;
#363 = AXIS2_PLACEMENT_3D ( 'NONE', #3669, #2016, #3631 ) ;
#364 = DIRECTION ( 'NONE',  ( 0.0000000000000000000, 0.0000000000000000000, -1.000000000000000000 ) ) ;
#365 = CARTESIAN_POINT ( 'NONE',  ( 21.00000000000006000, 18.56757856354191800, -23.58148895170624100 ) ) ;
#366 = DIRECTION ( 'NONE',  ( -1.000000000000000000, -6.071532165918827900E-018, -5.551115123125788900E-017 ) ) ;
#367 = DIRECTION ( 'NONE',  ( 1.000000000000000000, 0.0000000000000000000, 0.0000000000000000000 ) ) ;
#368 = EDGE_LOOP ( 'NONE', ( #8269, #7891, #5540, #4770 ) ) ;
#369 = CARTESIAN_POINT ( 'NONE',  ( -2.168404344971008900E-016, 16.65830011089324400, 26.32121519916789500 ) ) ;
#370 = ORIENTED_EDGE ( 'NONE', *, *, #7925, .T. ) ;
#371 = ORIENTED_EDGE ( 'NONE', *, *, #6779, .F. ) ;
#372 = AXIS2_PLACEMENT_3D ( 'NONE', #938, #2507, #1863 ) ;
#373 = CARTESIAN_POINT ( 'NONE',  ( 2.480624847486558900, -67.99999999999964500, 33.99999999999983700 ) ) ;
#374 = PLANE ( 'NONE',  #2239 ) ;
#375 = CARTESIAN_POINT ( 'NONE',  ( 1.282376982381094900E-010, 4.353422915655340400E-014, -6.250000000000000900 ) ) ;
#376 = ORIENTED_EDGE ( 'NONE', *, *, #1704, .T. ) ;
#377 = ORIENTED_EDGE ( 'NONE', *, *, #8620, .T. ) ;
#378 = ORIENTED_EDGE ( 'NONE', *, *, #609, .F. ) ;
#379 = ORIENTED_EDGE ( 'NONE', *, *, #6951, .F. ) ;
#380 = CC_DESIGN_PERSON_AND_ORGANIZATION_ASSIGNMENT ( #8625, #8605, ( #893 ) ) ;
#381 = ORIENTED_EDGE ( 'NONE', *, *, #5934, .T. ) ;
#382 = DIRECTION ( 'NONE',  ( 0.0000000000000000000, 1.000000000000000000, 0.0000000000000000000 ) ) ;
#383 = ADVANCED_FACE ( 'NONE', ( #1710 ), #6104, .F. ) ;
#384 = EDGE_CURVE ( 'NONE', #1103, #2052, #3513, .T. ) ;
#385 = ORIENTED_EDGE ( 'NONE', *, *, #6554, .T. ) ;
#386 = LINE ( 'NONE', #8604, #7534 ) ;
#387 = ADVANCED_FACE ( 'NONE', ( #8406 ), #5899, .T. ) ;
#388 = ORIENTED_EDGE ( 'NONE', *, *, #8479, .T. ) ;
#389 = CARTESIAN_POINT ( 'NONE',  ( 22.10231852694308700, 21.70864114951187300, -25.90099334197980200 ) ) ;
#390 = DIRECTION ( 'NONE',  ( -1.000000000000000000, -6.123233995736766000E-017, -0.0000000000000000000 ) ) ;
#391 = ORIENTED_EDGE ( 'NONE', *, *, #5079, .T. ) ;
#392 = CARTESIAN_POINT ( 'NONE',  ( 19.40000000000003400, 9.570659228227702500, -32.18690551033098800 ) ) ;
#393 = VERTEX_POINT ( 'NONE', #8256 ) ;
#394 = CARTESIAN_POINT ( 'NONE',  ( 1.000000000128239000, -7.928379597049124400, 3.064629149131596000 ) ) ;
#395 = CARTESIAN_POINT ( 'NONE',  ( 8.999999999997104500, 5.176642911563536000, -4.409424217358755400 ) ) ;
#396 = CARTESIAN_POINT ( 'NONE',  ( 19.00000000000000000, 15.55634918610326000, -15.55634918610396900 ) ) ;
#397 = FACE_OUTER_BOUND ( 'NONE', #9066, .T. ) ;
#398 = EDGE_CURVE ( 'NONE', #8476, #7203, #6941, .T. ) ;
#399 = ORIENTED_EDGE ( 'NONE', *, *, #8620, .F. ) ;
#400 = CARTESIAN_POINT ( 'NONE',  ( 27.30496494509936100, 5.042386180099899500E-017, 4.610181650377063500E-016 ) ) ;
#401 = CARTESIAN_POINT ( 'NONE',  ( 21.00000000000006000, 4.426443588306143300, -29.67361463506466300 ) ) ;
#402 = CARTESIAN_POINT ( 'NONE',  ( 6.500999999999997700, 10.60660171779823100, 10.60660171779819000 ) ) ;
#403 = DIRECTION ( 'NONE',  ( 0.0000000000000000000, 0.6423556150033357100, -0.7664067222263167800 ) ) ;
#404 = AXIS2_PLACEMENT_3D ( 'NONE', #8678, #302, #5758 ) ;
#405 = CARTESIAN_POINT ( 'NONE',  ( 21.00000000000006000, 27.24732554484485200, 12.61949978151136500 ) ) ;
#406 = CARTESIAN_POINT ( 'NONE',  ( -2.168404344971009900E-016, 26.03576097914147500, 17.10021191508910500 ) ) ;
#407 = LOCAL_TIME ( 11, 40, 0.0000000000000000000, #5495 ) ;
#408 = FACE_OUTER_BOUND ( 'NONE', #1739, .T. ) ;
#409 = EDGE_CURVE ( 'NONE', #2838, #6489, #1393, .T. ) ;
#410 = CARTESIAN_POINT ( 'NONE',  ( 1.899999999999999900, 0.0000000000000000000, 0.0000000000000000000 ) ) ;
#411 = ORIENTED_EDGE ( 'NONE', *, *, #8438, .F. ) ;
#412 = CARTESIAN_POINT ( 'NONE',  ( 19.00000000000000000, 0.0000000000000000000, 0.0000000000000000000 ) ) ;
#413 = CALENDAR_DATE ( 2025, 28, 7 ) ;
#414 = AXIS2_PLACEMENT_3D ( 'NONE', #9501, #9541, #8110 ) ;
#415 = ORIENTED_EDGE ( 'NONE', *, *, #4294, .F. ) ;
#416 = DIRECTION ( 'NONE',  ( -0.7071067811731494000, 0.7071067811999456300, 8.659560562519012200E-017 ) ) ;
#417 = CARTESIAN_POINT ( 'NONE',  ( -1.099999999866668500, -1.729813541151394000, 4.423870039718358300 ) ) ;
#418 = ORIENTED_EDGE ( 'NONE', *, *, #8784, .F. ) ;
#419 = CARTESIAN_POINT ( 'NONE',  ( 1.008925369861952000E-015, -15.91510639674015300, -18.91510639674014300 ) ) ;
#420 = CARTESIAN_POINT ( 'NONE',  ( 19.40000000000003800, -5.462083730123342000, -33.08317029522051900 ) ) ;
#421 = CARTESIAN_POINT ( 'NONE',  ( 1.000000000128238500, -4.711348703083206900, 7.075186736935935800 ) ) ;
#422 = CARTESIAN_POINT ( 'NONE',  ( 1.700000000000000400, -9.000000000000001800, 1.102182119232617900E-015 ) ) ;
#423 = CYLINDRICAL_SURFACE ( 'NONE', #2398, 1.250000000000001100 ) ;
#424 = CARTESIAN_POINT ( 'NONE',  ( 0.0000000000000000000, 6.249999999999999100, 6.446607438115323100E-014 ) ) ;
#425 = DIRECTION ( 'NONE',  ( 0.0000000000000000000, 0.0000000000000000000, 1.000000000000000000 ) ) ;
#426 = AXIS2_PLACEMENT_3D ( 'NONE', #1432, #7503, #8299 ) ;
#427 = ORIENTED_EDGE ( 'NONE', *, *, #1518, .T. ) ;
#428 = CARTESIAN_POINT ( 'NONE',  ( 20.00000000000005700, 0.0000000000000000000, -16.99999999999971900 ) ) ;
#429 = CARTESIAN_POINT ( 'NONE',  ( 21.00000000000006400, 11.05370416102629800, -27.89696454432034400 ) ) ;
#430 = CYLINDRICAL_SURFACE ( 'NONE', #2895, 1.250000000001236300 ) ;
#431 = DIRECTION ( 'NONE',  ( 1.000000000000000000, -0.0000000000000000000, -0.0000000000000000000 ) ) ;
#432 = CARTESIAN_POINT ( 'NONE',  ( 21.00000000000006000, 26.48591308842647200, -14.08913149479968000 ) ) ;
#433 = CARTESIAN_POINT ( 'NONE',  ( -2.168404344971009400E-016, 23.54611101277367500, -20.50548430698163900 ) ) ;
#434 = VECTOR ( 'NONE', #169, 1000.000000000000000 ) ;
#435 = ADVANCED_FACE ( 'NONE', ( #408 ), #9922, .F. ) ;
#436 = EDGE_LOOP ( 'NONE', ( #2951, #7041, #9403, #9195 ) ) ;
#437 = CARTESIAN_POINT ( 'NONE',  ( 20.00000000000006800, 8.988153773472561200, -10.08134288364865400 ) ) ;
#438 = DIRECTION ( 'NONE',  ( 0.0000000000000000000, 0.0000000000000000000, -1.000000000000000000 ) ) ;
#439 = DIRECTION ( 'NONE',  ( 1.000000000000000000, 0.0000000000000000000, 0.0000000000000000000 ) ) ;
#440 = CARTESIAN_POINT ( 'NONE',  ( 2.000000000128237900, -0.6991244524402843200, -6.965000000000007900 ) ) ;
#441 = CIRCLE ( 'NONE', #5090, 8.000000000000000000 ) ;
#442 = AXIS2_PLACEMENT_3D ( 'NONE', #9060, #542, #9747 ) ;
#443 = CARTESIAN_POINT ( 'NONE',  ( 6.400000000000037700, -31.70650154895296400, -9.427818365326922700 ) ) ;
#444 = FACE_OUTER_BOUND ( 'NONE', #256, .T. ) ;
#445 = ORIENTED_EDGE ( 'NONE', *, *, #9669, .F. ) ;
#446 = EDGE_LOOP ( 'NONE', ( #3852, #1473 ) ) ;
#447 = DIRECTION ( 'NONE',  ( 1.000000000000000000, 6.071532165918827900E-018, 5.551115123125788900E-017 ) ) ;
#448 = LINE ( 'NONE', #4479, #8441 ) ;
#449 = CARTESIAN_POINT ( 'NONE',  ( -1.099999999866668500, -1.765994670898391600, -4.409546397339048500 ) ) ;
#450 = CARTESIAN_POINT ( 'NONE',  ( 6.501000000000001200, -17.41510639674016000, -18.91510639674014300 ) ) ;
#451 = FACE_BOUND ( 'NONE', #9899, .T. ) ;
#452 = CARTESIAN_POINT ( 'NONE',  ( 19.40000000000003400, 25.12980010222023700, -22.19963095146957600 ) ) ;
#453 = EDGE_CURVE ( 'NONE', #7717, #8341, #4640, .T. ) ;
#454 = CARTESIAN_POINT ( 'NONE',  ( 1.000000000128238500, -1.783187936027465400, 8.311361685092650800 ) ) ;
#455 = CARTESIAN_POINT ( 'NONE',  ( 8.999999999997104500, 6.012270237467709500, 3.177737587956013700 ) ) ;
#456 = ORIENTED_EDGE ( 'NONE', *, *, #1170, .F. ) ;
#457 = AXIS2_PLACEMENT_3D ( 'NONE', #3915, #9318, #839 ) ;
#458 = AXIS2_PLACEMENT_3D ( 'NONE', #5314, #2970, #690 ) ;
#459 = ORIENTED_EDGE ( 'NONE', *, *, #5335, .T. ) ;
#460 = DIRECTION ( 'NONE',  ( -1.000000000000000000, -1.679403124341539000E-016, 1.865376329483171500E-017 ) ) ;
#461 = DIRECTION ( 'NONE',  ( -1.000000000000000000, -0.0000000000000000000, -0.0000000000000000000 ) ) ;
#462 = FACE_OUTER_BOUND ( 'NONE', #8206, .T. ) ;
#463 = VECTOR ( 'NONE', #5306, 1000.000000000000000 ) ;
#464 = LINE ( 'NONE', #8066, #6143 ) ;
#465 = VERTEX_POINT ( 'NONE', #5973 ) ;
#466 = EDGE_CURVE ( 'NONE', #3578, #5027, #9092, .T. ) ;
#467 = CARTESIAN_POINT ( 'NONE',  ( 21.00000000000006000, -11.09504300576362500, -27.90542395842989300 ) ) ;
#468 = CARTESIAN_POINT ( 'NONE',  ( 0.2191311905569937000, 3.891182206202769000E-015, 31.77391398819611700 ) ) ;
#469 = CARTESIAN_POINT ( 'NONE',  ( -1.999999999871762400, 4.353422915655340400E-014, -6.250000000000000900 ) ) ;
#470 = CARTESIAN_POINT ( 'NONE',  ( 21.00000000000005700, 29.53593954822645900, 5.300071625290041100 ) ) ;
#471 = CARTESIAN_POINT ( 'NONE',  ( -2.168404344971008900E-016, 27.92295119326592000, -13.87576178491646500 ) ) ;
#472 = CYLINDRICAL_SURFACE ( 'NONE', #2023, 1.000000000000000000 ) ;
#473 = FACE_BOUND ( 'NONE', #5367, .T. ) ;
#474 = CIRCLE ( 'NONE', #8220, 6.249999999999660700 ) ;
#475 = DIRECTION ( 'NONE',  ( -1.000000000000000000, -0.0000000000000000000, -0.0000000000000000000 ) ) ;
#476 = CARTESIAN_POINT ( 'NONE',  ( 24.00000000000006000, -9.635334225049955800, 12.74610083339482000 ) ) ;
#477 = AXIS2_PLACEMENT_3D ( 'NONE', #1418, #6076, #6806 ) ;
#479 = VERTEX_POINT ( 'NONE', #4276 ) ;
#478 = CARTESIAN_POINT ( 'NONE',  ( -1.099999999866668500, 1.765994670898261200, 4.409546397339049400 ) ) ;
#480 = CARTESIAN_POINT ( 'NONE',  ( 0.2000000000000004600, 28.33320560037803300, 6.799846752374168800 ) ) ;
#481 = CARTESIAN_POINT ( 'NONE',  ( -1.100000000000000100, 9.797174393178825700E-016, 8.000000000000000000 ) ) ;
#482 = CARTESIAN_POINT ( 'NONE',  ( 6.400000000000035900, -28.14734725583101800, -17.22683476567648200 ) ) ;
#483 = EDGE_CURVE ( 'NONE', #5830, #1931, #903, .T. ) ;
#484 = CARTESIAN_POINT ( 'NONE',  ( 1.000000000128238500, 4.353422915655340400E-014, -6.250000000000000900 ) ) ;
#485 = CIRCLE ( 'NONE', #6069, 1.249999999999999300 ) ;
#486 = CARTESIAN_POINT ( 'NONE',  ( 0.0000000000000000000, -18.91510639674024200, 20.16510639674069700 ) ) ;
#487 = ORIENTED_EDGE ( 'NONE', *, *, #9783, .F. ) ;
#488 = FACE_OUTER_BOUND ( 'NONE', #5828, .T. ) ;
#489 = DIRECTION ( 'NONE',  ( -1.000000000000000000, -0.0000000000000000000, -0.0000000000000000000 ) ) ;
#490 = CARTESIAN_POINT ( 'NONE',  ( 19.40000000000003800, 21.68590227213745800, 24.87642496728619800 ) ) ;
#491 = ORIENTED_EDGE ( 'NONE', *, *, #5535, .F. ) ;
#492 = ADVANCED_FACE ( 'NONE', ( #4041 ), #1264, .F. ) ;
#493 = CARTESIAN_POINT ( 'NONE',  ( -1.099999999866668700, -4.443751841985530900, -1.678102951178816600 ) ) ;
#494 = DIRECTION ( 'NONE',  ( 1.000000000000000000, -0.0000000000000000000, -0.0000000000000000000 ) ) ;
#495 = CARTESIAN_POINT ( 'NONE',  ( 0.1000000000000009100, 25.90000000000000200, -2.661168116285474200E-015 ) ) ;
#496 = DIRECTION ( 'NONE',  ( -1.000000000000000000, -0.0000000000000000000, -0.0000000000000000000 ) ) ;
#497 = AXIS2_PLACEMENT_3D ( 'NONE', #626, #1410, #7519 ) ;
#498 = CARTESIAN_POINT ( 'NONE',  ( 8.999999999997102800, 1.063751759715793500, 6.732604824617290300 ) ) ;
#499 = CARTESIAN_POINT ( 'NONE',  ( 21.00000000000006000, -16.86094788897901300, -14.13182353007332500 ) ) ;
#500 = ORIENTED_EDGE ( 'NONE', *, *, #3912, .F. ) ;
#501 = ORIENTED_EDGE ( 'NONE', *, *, #7260, .T. ) ;
#502 = EDGE_LOOP ( 'NONE', ( #8249, #7160, #6920, #7676 ) ) ;
#503 = EDGE_CURVE ( 'NONE', #5477, #3416, #8850, .T. ) ;
#504 = DIRECTION ( 'NONE',  ( 1.000000000000000000, 0.0000000000000000000, 0.0000000000000000000 ) ) ;
#505 = CARTESIAN_POINT ( 'NONE',  ( 1.000000000128238500, 2.018039557838099200, -8.259026333416308300 ) ) ;
#506 = CARTESIAN_POINT ( 'NONE',  ( -0.5999999999999926500, 0.0000000000000000000, -8.000000000000000000 ) ) ;
#507 = CARTESIAN_POINT ( 'NONE',  ( 1.500000000000029100, 0.0000000000000000000, 0.0000000000000000000 ) ) ;
#508 = CARTESIAN_POINT ( 'NONE',  ( 21.00000000000006000, 29.57879403628711400, -5.194880905848423300 ) ) ;
#509 = CARTESIAN_POINT ( 'NONE',  ( -2.168404344971008900E-016, 5.885151131667228700, -30.58833057110583600 ) ) ;
#510 = ORIENTED_EDGE ( 'NONE', *, *, #4098, .T. ) ;
#511 = ORIENTED_EDGE ( 'NONE', *, *, #623, .F. ) ;
#512 = AXIS2_PLACEMENT_3D ( 'NONE', #1698, #8624, #776 ) ;
#513 = VERTEX_POINT ( 'NONE', #6880 ) ;
#514 = EDGE_LOOP ( 'NONE', ( #8439, #9503, #3654, #6985 ) ) ;
#515 = DIRECTION ( 'NONE',  ( -1.000000000000000000, -0.0000000000000000000, -0.0000000000000000000 ) ) ;
#516 = DIRECTION ( 'NONE',  ( -1.000000000000000000, -0.0000000000000000000, -0.0000000000000000000 ) ) ;
#517 = CARTESIAN_POINT ( 'NONE',  ( 2.999999999999998200, 23.50000000000000000, -3.000000000000000000 ) ) ;
#518 = CARTESIAN_POINT ( 'NONE',  ( 0.2000000000000004800, 28.34666421781666700, 6.768200000697584400 ) ) ;
#519 = CARTESIAN_POINT ( 'NONE',  ( 6.400000000000036800, 19.95277980560293000, -26.32641004968383000 ) ) ;
#520 = SECURITY_CLASSIFICATION ( '', '', #257 ) ;
#521 = LINE ( 'NONE', #983, #2343 ) ;
#522 = DIRECTION ( 'NONE',  ( 1.000000000000000000, 0.0000000000000000000, 0.0000000000000000000 ) ) ;
#523 = EDGE_LOOP ( 'NONE', ( #8167, #5070, #7138, #757, #8883 ) ) ;
#524 = CARTESIAN_POINT ( 'NONE',  ( 19.40000000000003800, -21.97114098371386200, 24.64320010949007800 ) ) ;
#525 = EDGE_CURVE ( 'NONE', #4275, #7147, #156, .T. ) ;
#526 = CARTESIAN_POINT ( 'NONE',  ( 19.00000000000000000, -18.91510639674090700, -20.16510639674004300 ) ) ;
#527 = ORIENTED_EDGE ( 'NONE', *, *, #4384, .F. ) ;
#528 = EDGE_CURVE ( 'NONE', #1758, #9322, #6812, .T. ) ;
#529 = DIRECTION ( 'NONE',  ( 0.0000000000000000000, 0.0000000000000000000, -1.000000000000000000 ) ) ;
#530 = CARTESIAN_POINT ( 'NONE',  ( 19.40000000000003800, 32.80094720185307000, 3.619862512029907700 ) ) ;
#531 = DIRECTION ( 'NONE',  ( 1.000000000000000000, 6.123233995736766000E-017, 0.0000000000000000000 ) ) ;
#532 = CARTESIAN_POINT ( 'NONE',  ( 0.2127492268601957600, 29.79614962136623600, -5.000000000000000000 ) ) ;
#533 = CARTESIAN_POINT ( 'NONE',  ( 6.000000000000000000, -3.061616997868383000E-017, 0.0000000000000000000 ) ) ;
#534 = COORDINATED_UNIVERSAL_TIME_OFFSET ( 8, 0, .AHEAD. ) ;
#535 = LINE ( 'NONE', #7210, #7662 ) ;
#536 = CARTESIAN_POINT ( 'NONE',  ( 8.999999999997104500, 3.895917626211719700, 5.581004071009585000 ) ) ;
#537 = ORIENTED_EDGE ( 'NONE', *, *, #7583, .T. ) ;
#538 = CARTESIAN_POINT ( 'NONE',  ( -1.100000000000000100, 0.0000000000000000000, 0.0000000000000000000 ) ) ;
#539 = DIRECTION ( 'NONE',  ( 0.7071067811865487900, 0.0000000000000000000, -0.7071067811865463500 ) ) ;
#540 = PLANE ( 'NONE',  #3606 ) ;
#541 = CARTESIAN_POINT ( 'NONE',  ( 21.00000000000006000, -28.19354942700858800, -10.25821600450691800 ) ) ;
#542 = DIRECTION ( 'NONE',  ( 1.000000000000000000, 6.123233995736766000E-017, 0.0000000000000000000 ) ) ;
#543 = ORIENTED_EDGE ( 'NONE', *, *, #1358, .T. ) ;
#544 = DIRECTION ( 'NONE',  ( 0.0000000000000000000, 0.0000000000000000000, -1.000000000000000000 ) ) ;
#545 = AXIS2_PLACEMENT_3D ( 'NONE', #7408, #338, #7340 ) ;
#546 = CARTESIAN_POINT ( 'NONE',  ( 21.00000000000006400, 27.90542395845584200, -11.09504300572013200 ) ) ;
#547 = EDGE_CURVE ( 'NONE', #3249, #7268, #3087, .T. ) ;
#548 = CARTESIAN_POINT ( 'NONE',  ( 20.00000000000006000, 11.68509863675065900, -6.762399619779796600 ) ) ;
#549 = CIRCLE ( 'NONE', #4451, 9.000000000000001800 ) ;
#550 = DIRECTION ( 'NONE',  ( 0.0000000000000000000, 0.0000000000000000000, 1.000000000000000000 ) ) ;
#551 = CARTESIAN_POINT ( 'NONE',  ( 0.2000000000000007300, 25.40000000000000200, -4.748403685112363000 ) ) ;
#552 = ORIENTED_EDGE ( 'NONE', *, *, #8276, .F. ) ;
#553 = CARTESIAN_POINT ( 'NONE',  ( 6.400000000000038500, -6.949463432707257300, -32.27771842964298100 ) ) ;
#554 = CARTESIAN_POINT ( 'NONE',  ( 19.40000000000003400, -30.26853721213109700, 13.22909213003505400 ) ) ;
#555 = CARTESIAN_POINT ( 'NONE',  ( -1.099999999866668700, 4.063484528704504100, -2.465050495840114500 ) ) ;
#556 = EDGE_LOOP ( 'NONE', ( #3045, #2229, #9585, #5506 ) ) ;
#557 = DIRECTION ( 'NONE',  ( -5.551115123125788900E-017, 0.0000000000000000000, 1.000000000000000000 ) ) ;
#558 = AXIS2_PLACEMENT_3D ( 'NONE', #8168, #4290, #5761 ) ;
#559 = LINE ( 'NONE', #9912, #4178 ) ;
#560 = CARTESIAN_POINT ( 'NONE',  ( -2.168404344971009900E-016, -14.80619068785857800, 27.44093195714763300 ) ) ;
#561 = CARTESIAN_POINT ( 'NONE',  ( 19.40000000000003400, 30.40432608673073400, 12.90719904671864500 ) ) ;
#562 = CARTESIAN_POINT ( 'NONE',  ( 0.0000000000000000000, -18.91510639674024200, 17.66510639674110500 ) ) ;
#563 = DIRECTION ( 'NONE',  ( 1.000000000000000000, 1.679403124341539000E-016, -1.865376329483173100E-017 ) ) ;
#564 = CARTESIAN_POINT ( 'NONE',  ( 0.1500000000000011300, 24.40000000000000600, 0.7499999999999981100 ) ) ;
#565 = EDGE_CURVE ( 'NONE', #7272, #7771, #8165, .T. ) ;
#566 = CARTESIAN_POINT ( 'NONE',  ( 8.999999999997102800, 6.490823896606903200, -2.027949901091572000 ) ) ;
#567 = EDGE_CURVE ( 'NONE', #4651, #4486, #4760, .T. ) ;
#568 = VERTEX_POINT ( 'NONE', #8587 ) ;
#569 = CYLINDRICAL_SURFACE ( 'NONE', #2703, 1.250000000000001100 ) ;
#570 = CARTESIAN_POINT ( 'NONE',  ( 27.30496494509936100, 3.307984347532961900E-015, 26.60000000000002600 ) ) ;
#571 = CIRCLE ( 'NONE', #1160, 1.999999999999999100 ) ;
#572 = AXIS2_PLACEMENT_3D ( 'NONE', #5840, #5063, #1208 ) ;
#573 = PLANE ( 'NONE',  #6383 ) ;
#574 = CARTESIAN_POINT ( 'NONE',  ( 21.00000000000006000, -24.41371556446395600, -17.47721592813332600 ) ) ;
#575 = DIRECTION ( 'NONE',  ( 0.0000000000000000000, 0.0000000000000000000, -1.000000000000000000 ) ) ;
#576 = DIRECTION ( 'NONE',  ( -1.626303258728255200E-016, 1.000000000000000000, 0.0000000000000000000 ) ) ;
#577 = CARTESIAN_POINT ( 'NONE',  ( -2.168404344971008600E-016, 26.14358320443407600, -16.93491128780785000 ) ) ;
#578 = CYLINDRICAL_SURFACE ( 'NONE', #5667, 1.250000000000955200 ) ;
#579 = CIRCLE ( 'NONE', #8422, 1.000000000000000200 ) ;
#580 = CC_DESIGN_SECURITY_CLASSIFICATION ( #4395, ( #1236 ) ) ;
#581 = CARTESIAN_POINT ( 'NONE',  ( 20.00000000000006400, 11.85785532623567000, -6.453065162460992700 ) ) ;
#582 = CARTESIAN_POINT ( 'NONE',  ( 1.999999999999998200, 18.91510639674002500, 18.91510639674027400 ) ) ;
#583 = CARTESIAN_POINT ( 'NONE',  ( 0.2000000000000005100, 28.01174668256489800, 7.316732947448414000 ) ) ;
#584 = EDGE_LOOP ( 'NONE', ( #5918, #3062, #9284, #9139 ) ) ;
#585 = CARTESIAN_POINT ( 'NONE',  ( 6.400000000000038500, 12.62801842744886100, -30.50953113910254200 ) ) ;
#586 = VECTOR ( 'NONE', #5197, 1000.000000000000000 ) ;
#587 = CARTESIAN_POINT ( 'NONE',  ( 3.000000000000000400, -15.55634918610401500, 15.55634918610525100 ) ) ;
#588 = CARTESIAN_POINT ( 'NONE',  ( 19.40000000000003800, -25.40575266869916900, 21.06059554870872200 ) ) ;
#589 = DIRECTION ( 'NONE',  ( 0.0000000000000000000, -0.6423556150033360400, 0.7664067222263163400 ) ) ;
#590 = CIRCLE ( 'NONE', #5368, 33.44721359549987500 ) ;
#591 = DIRECTION ( 'NONE',  ( 0.0000000000000000000, 0.0000000000000000000, -1.000000000000000000 ) ) ;
#592 = VERTEX_POINT ( 'NONE', #801 ) ;
#593 = EDGE_LOOP ( 'NONE', ( #5819, #9742 ) ) ;
#594 = CARTESIAN_POINT ( 'NONE',  ( -2.168404344971008900E-016, -28.98537717948452300, 11.40713421897773800 ) ) ;
#595 = CARTESIAN_POINT ( 'NONE',  ( 19.40000000000002700, 7.389260922628843700, 32.24266897480949700 ) ) ;
#596 = CARTESIAN_POINT ( 'NONE',  ( 11.17070943148337400, -0.8284926070882472300, 5.689999999999894700 ) ) ;
#597 = CARTESIAN_POINT ( 'NONE',  ( 2.999999999999998700, 15.55634918610283400, -15.55634918610407700 ) ) ;
#598 = DIRECTION ( 'NONE',  ( -1.000000000000000000, 0.0000000000000000000, 0.0000000000000000000 ) ) ;
#599 = VECTOR ( 'NONE', #7922, 1000.000000000000000 ) ;
#600 = CIRCLE ( 'NONE', #289, 1.250000000000001100 ) ;
#601 = CARTESIAN_POINT ( 'NONE',  ( 8.999999999997106300, 2.081591793994551000, 6.473813739636887600 ) ) ;
#602 = FACE_OUTER_BOUND ( 'NONE', #5092, .T. ) ;
#603 = EDGE_CURVE ( 'NONE', #5372, #5399, #6580, .T. ) ;
#604 = VERTEX_POINT ( 'NONE', #7 ) ;
#605 = DIRECTION ( 'NONE',  ( -1.000000000000000000, -0.0000000000000000000, -0.0000000000000000000 ) ) ;
#606 = ORIENTED_EDGE ( 'NONE', *, *, #7205, .F. ) ;
#607 = CIRCLE ( 'NONE', #9776, 1.000000000000000000 ) ;
#608 = CARTESIAN_POINT ( 'NONE',  ( -2.168404344971008900E-016, -16.26878151433206600, -26.56551413198506500 ) ) ;
#609 = EDGE_CURVE ( 'NONE', #6527, #7908, #8616, .T. ) ;
#610 = CARTESIAN_POINT ( 'NONE',  ( 21.00000000000006400, -26.79305586598650300, 13.49996264036785100 ) ) ;
#611 = DIRECTION ( 'NONE',  ( -1.000000000000000000, -0.0000000000000000000, -0.0000000000000000000 ) ) ;
#613 = ORIENTED_EDGE ( 'NONE', *, *, #1880, .F. ) ;
#612 = CARTESIAN_POINT ( 'NONE',  ( 24.00000000000006000, 11.54999999999995100, 8.673617379884034500E-016 ) ) ;
#614 = DIRECTION ( 'NONE',  ( 0.0000000000000000000, 0.0000000000000000000, -1.000000000000000000 ) ) ;
#615 = FACE_OUTER_BOUND ( 'NONE', #9533, .T. ) ;
#616 = ORIENTED_EDGE ( 'NONE', *, *, #1123, .F. ) ;
#617 = CARTESIAN_POINT ( 'NONE',  ( 20.00000000000006400, 11.80521681783426400, 6.548862438988858300 ) ) ;
#618 = CARTESIAN_POINT ( 'NONE',  ( 20.00000000000005700, 0.0000000000000000000, 0.0000000000000000000 ) ) ;
#619 = AXIS2_PLACEMENT_3D ( 'NONE', #4507, #9177, #7615 ) ;
#620 = ORIENTED_EDGE ( 'NONE', *, *, #6759, .F. ) ;
#621 = VERTEX_POINT ( 'NONE', #835 ) ;
#622 = CARTESIAN_POINT ( 'NONE',  ( 6.400000000000037700, 4.912150553554870000, -32.63243429383143000 ) ) ;
#623 = EDGE_CURVE ( 'NONE', #1963, #6331, #668, .T. ) ;
#624 = ORIENTED_EDGE ( 'NONE', *, *, #5532, .T. ) ;
#625 = ORIENTED_EDGE ( 'NONE', *, *, #1421, .T. ) ;
#626 = CARTESIAN_POINT ( 'NONE',  ( 23.78885438199990400, 2.907568341821367900E-017, 2.658348198236691200E-016 ) ) ;
#627 = DIRECTION ( 'NONE',  ( -1.000000000000000000, -0.0000000000000000000, -0.0000000000000000000 ) ) ;
#628 = CARTESIAN_POINT ( 'NONE',  ( -1.099999999866668300, 3.884270907801657700, -2.735270641338015500 ) ) ;
#629 = B_SPLINE_CURVE_WITH_KNOTS ( 'NONE', 3,
 ( #1299, #437, #3657, #6820, #2109, #9867, #1332, #5280, #9900, #2893, #9068, #8993, #548, #5313, #6761, #4503, #581, #9033, #6017, #8270, #7572, #658, #6056, #7510, #1404, #4535, #8370, #2174, #3725, #5255, #8303, #9133, #2863, #6795, #689, #9100, #1438, #6096, #4425, #2207, #7611, #9794, #7471, #4397, #5216, #9827, #617, #2999, #8397, #5983, #3623, #3762, #1475, #6853, #1370, #9754, #2140, #5179, #5955, #2932, #6729, #8336, #3696, #4464, #7740, #4690, #7670, #4633, #6892, #3856, #9992, #4562, #1507, #8424, #7640, #844, #3797, #2242, #6929, #2272, #5375, #6988, #5406, #1537, #780, #2309, #1568, #6248, #7703, #2377, #7782, #4660, #9170, #3095, #6120, #8477, #3123, #52, #3064, #6189, #8454, #6956 ),
 .UNSPECIFIED., .F., .F.,
 ( 4, 1, 1, 1, 1, 2, 2, 1, 1, 1, 1, 2, 2, 1, 1, 1, 2, 2, 2, 1, 1, 1, 2, 2, 1, 1, 1, 1, 2, 2, 1, 1, 1, 1, 2, 2, 2, 1, 1, 1, 1, 2, 2, 1, 1, 1, 1, 2, 2, 1, 1, 1, 2, 2, 2, 1, 1, 1, 2, 2, 1, 1, 1, 1, 2, 2, 1, 1, 1, 1, 2, 2, 4 ),
 ( 0.0000000000000000000, 0.03124999999999996500, 0.04687499999999990300, 0.05468749999999991000, 0.05859374999999992400, 0.06054687499999992400, 0.06249999999999993100, 0.09375000000000144300, 0.1093750000000022900, 0.1171875000000026900, 0.1210937500000029100, 0.1230468750000030500, 0.1250000000000031900, 0.1562500000000045500, 0.1718750000000052500, 0.1796875000000056100, 0.1835937500000057500, 0.1875000000000058600, 0.2500000000000080500, 0.2812500000000091000, 0.2968750000000096600, 0.3046875000000099400, 0.3085937500000101000, 0.3125000000000102700, 0.3437500000000113200, 0.3593750000000118800, 0.3671875000000121600, 0.3710937500000123200, 0.3730468750000123800, 0.3750000000000123800, 0.4062500000000131000, 0.4218750000000133800, 0.4296875000000134900, 0.4335937500000135400, 0.4355468750000136000, 0.4375000000000136600, 0.5000000000000147700, 0.5312500000000154300, 0.5468750000000157700, 0.5546875000000157700, 0.5585937500000158800, 0.5605468750000158800, 0.5625000000000158800, 0.5937500000000157700, 0.6093750000000156500, 0.6171875000000155400, 0.6210937500000155400, 0.6230468750000155400, 0.6250000000000155400, 0.6562500000000141000, 0.6718750000000133200, 0.6796875000000129900, 0.6835937500000127700, 0.6875000000000125500, 0.7500000000000092100, 0.7812500000000076600, 0.7968750000000068800, 0.8046875000000064400, 0.8085937500000062200, 0.8125000000000060000, 0.8437500000000044400, 0.8593750000000035500, 0.8671875000000031100, 0.8710937500000028900, 0.8730468750000027800, 0.8750000000000026600, 0.9062500000000021100, 0.9218750000000018900, 0.9296875000000017800, 0.9335937500000016700, 0.9355468750000016700, 0.9375000000000016700, 1.000000000000000000 ),
 .UNSPECIFIED. ) ;
#630 = CARTESIAN_POINT ( 'NONE',  ( -2.168404344971008900E-016, -5.730087994399284800, 30.61765652907477900 ) ) ;
#631 = CARTESIAN_POINT ( 'NONE',  ( 19.40000000000003400, -3.761284301101902800, 32.78502433097812500 ) ) ;
#632 = ORIENTED_EDGE ( 'NONE', *, *, #1880, .T. ) ;
#633 = ORIENTED_EDGE ( 'NONE', *, *, #4740, .F. ) ;
#634 = EDGE_LOOP ( 'NONE', ( #3873, #6719, #2576, #7264 ) ) ;
#635 = EDGE_LOOP ( 'NONE', ( #3818, #3451, #1012, #1110 ) ) ;
#636 = CARTESIAN_POINT ( 'NONE',  ( 1.999999999999998200, 18.91510639674002500, 18.91510639674027400 ) ) ;
#637 = CARTESIAN_POINT ( 'NONE',  ( 2.999999999999998200, 17.41510639674021700, -18.91510639674008600 ) ) ;
#638 = EDGE_LOOP ( 'NONE', ( #8940, #9957 ) ) ;
#639 = CARTESIAN_POINT ( 'NONE',  ( 0.2000000000000019500, 19.50000000000001800, 7.999999999999996400 ) ) ;
#640 = ORIENTED_EDGE ( 'NONE', *, *, #5989, .T. ) ;
#641 = AXIS2_PLACEMENT_3D ( 'NONE', #9162, #3689, #2199 ) ;
#642 = PLANE ( 'NONE',  #9406 ) ;
#643 = DIRECTION ( 'NONE',  ( 1.000000000000000000, 6.071532165918827900E-018, 5.551115123125788900E-017 ) ) ;
#644 = VERTEX_POINT ( 'NONE', #1627 ) ;
#645 = CIRCLE ( 'NONE', #4371, 5.749999999999886300 ) ;
#646 = EDGE_LOOP ( 'NONE', ( #8090, #8381, #3767, #3588, #1907 ) ) ;
#647 = AXIS2_PLACEMENT_3D ( 'NONE', #6035, #4519, #8320 ) ;
#648 = ORIENTED_EDGE ( 'NONE', *, *, #6486, .F. ) ;
#649 = CARTESIAN_POINT ( 'NONE',  ( 2.999999999999998700, 15.55634918610283400, -15.55634918610407700 ) ) ;
#650 = CARTESIAN_POINT ( 'NONE',  ( 21.00000000000005700, -20.51646257613924400, -21.96457238935937500 ) ) ;
#651 = PLANE ( 'NONE',  #9528 ) ;
#652 = DIRECTION ( 'NONE',  ( 0.0000000000000000000, 0.0000000000000000000, 1.000000000000000000 ) ) ;
#653 = PLANE ( 'NONE',  #1887 ) ;
#654 = CARTESIAN_POINT ( 'NONE',  ( -2.168404344971008400E-016, 1.905417041722261600, -31.14921894064169500 ) ) ;
#655 = AXIS2_PLACEMENT_3D ( 'NONE', #6556, #4251, #9618 ) ;
#656 = LINE ( 'NONE', #3197, #8394 ) ;
#657 = EDGE_LOOP ( 'NONE', ( #4437, #2760 ) ) ;
#658 = CARTESIAN_POINT ( 'NONE',  ( 20.00000000000005700, 12.85212447681309000, -4.132357408950182000 ) ) ;
#659 = DIRECTION ( 'NONE',  ( -1.000000000000000000, 0.0000000000000000000, 0.0000000000000000000 ) ) ;
#660 = ORIENTED_EDGE ( 'NONE', *, *, #7163, .T. ) ;
#661 = DIRECTION ( 'NONE',  ( 1.000000000000000000, 0.0000000000000000000, 0.0000000000000000000 ) ) ;
#662 = DIRECTION ( 'NONE',  ( 0.0000000000000000000, 0.0000000000000000000, 1.000000000000000000 ) ) ;
#663 = CARTESIAN_POINT ( 'NONE',  ( 6.400000000000037700, 7.234226640918329600, -32.27780730640583300 ) ) ;
#664 = CARTESIAN_POINT ( 'NONE',  ( 1.500000000000029100, 30.88447255479534400, -6.196721311475410900 ) ) ;
#665 = CARTESIAN_POINT ( 'NONE',  ( 19.40000000000003800, -25.30492111652190300, 21.18178546555985900 ) ) ;
#666 = CARTESIAN_POINT ( 'NONE',  ( -1.099999999866668500, 1.897540504558791000, -4.357489552670591200 ) ) ;
#667 = APPROVAL_PERSON_ORGANIZATION ( #6811, #6094, #5408 ) ;
#668 = CIRCLE ( 'NONE', #3775, 1.249999999999787700 ) ;
#669 = EDGE_CURVE ( 'NONE', #209, #2568, #5129, .T. ) ;
#670 = EDGE_CURVE ( 'NONE', #1613, #1842, #772, .T. ) ;
#671 = ORIENTED_EDGE ( 'NONE', *, *, #2084, .T. ) ;
#672 = CARTESIAN_POINT ( 'NONE',  ( 19.40000000000003800, 19.31438902210603100, 27.37161942202398600 ) ) ;
#673 = CARTESIAN_POINT ( 'NONE',  ( 19.00000000000000000, 18.91510639674004300, 17.66510639674024900 ) ) ;
#674 = CARTESIAN_POINT ( 'NONE',  ( 1.000000000128238500, 0.0000000000000000000, 0.0000000000000000000 ) ) ;
#675 = COORDINATED_UNIVERSAL_TIME_OFFSET ( 8, 0, .AHEAD. ) ;
#676 = EDGE_CURVE ( 'NONE', #1692, #8689, #8407, .T. ) ;
#677 = CARTESIAN_POINT ( 'NONE',  ( 1.282368308763715000E-010, -1.092875789857602900E-016, 6.249999999999999100 ) ) ;
#678 = VERTEX_POINT ( 'NONE', #7872 ) ;
#679 = CARTESIAN_POINT ( 'NONE',  ( -2.168404344971009400E-016, -6.661179728855454800, -30.44542260681418700 ) ) ;
#680 = CARTESIAN_POINT ( 'NONE',  ( 21.00000000000005700, -21.81371482903065100, -20.67669305990412100 ) ) ;
#681 = DIRECTION ( 'NONE',  ( -1.000000000000000000, -0.0000000000000000000, -0.0000000000000000000 ) ) ;
#682 = CYLINDRICAL_SURFACE ( 'NONE', #9091, 3.750000000001903800 ) ;
#683 = DIRECTION ( 'NONE',  ( -1.000000000000000000, -0.0000000000000000000, -0.0000000000000000000 ) ) ;
#684 = AXIS2_PLACEMENT_3D ( 'NONE', #636, #2224, #8412 ) ;
#685 = CARTESIAN_POINT ( 'NONE',  ( 21.00000000000006000, 21.96445887410387600, -20.51660005042602100 ) ) ;
#686 = EDGE_CURVE ( 'NONE', #3308, #1851, #3323, .T. ) ;
#687 = EDGE_CURVE ( 'NONE', #9531, #8389, #9216, .T. ) ;
#688 = ORIENTED_EDGE ( 'NONE', *, *, #7549, .F. ) ;
#689 = CARTESIAN_POINT ( 'NONE',  ( 20.00000000000005700, 13.23676449735087800, 2.721252336293781500 ) ) ;
#690 = DIRECTION ( 'NONE',  ( 0.0000000000000000000, 0.0000000000000000000, 1.000000000000000000 ) ) ;
#691 = CARTESIAN_POINT ( 'NONE',  ( -1.100000000000000100, -1.092875789857602900E-016, 6.249999999999999100 ) ) ;
#692 = DIRECTION ( 'NONE',  ( 0.0000000000000000000, 0.0000000000000000000, 1.000000000000000000 ) ) ;
#693 = CYLINDRICAL_SURFACE ( 'NONE', #4984, 2.999999999999999100 ) ;
#694 = CARTESIAN_POINT ( 'NONE',  ( 2.000000000128237900, -6.250000000000000000, 0.9999999999999768000 ) ) ;
#695 = DIRECTION ( 'NONE',  ( 1.000000000000000000, 6.123233995736766000E-017, 0.0000000000000000000 ) ) ;
#696 = CYLINDRICAL_SURFACE ( 'NONE', #8101, 0.7500000000000006700 ) ;
#697 = CARTESIAN_POINT ( 'NONE',  ( 19.40000000000003800, 10.16805077646794200, -31.39457756176299700 ) ) ;
#698 = CARTESIAN_POINT ( 'NONE',  ( 1.200000000000000000, 19.50000000000000400, 5.999999999999992900 ) ) ;
#699 = CARTESIAN_POINT ( 'NONE',  ( 19.40000000000003400, 22.19963095152890600, 25.12980010217305300 ) ) ;
#700 = VECTOR ( 'NONE', #2705, 1000.000000000000000 ) ;
#701 = DIRECTION ( 'NONE',  ( 1.020425574104007600E-016, 0.0000000000000000000, -1.000000000000000000 ) ) ;
#702 = CIRCLE ( 'NONE', #9722, 1.250000000000002900 ) ;
#703 = EDGE_CURVE ( 'NONE', #2664, #1369, #2233, .T. ) ;
#704 = DIRECTION ( 'NONE',  ( -2.551063935260010300E-017, 1.000000000000000000, 0.0000000000000000000 ) ) ;
#705 = VERTEX_POINT ( 'NONE', #8651 ) ;
#706 = DIRECTION ( 'NONE',  ( 0.0000000000000000000, 0.0000000000000000000, -1.000000000000000000 ) ) ;
#707 = CIRCLE ( 'NONE', #9951, 28.50000000000000000 ) ;
#708 = AXIS2_PLACEMENT_3D ( 'NONE', #1685, #5601, #7144 ) ;
#709 = VECTOR ( 'NONE', #6068, 1000.000000000000000 ) ;
#710 = CARTESIAN_POINT ( 'NONE',  ( -2.168404344971008400E-016, -11.34836638812252100, -29.00843721135973800 ) ) ;
#711 = PLANE ( 'NONE',  #9756 ) ;
#712 = DIRECTION ( 'NONE',  ( 1.000000000000000000, 1.679403124341539000E-016, -1.865376329483173100E-017 ) ) ;
#713 = CARTESIAN_POINT ( 'NONE',  ( -1.099999999866669400, -1.092875789857602900E-016, 2.499999999999999100 ) ) ;
#714 = ORIENTED_EDGE ( 'NONE', *, *, #7492, .F. ) ;
#715 = ORIENTED_EDGE ( 'NONE', *, *, #3407, .T. ) ;
#716 = CIRCLE ( 'NONE', #8191, 1.249999999999796400 ) ;
#717 = CC_DESIGN_SECURITY_CLASSIFICATION ( #9169, ( #4534 ) ) ;
#718 = FACE_BOUND ( 'NONE', #4778, .T. ) ;
#719 = LINE ( 'NONE', #7655, #6987 ) ;
#720 = CARTESIAN_POINT ( 'NONE',  ( 1.192622389734054900E-015, -18.91510639674033800, 18.91510639673995400 ) ) ;
#721 = EDGE_CURVE ( 'NONE', #6089, #3260, #535, .T. ) ;
#722 = DIRECTION ( 'NONE',  ( 0.0000000000000000000, 0.0000000000000000000, -1.000000000000000000 ) ) ;
#723 = DIRECTION ( 'NONE',  ( -1.000000000000000000, -0.0000000000000000000, -0.0000000000000000000 ) ) ;
#724 = PLANE ( 'NONE',  #1413 ) ;
#725 = DIRECTION ( 'NONE',  ( 0.0000000000000000000, 0.0000000000000000000, -1.000000000000000000 ) ) ;
#726 = CARTESIAN_POINT ( 'NONE',  ( 21.00000000000006000, 0.0000000000000000000, 0.0000000000000000000 ) ) ;
#727 = CARTESIAN_POINT ( 'NONE',  ( 19.40000000000003100, -24.64326883197071900, -21.97108423430461600 ) ) ;
#728 = DIRECTION ( 'NONE',  ( 0.0000000000000000000, 0.0000000000000000000, 1.000000000000000000 ) ) ;
#729 = CYLINDRICAL_SURFACE ( 'NONE', #5396, 1.250000000000002900 ) ;
#730 = FACE_OUTER_BOUND ( 'NONE', #9282, .T. ) ;
#731 = LINE ( 'NONE', #3822, #2554 ) ;
#732 = VERTEX_POINT ( 'NONE', #3971 ) ;
#733 = CARTESIAN_POINT ( 'NONE',  ( 19.40000000000003400, 33.36519584608552700, 3.096849524391646300 ) ) ;
#734 = DIRECTION ( 'NONE',  ( -1.000000000000000000, -0.0000000000000000000, -0.0000000000000000000 ) ) ;
#735 = CARTESIAN_POINT ( 'NONE',  ( 2.480624847486558400, 4.163799117100980000E-015, 33.99999999999982900 ) ) ;
#736 = CARTESIAN_POINT ( 'NONE',  ( -0.5999999998493876800, -1.092875789857602900E-016, -8.673617379884035500E-016 ) ) ;
#737 = CONICAL_SURFACE ( 'NONE', #4691, 3.000000000007326600, 0.7853981633974481700 ) ;
#738 = CARTESIAN_POINT ( 'NONE',  ( 1.299999999997001800, -14.13182353007326400, 18.11094788897906200 ) ) ;
#739 = AXIS2_PLACEMENT_3D ( 'NONE', #7805, #4720, #873 ) ;
#740 = FACE_BOUND ( 'NONE', #3008, .T. ) ;
#741 = VERTEX_POINT ( 'NONE', #1004 ) ;
#742 = CARTESIAN_POINT ( 'NONE',  ( -2.168404344971008400E-016, -30.54618222958909600, -6.101923432644335700 ) ) ;
#743 = EDGE_CURVE ( 'NONE', #4026, #4295, #1757, .T. ) ;
#744 = CARTESIAN_POINT ( 'NONE',  ( 0.2000000000000022600, 17.60202637501865700, 6.632177997966893600 ) ) ;
#745 = DIRECTION ( 'NONE',  ( -0.7071067811865364700, 8.659560562355067200E-017, -0.7071067811865584500 ) ) ;
#746 = CARTESIAN_POINT ( 'NONE',  ( 6.400000000000036800, 32.64251647885375700, 4.844685506486667000 ) ) ;
#747 = ORIENTED_EDGE ( 'NONE', *, *, #9762, .F. ) ;
#748 = ORIENTED_EDGE ( 'NONE', *, *, #6220, .T. ) ;
#749 = ORIENTED_EDGE ( 'NONE', *, *, #7806, .T. ) ;
#750 = ORIENTED_EDGE ( 'NONE', *, *, #3465, .T. ) ;
#751 = DIRECTION ( 'NONE',  ( -1.000000000000000000, 0.0000000000000000000, 0.0000000000000000000 ) ) ;
#752 = AXIS2_PLACEMENT_3D ( 'NONE', #8840, #8867, #8102 ) ;
#753 = CARTESIAN_POINT ( 'NONE',  ( 1.376319409606157800E-015, -21.91510639674033800, 18.91510639673995400 ) ) ;
#754 =( NAMED_UNIT ( * ) PLANE_ANGLE_UNIT ( ) SI_UNIT ( $, .RADIAN. ) );
#755 = CARTESIAN_POINT ( 'NONE',  ( 6.400000000000036800, 25.93176369523948200, -20.42199582739128500 ) ) ;
#756 = CARTESIAN_POINT ( 'NONE',  ( 19.40000000000003400, -16.18348521618768700, 28.75927479704709100 ) ) ;
#757 = ORIENTED_EDGE ( 'NONE', *, *, #2301, .T. ) ;
#758 = CARTESIAN_POINT ( 'NONE',  ( 3.000000000000000000, -10.60660171779941200, -11.85660171779701200 ) ) ;
#759 = CARTESIAN_POINT ( 'NONE',  ( 19.40000000000003400, -16.12311001501538500, -28.79371058822032500 ) ) ;
#760 = CARTESIAN_POINT ( 'NONE',  ( 0.2000000000000016800, 19.50000000000001800, -8.000000000000003600 ) ) ;
#761 = EDGE_LOOP ( 'NONE', ( #5272, #2253, #8598, #2345 ) ) ;
#762 = VERTEX_POINT ( 'NONE', #4808 ) ;
#763 = EDGE_CURVE ( 'NONE', #1792, #1369, #4526, .T. ) ;
#764 = CARTESIAN_POINT ( 'NONE',  ( 19.40000000000003400, 33.45380717039348200, -1.758949158238924500 ) ) ;
#765 = CARTESIAN_POINT ( 'NONE',  ( 0.0000000000000000000, 0.0000000000000000000, 0.0000000000000000000 ) ) ;
#766 = CIRCLE ( 'NONE', #8695, 1.249999999999999300 ) ;
#767 = AXIS2_PLACEMENT_3D ( 'NONE', #3058, #6183, #18 ) ;
#768 = CARTESIAN_POINT ( 'NONE',  ( -1.033140896836400400, -0.3668874207807000800, -5.305805150781011100 ) ) ;
#769 = ORIENTED_EDGE ( 'NONE', *, *, #453, .F. ) ;
#770 = PERSON_AND_ORGANIZATION ( #6260, #2732 ) ;
#771 = PRODUCT_DEFINITION_FORMATION_WITH_SPECIFIED_SOURCE ( '任何', '', #893, .NOT_KNOWN. ) ;
#772 = CIRCLE ( 'NONE', #2744, 33.99999999999988600 ) ;
#773 = ORIENTED_EDGE ( 'NONE', *, *, #5462, .T. ) ;
#774 = CARTESIAN_POINT ( 'NONE',  ( -2.168404344971008900E-016, -30.77140088491107400, 4.847375564768293900 ) ) ;
#775 = CARTESIAN_POINT ( 'NONE',  ( 0.2000000000000020900, 19.00010050181400300, 7.953192200708284300 ) ) ;
#776 = DIRECTION ( 'NONE',  ( 0.0000000000000000000, 0.0000000000000000000, 1.000000000000000000 ) ) ;
#777 = ORIENTED_EDGE ( 'NONE', *, *, #3268, .T. ) ;
#778 = DIRECTION ( 'NONE',  ( 0.8290375725550407400, 6.848137993413668800E-017, 0.5591929034707483500 ) ) ;
#779 = DIRECTION ( 'NONE',  ( -1.000000000000000000, -0.0000000000000000000, -0.0000000000000000000 ) ) ;
#780 = CARTESIAN_POINT ( 'NONE',  ( 20.00000000000006000, -2.721252336312642000, 13.23676449734577600 ) ) ;
#781 = PERSON_AND_ORGANIZATION ( #6260, #2732 ) ;
#782 = CARTESIAN_POINT ( 'NONE',  ( 6.399999999999979000, 18.91510639673938200, -18.91510639674004000 ) ) ;
#783 = CALENDAR_DATE ( 2025, 28, 7 ) ;
#784 = DIRECTION ( 'NONE',  ( 1.000000000000000000, 0.0000000000000000000, 0.0000000000000000000 ) ) ;
#785 = VERTEX_POINT ( 'NONE', #208 ) ;
#786 = CARTESIAN_POINT ( 'NONE',  ( 6.400000000000038500, 22.78582833511255100, -23.87063643965014100 ) ) ;
#787 = CARTESIAN_POINT ( 'NONE',  ( 19.40000000000003400, -16.21429085876179600, 28.74191596040368800 ) ) ;
#788 = CARTESIAN_POINT ( 'NONE',  ( 19.40000000000003400, -14.73241396032365500, -29.54996355193445000 ) ) ;
#789 = CARTESIAN_POINT ( 'NONE',  ( 2.999999999999999600, -2.143131898507868500E-016, 0.0000000000000000000 ) ) ;
#790 = CARTESIAN_POINT ( 'NONE',  ( 27.30496494509936100, 5.042386180099899500E-017, 4.610181650377063500E-016 ) ) ;
#791 = AXIS2_PLACEMENT_3D ( 'NONE', #2110, #5116, #2040 ) ;
#792 = FACE_OUTER_BOUND ( 'NONE', #3159, .T. ) ;
#793 = CARTESIAN_POINT ( 'NONE',  ( 19.40000000000003800, 28.57382171739951500, 17.48784841234891700 ) ) ;
#794 = DIRECTION ( 'NONE',  ( 1.000000000000000000, 0.0000000000000000000, 0.0000000000000000000 ) ) ;
#795 = EDGE_LOOP ( 'NONE', ( #1612, #8257 ) ) ;
#796 = DIRECTION ( 'NONE',  ( -1.000000000000000000, -0.0000000000000000000, -0.0000000000000000000 ) ) ;
#797 = CARTESIAN_POINT ( 'NONE',  ( 23.50000000000006400, 11.04999999999995500, 8.432424876578450700E-016 ) ) ;
#798 = DIRECTION ( 'NONE',  ( 1.000000000000000000, 1.679403124341539000E-016, -1.865376329483173100E-017 ) ) ;
#799 = EDGE_CURVE ( 'NONE', #8488, #3833, #2980, .T. ) ;
#800 = LINE ( 'NONE', #7623, #1899 ) ;
#801 = CARTESIAN_POINT ( 'NONE',  ( 0.2000000000000008400, 26.65000000000000200, -3.998403685112363000 ) ) ;
#802 = ADVANCED_FACE ( 'NONE', ( #4396 ), #5854, .F. ) ;
#803 = CARTESIAN_POINT ( 'NONE',  ( -2.168404344971008900E-016, -30.45803142762489200, -6.534352418655170200 ) ) ;
#804 = VERTEX_POINT ( 'NONE', #6339 ) ;
#805 = AXIS2_PLACEMENT_3D ( 'NONE', #4602, #2210, #6933 ) ;
#806 = CARTESIAN_POINT ( 'NONE',  ( 0.0000000000000000000, 6.249999999999999100, 6.446607438115323100E-014 ) ) ;
#807 = FACE_OUTER_BOUND ( 'NONE', #1131, .T. ) ;
#808 = EDGE_CURVE ( 'NONE', #8816, #4295, #1016, .T. ) ;
#809 = CIRCLE ( 'NONE', #4263, 2.500000000000000000 ) ;
#810 = DIRECTION ( 'NONE',  ( 6.123233995736767300E-017, -1.000000000000000000, 0.0000000000000000000 ) ) ;
#811 = DIRECTION ( 'NONE',  ( 1.000000000000000000, 0.0000000000000000000, 0.0000000000000000000 ) ) ;
#812 = DIRECTION ( 'NONE',  ( -5.102127870520020600E-017, 1.000000000000000000, 0.0000000000000000000 ) ) ;
#813 = APPLICATION_CONTEXT ( 'configuration controlled 3d designs of mechanical parts and assemblies' ) ;
#814 = ORIENTED_EDGE ( 'NONE', *, *, #3978, .T. ) ;
#815 = DIRECTION ( 'NONE',  ( 0.0000000000000000000, 0.0000000000000000000, -1.000000000000000000 ) ) ;
#816 = CARTESIAN_POINT ( 'NONE',  ( -0.8363751622328333700, 5.476747355251125000, 0.6383020591404972000 ) ) ;
#817 = VECTOR ( 'NONE', #5282, 1000.000000000000000 ) ;
#818 = CARTESIAN_POINT ( 'NONE',  ( 20.00000000000006000, -13.48070918585634100, -0.7862396083245745100 ) ) ;
#819 = CARTESIAN_POINT ( 'NONE',  ( 19.40000000000003800, 3.619862512031492200, -32.80094720185252300 ) ) ;
#820 = DIRECTION ( 'NONE',  ( -1.626303258728255200E-016, 1.000000000000000000, 0.0000000000000000000 ) ) ;
#821 = LINE ( 'NONE', #7071, #5779 ) ;
#822 = AXIS2_PLACEMENT_3D ( 'NONE', #5187, #4433, #7479 ) ;
#823 = B_SPLINE_CURVE_WITH_KNOTS ( 'NONE', 3,
 ( #9399, #5728, #5762, #1126, #8169, #3530 ),
 .UNSPECIFIED., .F., .F.,
 ( 4, 2, 4 ),
 ( 1.425678351002576000E-015, 0.0005571810776120499400, 0.001114362155222674400 ),
 .UNSPECIFIED. ) ;
#824 = ORIENTED_EDGE ( 'NONE', *, *, #4749, .T. ) ;
#825 = CARTESIAN_POINT ( 'NONE',  ( 19.40000000000003100, 2.165491473038487800, 33.43043657028917400 ) ) ;
#826 = DIRECTION ( 'NONE',  ( 0.7071067811865536800, 0.7071067811865414700, 2.535308274346651200E-017 ) ) ;
#827 = VERTEX_POINT ( 'NONE', #4847 ) ;
#828 = CARTESIAN_POINT ( 'NONE',  ( 20.00000000000006000, -11.49610083339478300, -9.635334225049993200 ) ) ;
#829 = DIRECTION ( 'NONE',  ( 0.0000000000000000000, 0.0000000000000000000, 1.000000000000000000 ) ) ;
#830 = CYLINDRICAL_SURFACE ( 'NONE', #1909, 0.7500000000000006700 ) ;
#831 = EDGE_CURVE ( 'NONE', #9362, #7291, #8963, .T. ) ;
#832 = EDGE_CURVE ( 'NONE', #3112, #2356, #1992, .T. ) ;
#833 = CIRCLE ( 'NONE', #6595, 0.9999999999999995600 ) ;
#834 = AXIS2_PLACEMENT_3D ( 'NONE', #7868, #4006, #3368 ) ;
#835 = CARTESIAN_POINT ( 'NONE',  ( 0.5000000000450199900, -21.91510639670468700, -18.91510639674014300 ) ) ;
#836 = ADVANCED_FACE ( 'NONE', ( #5616, #9326, #3804, #3559, #8501, #5264 ), #242, .F. ) ;
#837 = CIRCLE ( 'NONE', #1784, 12.19999999999999900 ) ;
#838 = CIRCLE ( 'NONE', #497, 30.42229123600019500 ) ;
#839 = DIRECTION ( 'NONE',  ( 0.0000000000000000000, 0.0000000000000000000, -1.000000000000000000 ) ) ;
#840 = CARTESIAN_POINT ( 'NONE',  ( 0.2000000000000022600, 17.50000000000000000, 5.999999999999982200 ) ) ;
#841 = FACE_OUTER_BOUND ( 'NONE', #6087, .T. ) ;
#842 = CARTESIAN_POINT ( 'NONE',  ( -1.084202172485504400E-016, 28.50000000000000000, -5.999999999999996400 ) ) ;
#843 = CARTESIAN_POINT ( 'NONE',  ( 0.0000000000000000000, 0.0000000000000000000, 0.0000000000000000000 ) ) ;
#844 = CARTESIAN_POINT ( 'NONE',  ( 20.00000000000006000, 2.112213778096730700, 13.36620633910007600 ) ) ;
#845 = CYLINDRICAL_SURFACE ( 'NONE', #8288, 1.250000000000001100 ) ;
#846 = EDGE_CURVE ( 'NONE', #7309, #2327, #6693, .T. ) ;
#847 = EDGE_CURVE ( 'NONE', #479, #2031, #2846, .T. ) ;
#848 = DIRECTION ( 'NONE',  ( 0.0000000000000000000, 0.0000000000000000000, -1.000000000000000000 ) ) ;
#849 = DIRECTION ( 'NONE',  ( 1.000000000000000000, -0.0000000000000000000, -0.0000000000000000000 ) ) ;
#850 = CARTESIAN_POINT ( 'NONE',  ( -2.098205078161297500, 12.80587005673345900, -13.65763881671000500 ) ) ;
#851 = ORIENTED_EDGE ( 'NONE', *, *, #5193, .F. ) ;
#852 = CARTESIAN_POINT ( 'NONE',  ( 8.999999999997108100, -6.100876452832301800, -3.006832264071249900 ) ) ;
#853 = CYLINDRICAL_SURFACE ( 'NONE', #3201, 1.249999999999999300 ) ;
#854 = ORIENTED_EDGE ( 'NONE', *, *, #2595, .T. ) ;
#855 = CARTESIAN_POINT ( 'NONE',  ( 20.00000000000006000, -13.51416210593799000, 0.02456631437766182400 ) ) ;
#856 = DIRECTION ( 'NONE',  ( 1.000000000000000000, -0.0000000000000000000, -0.0000000000000000000 ) ) ;
#857 = DIRECTION ( 'NONE',  ( -1.000000000000000000, 0.0000000000000000000, 0.0000000000000000000 ) ) ;
#858 = ADVANCED_FACE ( 'NONE', ( #1517 ), #9438, .T. ) ;
#859 = CARTESIAN_POINT ( 'NONE',  ( 1.999999999999998200, 18.91510639674020700, -18.91510639674008600 ) ) ;
#860 = EDGE_CURVE ( 'NONE', #7630, #2417, #8729, .T. ) ;
#861 = CARTESIAN_POINT ( 'NONE',  ( 19.40000000000003400, -27.17497531262220500, 19.59092004407851900 ) ) ;
#862 = CARTESIAN_POINT ( 'NONE',  ( 19.40000000000003400, -5.009869791238584100, 32.63656857687951900 ) ) ;
#863 = ORIENTED_EDGE ( 'NONE', *, *, #1337, .T. ) ;
#864 = ORIENTED_EDGE ( 'NONE', *, *, #7823, .F. ) ;
#865 = ORIENTED_EDGE ( 'NONE', *, *, #2632, .T. ) ;
#866 = DIRECTION ( 'NONE',  ( -0.8290375725550416200, 6.848137993413652700E-017, -0.5591929034707471300 ) ) ;
#867 = AXIS2_PLACEMENT_3D ( 'NONE', #7876, #7944, #3244 ) ;
#868 = ORIENTED_EDGE ( 'NONE', *, *, #361, .F. ) ;
#869 = VERTEX_POINT ( 'NONE', #5123 ) ;
#870 = EDGE_CURVE ( 'NONE', #7130, #2583, #2604, .T. ) ;
#871 = ORIENTED_EDGE ( 'NONE', *, *, #525, .F. ) ;
#872 = VERTEX_POINT ( 'NONE', #8314 ) ;
#873 = DIRECTION ( 'NONE',  ( 0.0000000000000000000, 0.0000000000000000000, 1.000000000000000000 ) ) ;
#874 = EDGE_CURVE ( 'NONE', #5231, #7663, #6449, .T. ) ;
#875 = CARTESIAN_POINT ( 'NONE',  ( 23.78885438199990400, 19.54192959671149100, -23.31584850879730900 ) ) ;
#876 = DIRECTION ( 'NONE',  ( 0.0000000000000000000, 1.000000000000000000, 0.0000000000000000000 ) ) ;
#877 = CARTESIAN_POINT ( 'NONE',  ( 23.50000000000006400, 2.732189474663502600E-017, 2.498001805406642600E-016 ) ) ;
#878 = VERTEX_POINT ( 'NONE', #1240 ) ;
#879 = FACE_OUTER_BOUND ( 'NONE', #3844, .T. ) ;
#880 = ORIENTED_EDGE ( 'NONE', *, *, #9825, .F. ) ;
#881 = VERTEX_POINT ( 'NONE', #6738 ) ;
#882 = ORIENTED_EDGE ( 'NONE', *, *, #6081, .T. ) ;
#883 = AXIS2_PLACEMENT_3D ( 'NONE', #859, #8577, #9691 ) ;
#884 = DIRECTION ( 'NONE',  ( -1.626303258728255200E-016, 1.000000000000000000, 0.0000000000000000000 ) ) ;
#885 = DIRECTION ( 'NONE',  ( 1.000000000000000000, 0.0000000000000000000, 0.0000000000000000000 ) ) ;
#886 = CARTESIAN_POINT ( 'NONE',  ( 8.999999999997102800, -6.490823896606906700, 2.027949901091505400 ) ) ;
#887 = DIRECTION ( 'NONE',  ( -1.000000000000000000, -0.0000000000000000000, -0.0000000000000000000 ) ) ;
#888 = ADVANCED_FACE ( 'NONE', ( #2353 ), #1139, .T. ) ;
#889 = CARTESIAN_POINT ( 'NONE',  ( 24.00000000000006000, 3.213528608787811300E-015, 25.99999999999989000 ) ) ;
#890 = CARTESIAN_POINT ( 'NONE',  ( 0.0000000000000000000, -15.55634918610525300, -15.55634918610283700 ) ) ;
#891 = CIRCLE ( 'NONE', #5841, 1.000000000000001800 ) ;
#892 = EDGE_CURVE ( 'NONE', #741, #7361, #7423, .T. ) ;
#893 = PRODUCT ( 'GB6010', 'GB6010', '', ( #2380 ) ) ;
#894 = EDGE_CURVE ( 'NONE', #6386, #621, #5014, .T. ) ;
#895 = ORIENTED_EDGE ( 'NONE', *, *, #6129, .T. ) ;
#896 = CARTESIAN_POINT ( 'NONE',  ( 19.40000000000003100, 7.054755709760173400, 32.76677515621287300 ) ) ;
#897 = DIRECTION ( 'NONE',  ( 0.0000000000000000000, 0.0000000000000000000, 1.000000000000000000 ) ) ;
#898 = CARTESIAN_POINT ( 'NONE',  ( 2.000000000128237900, -6.250000000000000000, -1.000000000000022400 ) ) ;
#899 = CARTESIAN_POINT ( 'NONE',  ( 1.999999999999998200, 20.41510639674020000, -18.91510639674008600 ) ) ;
#900 = CARTESIAN_POINT ( 'NONE',  ( 11.17070943148337400, 1.054126880204225200E-015, 9.499999999999998200 ) ) ;
#901 = AXIS2_PLACEMENT_3D ( 'NONE', #2124, #2877, #3049 ) ;
#902 = DATE_AND_TIME ( #1516, #3206 ) ;
#903 = CIRCLE ( 'NONE', #2681, 1.000000000000000000 ) ;
#904 = ADVANCED_FACE ( 'NONE', ( #3795, #1253 ), #8974, .F. ) ;
#905 = DIRECTION ( 'NONE',  ( -1.000000000000000000, 0.0000000000000000000, 0.0000000000000000000 ) ) ;
#906 = ORIENTED_EDGE ( 'NONE', *, *, #5875, .T. ) ;
#907 = APPROVAL ( #9328, '未指定' ) ;
#908 = ADVANCED_FACE ( 'NONE', ( #5607 ), #9428, .T. ) ;
#909 = CARTESIAN_POINT ( 'NONE',  ( 1.892869739333573400, 0.0000000000000000000, -33.86608717416680700 ) ) ;
#910 = CARTESIAN_POINT ( 'NONE',  ( 20.00000000000006000, 6.071532165919128400E-018, 5.551115123126169700E-017 ) ) ;
#911 = EDGE_CURVE ( 'NONE', #7485, #8069, #2477, .T. ) ;
#912 = CARTESIAN_POINT ( 'NONE',  ( 6.400000000000033200, -16.80140911409454000, 28.40528955822723100 ) ) ;
#913 = VERTEX_POINT ( 'NONE', #486 ) ;
#914 = ORIENTED_EDGE ( 'NONE', *, *, #1785, .F. ) ;
#915 = CARTESIAN_POINT ( 'NONE',  ( 23.31307791393078300, 0.0000000000000000000, 0.0000000000000000000 ) ) ;
#916 = CARTESIAN_POINT ( 'NONE',  ( 0.0000000000000000000, 0.0000000000000000000, 0.0000000000000000000 ) ) ;
#917 = APPROVAL_STATUS ( 'not_yet_approved' ) ;
#918 = VECTOR ( 'NONE', #4581, 1000.000000000000000 ) ;
#919 = DIRECTION ( 'NONE',  ( 6.123233995736767300E-017, -1.000000000000000000, 0.0000000000000000000 ) ) ;
#920 = CARTESIAN_POINT ( 'NONE',  ( 20.00000000000005700, -12.82070918288567900, -4.228490981847651900 ) ) ;
#921 = CARTESIAN_POINT ( 'NONE',  ( 0.1000000000000009100, 25.90000000000000200, 3.644078711698373100 ) ) ;
#922 = CARTESIAN_POINT ( 'NONE',  ( 24.00000000000005700, -18.96738926836105000, 22.63035349707299200 ) ) ;
#923 = VERTEX_POINT ( 'NONE', #6671 ) ;
#924 = CARTESIAN_POINT ( 'NONE',  ( 21.00000000000006000, 2.204364238465201500E-015, 17.99999999999971900 ) ) ;
#925 = DIRECTION ( 'NONE',  ( 0.0000000000000000000, -1.000000000000000000, 0.0000000000000000000 ) ) ;
#926 = LINE ( 'NONE', #8873, #4905 ) ;
#927 = AXIS2_PLACEMENT_3D ( 'NONE', #4822, #8630, #2549 ) ;
#928 = DIRECTION ( 'NONE',  ( 1.000000000000000000, 6.071532165918827900E-018, 5.551115123125788900E-017 ) ) ;
#929 = FACE_OUTER_BOUND ( 'NONE', #556, .T. ) ;
#930 = DIRECTION ( 'NONE',  ( 0.0000000000000000000, 0.0000000000000000000, 1.000000000000000000 ) ) ;
#931 = EDGE_CURVE ( 'NONE', #3277, #5923, #9547, .T. ) ;
#932 = ORIENTED_EDGE ( 'NONE', *, *, #3478, .T. ) ;
#933 = DIRECTION ( 'NONE',  ( 0.0000000000000000000, 0.0000000000000000000, -1.000000000000000000 ) ) ;
#934 = VECTOR ( 'NONE', #2379, 1000.000000000000000 ) ;
#935 = ADVANCED_FACE ( 'NONE', ( #2967, #7793 ), #9697, .F. ) ;
#936 = CIRCLE ( 'NONE', #1505, 31.50000000000000700 ) ;
#937 = CARTESIAN_POINT ( 'NONE',  ( -1.999999999871762400, 6.964999999999993600, 0.6991244524404072200 ) ) ;
#938 = CARTESIAN_POINT ( 'NONE',  ( 0.0000000000000000000, 23.50000000000000000, -3.000000000000000000 ) ) ;
#939 = DIRECTION ( 'NONE',  ( 0.0000000000000000000, 0.0000000000000000000, 1.000000000000000000 ) ) ;
#940 = AXIS2_PLACEMENT_3D ( 'NONE', #8979, #4411, #2092 ) ;
#941 = CARTESIAN_POINT ( 'NONE',  ( 6.400000000000034100, 28.14734725583101100, 17.22683476567802400 ) ) ;
#942 = ORIENTED_EDGE ( 'NONE', *, *, #7682, .T. ) ;
#943 = ORIENTED_EDGE ( 'NONE', *, *, #5377, .F. ) ;
#944 = CYLINDRICAL_SURFACE ( 'NONE', #5727, 11.04999999999995500 ) ;
#945 = CONICAL_SURFACE ( 'NONE', #6727, 31.50000000000000700, 0.7853981633974482800 ) ;
#946 = CARTESIAN_POINT ( 'NONE',  ( 2.999999999999998700, 15.55634918610407200, 16.80634918610401500 ) ) ;
#947 = EDGE_LOOP ( 'NONE', ( #118, #5831 ) ) ;
#948 = ADVANCED_FACE ( 'NONE', ( #8608 ), #4153, .F. ) ;
#949 = CARTESIAN_POINT ( 'NONE',  ( 8.999999999997106300, -5.946378137044232100, -3.298683783268067300 ) ) ;
#950 = CARTESIAN_POINT ( 'NONE',  ( 1.000000000128238800, 1.512824100801085900, 8.364359669423917500 ) ) ;
#951 = CARTESIAN_POINT ( 'NONE',  ( 20.00000000000006000, -13.04409189338694100, -3.492161216133417200 ) ) ;
#952 = VERTEX_POINT ( 'NONE', #7552 ) ;
#953 = DIRECTION ( 'NONE',  ( 0.0000000000000000000, 0.0000000000000000000, -1.000000000000000000 ) ) ;
#954 = CARTESIAN_POINT ( 'NONE',  ( -1.084202172485504400E-015, 18.91510639674020700, -18.91510639674008600 ) ) ;
#955 = CIRCLE ( 'NONE', #984, 1.499999999999990900 ) ;
#956 = LINE ( 'NONE', #6702, #5434 ) ;
#957 = DIRECTION ( 'NONE',  ( 1.000000000000000000, 1.679403124341539000E-016, -1.865376329483173100E-017 ) ) ;
#958 = ADVANCED_FACE ( 'NONE', ( #3437 ), #6569, .F. ) ;
#959 = AXIS2_PLACEMENT_3D ( 'NONE', #1734, #5611, #7155 ) ;
#960 = DIRECTION ( 'NONE',  ( -1.000000000000000000, -0.0000000000000000000, -0.0000000000000000000 ) ) ;
#961 = CYLINDRICAL_SURFACE ( 'NONE', #3747, 0.9999999999999995600 ) ;
#962 = DIRECTION ( 'NONE',  ( 1.000000000000000000, -0.0000000000000000000, -0.0000000000000000000 ) ) ;
#963 = CARTESIAN_POINT ( 'NONE',  ( 6.399999999999979000, 18.91510639674004300, 17.66510639674024900 ) ) ;
#964 = CARTESIAN_POINT ( 'NONE',  ( -4.336808689942017700E-016, 3.814679127159694500E-015, 31.14921894064168100 ) ) ;
#965 = CARTESIAN_POINT ( 'NONE',  ( -1.099999999827110800, -5.249999999999995600, -0.09475699372919199600 ) ) ;
#966 = LINE ( 'NONE', #3153, #2550 ) ;
#967 = AXIS2_PLACEMENT_3D ( 'NONE', #4674, #6912, #6236 ) ;
#968 = CIRCLE ( 'NONE', #3420, 1.250000000000001100 ) ;
#969 = FACE_OUTER_BOUND ( 'NONE', #7414, .T. ) ;
#970 = ORIENTED_EDGE ( 'NONE', *, *, #3148, .T. ) ;
#971 = ORIENTED_EDGE ( 'NONE', *, *, #1615, .T. ) ;
#972 = AXIS2_PLACEMENT_3D ( 'NONE', #9979, #7625, #9942 ) ;
#973 = CARTESIAN_POINT ( 'NONE',  ( 21.00000000000006000, 0.0000000000000000000, 0.0000000000000000000 ) ) ;
#974 = CARTESIAN_POINT ( 'NONE',  ( 24.00000000000005700, 26.57105120926642200, 61.20487500091280000 ) ) ;
#975 = CARTESIAN_POINT ( 'NONE',  ( 19.40000000000003800, -28.38324162612296000, -17.79457310744280800 ) ) ;
#976 = CONICAL_SURFACE ( 'NONE', #5545, 17.99999999999980100, 0.7853981633974639300 ) ;
#977 = DIRECTION ( 'NONE',  ( -1.000000000000000000, -0.0000000000000000000, -0.0000000000000000000 ) ) ;
#978 = CARTESIAN_POINT ( 'NONE',  ( 6.400000000000035900, 19.02611480217097300, 26.96308758050181400 ) ) ;
#979 = ORIENTED_EDGE ( 'NONE', *, *, #9848, .F. ) ;
#980 = ORIENTED_EDGE ( 'NONE', *, *, #5876, .F. ) ;
#981 = ORIENTED_EDGE ( 'NONE', *, *, #2966, .F. ) ;
#982 = EDGE_CURVE ( 'NONE', #8496, #9, #2716, .T. ) ;
#983 = CARTESIAN_POINT ( 'NONE',  ( 1.299999999997001800, -14.13182353007326400, 15.61094788897905900 ) ) ;
#984 = AXIS2_PLACEMENT_3D ( 'NONE', #9055, #9815, #7533 ) ;
#985 = AXIS2_PLACEMENT_3D ( 'NONE', #5136, #5937, #4385 ) ;
#986 = CARTESIAN_POINT ( 'NONE',  ( 8.999999999997102800, -5.478483534406430900, -4.049502985204378000 ) ) ;
#987 = CARTESIAN_POINT ( 'NONE',  ( 1.000000000128238800, 7.619718477363207400, -3.786219645568163800 ) ) ;
#988 = ADVANCED_FACE ( 'NONE', ( #6327 ), #7412, .F. ) ;
#989 = DIRECTION ( 'NONE',  ( 0.0000000000000000000, 0.0000000000000000000, -1.000000000000000000 ) ) ;
#991 = EDGE_LOOP ( 'NONE', ( #1624, #9064, #3842, #9661, #4407, #4108, #1750, #3872, #2089 ) ) ;
#990 = CARTESIAN_POINT ( 'NONE',  ( -0.5999999998493876800, -1.092875789857602900E-016, -8.673617379884035500E-016 ) ) ;
#992 = CARTESIAN_POINT ( 'NONE',  ( 2.999999999999999100, 10.60660171779701100, -11.85660171779823300 ) ) ;
#993 = ORIENTED_EDGE ( 'NONE', *, *, #5003, .T. ) ;
#994 = ORIENTED_EDGE ( 'NONE', *, *, #1715, .F. ) ;
#995 = CARTESIAN_POINT ( 'NONE',  ( 8.999999999997104500, 4.368018182022543000, -5.211565711138789000 ) ) ;
#996 = EDGE_CURVE ( 'NONE', #4539, #393, #1629, .T. ) ;
#997 = DIRECTION ( 'NONE',  ( 0.6246950475544299500, 0.0000000000000000000, -0.7808688094430257200 ) ) ;
#998 = CARTESIAN_POINT ( 'NONE',  ( 0.2191311905569937000, -7.782364412405538000E-015, -31.77391398819611700 ) ) ;
#999 = DIRECTION ( 'NONE',  ( 1.000000000000000000, 0.0000000000000000000, 0.0000000000000000000 ) ) ;
#1000 = ORIENTED_EDGE ( 'NONE', *, *, #9306, .T. ) ;
#1001 = ORIENTED_EDGE ( 'NONE', *, *, #8643, .T. ) ;
#1002 = ORIENTED_EDGE ( 'NONE', *, *, #3110, .T. ) ;
#1003 = ADVANCED_FACE ( 'NONE', ( #3314 ), #8842, .F. ) ;
#1004 = CARTESIAN_POINT ( 'NONE',  ( 6.399999999999979000, -18.91510639674090700, -20.16510639674004300 ) ) ;
#1005 = AXIS2_PLACEMENT_3D ( 'NONE', #9561, #2761, #8199 ) ;
#1006 = EDGE_CURVE ( 'NONE', #7936, #7273, #656, .T. ) ;
#1007 = LINE ( 'NONE', #5681, #8951 ) ;
#1008 = ADVANCED_FACE ( 'NONE', ( #1746 ), #5364, .T. ) ;
#1009 = CARTESIAN_POINT ( 'NONE',  ( 2.480624847486558400, 0.0000000000000000000, -33.99999999999982900 ) ) ;
#1010 = CARTESIAN_POINT ( 'NONE',  ( 24.00000000000006000, -19.16773975851184300, 22.86939548388913200 ) ) ;
#1011 = CARTESIAN_POINT ( 'NONE',  ( 19.40000000000003400, -32.49560813533965800, 8.141656363223953400 ) ) ;
#1012 = ORIENTED_EDGE ( 'NONE', *, *, #4934, .F. ) ;
#1013 = CARTESIAN_POINT ( 'NONE',  ( 6.400000000000037700, 23.94276378802869900, 22.71019196451026900 ) ) ;
#1014 = DIRECTION ( 'NONE',  ( -7.228014483236694600E-017, 1.000000000000000000, 0.0000000000000000000 ) ) ;
#1015 = DATE_AND_TIME ( #5128, #7179 ) ;
#1016 = LINE ( 'NONE', #2569, #9675 ) ;
#1017 = AXIS2_PLACEMENT_3D ( 'NONE', #8972, #5121, #7580 ) ;
#1018 = CARTESIAN_POINT ( 'NONE',  ( 0.2000000000000011800, 24.40000000000000200, -3.998403685112363000 ) ) ;
#1019 = ORIENTED_EDGE ( 'NONE', *, *, #5215, .F. ) ;
#1020 = CARTESIAN_POINT ( 'NONE',  ( 8.999999999997106300, 0.7471898622155954700, -6.759063649465406200 ) ) ;
#1021 = CARTESIAN_POINT ( 'NONE',  ( 1.000000000128238500, 3.395722105694896500, 7.797549277625182500 ) ) ;
#1022 = CARTESIAN_POINT ( 'NONE',  ( 20.00000000000006400, -4.671192535504243200, -12.66978546818757100 ) ) ;
#1023 = EDGE_CURVE ( 'NONE', #1931, #5830, #7295, .T. ) ;
#1024 = CARTESIAN_POINT ( 'NONE',  ( 1.699756038043516400, 0.0000000000000000000, -33.62469504755424100 ) ) ;
#1025 = ORIENTED_EDGE ( 'NONE', *, *, #2334, .F. ) ;
#1026 = CARTESIAN_POINT ( 'NONE',  ( 6.399999999999979000, 0.0000000000000000000, 0.0000000000000000000 ) ) ;
#1027 = DIRECTION ( 'NONE',  ( -1.000000000000000000, -0.0000000000000000000, -0.0000000000000000000 ) ) ;
#1028 = AXIS2_PLACEMENT_3D ( 'NONE', #4167, #1272, #8938 ) ;
#1029 = CIRCLE ( 'NONE', #5636, 1.249999999999999300 ) ;
#1030 = ADVANCED_FACE ( 'NONE', ( #5006, #3678, #275, #4264, #3549, #6807, #9792, #1867, #7046, #1386, #5968, #7913, #8287, #1129 ), #2320, .T. ) ;
#1031 = EDGE_LOOP ( 'NONE', ( #3430, #2908 ) ) ;
#1032 = CARTESIAN_POINT ( 'NONE',  ( -1.099999999866668300, -2.115708037433189100, 4.258140175669412400 ) ) ;
#1033 = ORIENTED_EDGE ( 'NONE', *, *, #7214, .F. ) ;
#1034 = CARTESIAN_POINT ( 'NONE',  ( 19.40000000000003100, -28.34396866164981400, -17.85705378103996900 ) ) ;
#1035 = EDGE_CURVE ( 'NONE', #1842, #5833, #1506, .T. ) ;
#1036 = CARTESIAN_POINT ( 'NONE',  ( 1.000000000128238500, -8.331990669844824300, -1.682006765307875400 ) ) ;
#1037 = EDGE_CURVE ( 'NONE', #8829, #9304, #3198, .T. ) ;
#1038 = CARTESIAN_POINT ( 'NONE',  ( 6.400000000000035900, 1.899635688661176500, 32.94540037735780700 ) ) ;
#1039 = VECTOR ( 'NONE', #3211, 1000.000000000000000 ) ;
#1040 = DIRECTION ( 'NONE',  ( 1.000000000000000000, 0.0000000000000000000, 0.0000000000000000000 ) ) ;
#1041 = CARTESIAN_POINT ( 'NONE',  ( 0.2000000000000000100, 0.0000000000000000000, 0.0000000000000000000 ) ) ;
#1042 = DATE_TIME_ROLE ( 'classification_date' ) ;
#1043 = ORIENTED_EDGE ( 'NONE', *, *, #3355, .F. ) ;
#1044 = ADVANCED_FACE ( 'NONE', ( #397 ), #2227, .T. ) ;
#1045 = CARTESIAN_POINT ( 'NONE',  ( 1.000000000128238500, 1.408343819019456400E-015, -11.50000000000000200 ) ) ;
#1046 = CARTESIAN_POINT ( 'NONE',  ( 1.000000000128238500, 7.487979943523511000, 4.040512574548452000 ) ) ;
#1047 = DIRECTION ( 'NONE',  ( 1.000000000000000000, 1.679403124341539000E-016, -1.865376329483173100E-017 ) ) ;
#1048 = CIRCLE ( 'NONE', #2176, 25.99999999999989000 ) ;
#1049 = CARTESIAN_POINT ( 'NONE',  ( 20.00000000000006000, 2.721252336306706300, -13.23676449734640100 ) ) ;
#1050 = CARTESIAN_POINT ( 'NONE',  ( 21.00000000000006800, 9.669342716607531000, 28.41711298269715200 ) ) ;
#1051 = CARTESIAN_POINT ( 'NONE',  ( -1.099999999866668700, 4.463624599563828200, 1.625235834243268000 ) ) ;
#1052 = CONICAL_SURFACE ( 'NONE', #306, 33.62469504755424100, 0.8960553845713366000 ) ;
#1053 = EDGE_CURVE ( 'NONE', #4242, #8650, #9086, .T. ) ;
#1054 = ORIENTED_EDGE ( 'NONE', *, *, #7296, .T. ) ;
#1055 = DIRECTION ( 'NONE',  ( -1.000000000000000000, -0.0000000000000000000, -0.0000000000000000000 ) ) ;
#1056 = AXIS2_PLACEMENT_3D ( 'NONE', #5919, #9797, #8338 ) ;
#1057 = ORIENTED_EDGE ( 'NONE', *, *, #670, .T. ) ;
#1058 = CARTESIAN_POINT ( 'NONE',  ( 1.200000000000000000, 19.50000000000000400, -6.000000000000005300 ) ) ;
#1059 = DIRECTION ( 'NONE',  ( 0.0000000000000000000, 0.0000000000000000000, -1.000000000000000000 ) ) ;
#1060 = DIRECTION ( 'NONE',  ( 0.0000000000000000000, 0.0000000000000000000, 1.000000000000000000 ) ) ;
#1061 = FACE_OUTER_BOUND ( 'NONE', #8868, .T. ) ;
#1062 = CARTESIAN_POINT ( 'NONE',  ( 19.40000000000003800, 8.542840298834139600, 32.39289173671777200 ) ) ;
#1063 = LINE ( 'NONE', #5278, #9009 ) ;
#1064 = EDGE_CURVE ( 'NONE', #1397, #4497, #9272, .T. ) ;
#1065 = ORIENTED_EDGE ( 'NONE', *, *, #1897, .F. ) ;
#1066 = ORIENTED_EDGE ( 'NONE', *, *, #703, .F. ) ;
#1067 = CIRCLE ( 'NONE', #9821, 8.000000000000000000 ) ;
#1068 = CARTESIAN_POINT ( 'NONE',  ( -1.099999999866668300, -3.127109637711061200, 3.590352268656836100 ) ) ;
#1069 = CONICAL_SURFACE ( 'NONE', #1429, 11.85000853396763900, 0.7853981633974876900 ) ;
#1070 = CARTESIAN_POINT ( 'NONE',  ( 19.40000000000003100, -19.39755906330618600, -27.31287181252400500 ) ) ;
#1071 = CARTESIAN_POINT ( 'NONE',  ( 1.000000000128238300, -7.797549277625062600, 3.395722105695086100 ) ) ;
#1072 = AXIS2_PLACEMENT_3D ( 'NONE', #2514, #4055, #5647 ) ;
#1073 = CARTESIAN_POINT ( 'NONE',  ( 0.2000000000000019000, 19.46667702163212600, -3.998403685112363000 ) ) ;
#1074 = OPEN_SHELL ( 'NONE', ( #8593, #3239, #3440 ) ) ;
#1075 = CARTESIAN_POINT ( 'NONE',  ( 0.0000000000000000000, 15.55634918610283400, -14.30634918610284100 ) ) ;
#1076 = FACE_OUTER_BOUND ( 'NONE', #9638, .T. ) ;
#1077 = VECTOR ( 'NONE', #1238, 1000.000000000000000 ) ;
#1078 = EDGE_CURVE ( 'NONE', #4579, #6591, #5732, .T. ) ;
#1079 = EDGE_CURVE ( 'NONE', #4849, #6304, #8040, .T. ) ;
#1080 = CIRCLE ( 'NONE', #959, 0.8000000000000003800 ) ;
#1081 = EDGE_LOOP ( 'NONE', ( #6782, #8887 ) ) ;
#1082 = ORIENTED_EDGE ( 'NONE', *, *, #6647, .T. ) ;
#1083 = CARTESIAN_POINT ( 'NONE',  ( 0.0000000000000000000, 0.0000000000000000000, 0.0000000000000000000 ) ) ;
#1084 = CARTESIAN_POINT ( 'NONE',  ( 1.000000000128238800, 7.154571582959405000, -4.589923864103575100 ) ) ;
#1085 = CARTESIAN_POINT ( 'NONE',  ( 20.00000000000006000, 4.146071457860257300, -12.84760346284840100 ) ) ;
#1086 = CARTESIAN_POINT ( 'NONE',  ( -2.168404344971008600E-016, 16.93491128780891600, 26.14358320443366100 ) ) ;
#1087 = AXIS2_PLACEMENT_3D ( 'NONE', #5881, #7464, #7364 ) ;
#1088 = CARTESIAN_POINT ( 'NONE',  ( -1.099999999866668700, 4.061838708009055700, 2.463826740276610700 ) ) ;
#1089 = FACE_OUTER_BOUND ( 'NONE', #3388, .T. ) ;
#1090 = DIRECTION ( 'NONE',  ( 0.0000000000000000000, 0.0000000000000000000, 1.000000000000000000 ) ) ;
#1091 = VERTEX_POINT ( 'NONE', #7170 ) ;
#1092 = CARTESIAN_POINT ( 'NONE',  ( -1.084202172485504400E-016, 26.49999999999999300, -8.000000000000003600 ) ) ;
#1093 = FACE_BOUND ( 'NONE', #795, .T. ) ;
#1094 = DIRECTION ( 'NONE',  ( -1.000000000000000000, -1.084202172482923000E-016, 0.0000000000000000000 ) ) ;
#1095 = ORIENTED_EDGE ( 'NONE', *, *, #3454, .T. ) ;
#1096 = CARTESIAN_POINT ( 'NONE',  ( 19.40000000000003400, 8.975263828454526300, 32.27712862229959300 ) ) ;
#1097 = CC_DESIGN_PERSON_AND_ORGANIZATION_ASSIGNMENT ( #8415, #4664, ( #4768 ) ) ;
#1098 = DIRECTION ( 'NONE',  ( 0.0000000000000000000, 0.0000000000000000000, -1.000000000000000000 ) ) ;
#1099 = ADVANCED_FACE ( 'NONE', ( #7542 ), #4483, .T. ) ;
#1100 = EDGE_CURVE ( 'NONE', #3897, #9109, #5485, .T. ) ;
#1101 = ORIENTED_EDGE ( 'NONE', *, *, #4449, .T. ) ;
#1102 = VERTEX_POINT ( 'NONE', #6291 ) ;
#1103 = VERTEX_POINT ( 'NONE', #992 ) ;
#1104 = CARTESIAN_POINT ( 'NONE',  ( 0.5000000000450199900, -18.91510639674033800, 18.91510639673995400 ) ) ;
#1105 = DIRECTION ( 'NONE',  ( 1.000000000000000000, 6.071532165918827900E-018, 5.551115123125788900E-017 ) ) ;
#1106 = CARTESIAN_POINT ( 'NONE',  ( 1.000000000128238300, -7.619718477361851100, 3.786219645571681400 ) ) ;
#1107 = CARTESIAN_POINT ( 'NONE',  ( 6.400000000000035900, -22.53299652437671000, 24.11015247661738000 ) ) ;
#1108 = ORIENTED_EDGE ( 'NONE', *, *, #1468, .T. ) ;
#1109 = VERTEX_POINT ( 'NONE', #7096 ) ;
#1110 = ORIENTED_EDGE ( 'NONE', *, *, #1239, .F. ) ;
#1111 = CARTESIAN_POINT ( 'NONE',  ( 0.0000000000000000000, -18.91510639674090700, -18.91510639673938200 ) ) ;
#1112 = VERTEX_POINT ( 'NONE', #8707 ) ;
#1113 = AXIS2_PLACEMENT_3D ( 'NONE', #8915, #9679, #2815 ) ;
#1114 = CARTESIAN_POINT ( 'NONE',  ( 8.999999999997106300, -2.353002558698012300, -6.381773608174231800 ) ) ;
#1115 = CARTESIAN_POINT ( 'NONE',  ( 1.000000000128238500, 4.411019706536285100, -7.271562279048351800 ) ) ;
#1116 = CARTESIAN_POINT ( 'NONE',  ( 20.00000000000005700, 3.874383280461089400, -12.93300712821216400 ) ) ;
#1117 = CARTESIAN_POINT ( 'NONE',  ( 21.00000000000005300, 3.662887500470678200, 29.79356190427931800 ) ) ;
#1118 = DIRECTION ( 'NONE',  ( 0.0000000000000000000, 1.000000000000000000, 0.0000000000000000000 ) ) ;
#1119 = ORIENTED_EDGE ( 'NONE', *, *, #6749, .F. ) ;
#1120 = VECTOR ( 'NONE', #1377, 1000.000000000000200 ) ;
#1121 = EDGE_LOOP ( 'NONE', ( #3888, #5949 ) ) ;
#1122 = ORIENTED_EDGE ( 'NONE', *, *, #1468, .F. ) ;
#1123 = EDGE_CURVE ( 'NONE', #266, #2333, #9316, .T. ) ;
#1124 = CARTESIAN_POINT ( 'NONE',  ( 19.40000000000003800, -8.536719156946651000, 31.88548489067344200 ) ) ;
#1125 = DIRECTION ( 'NONE',  ( 6.123233995736767300E-017, -1.000000000000000000, 0.0000000000000000000 ) ) ;
#1126 = CARTESIAN_POINT ( 'NONE',  ( -0.8441823162686453700, 5.469408162263404100, -0.6455901762556179900 ) ) ;
#1127 = DIRECTION ( 'NONE',  ( -1.000000000000000000, -6.123233995736766000E-017, 0.0000000000000000000 ) ) ;
#1128 = CARTESIAN_POINT ( 'NONE',  ( 6.400000000000037700, -32.89941972891654800, 2.599612139322892800 ) ) ;
#1129 = FACE_BOUND ( 'NONE', #7300, .T. ) ;
#1130 = CARTESIAN_POINT ( 'NONE',  ( 3.000000000000000900, -18.91510639674033800, 18.91510639673995400 ) ) ;
#1131 = EDGE_LOOP ( 'NONE', ( #4545, #142 ) ) ;
#1132 = AXIS2_PLACEMENT_3D ( 'NONE', #1541, #3801, #6900 ) ;
#1133 = EDGE_CURVE ( 'NONE', #3491, #4117, #9914, .T. ) ;
#1134 = CARTESIAN_POINT ( 'NONE',  ( 19.40000000000003100, 31.54148933453805600, -9.702541434500389500 ) ) ;
#1135 = CARTESIAN_POINT ( 'NONE',  ( 0.1500000000000009100, 25.89999999999999900, 4.394078711698372600 ) ) ;
#1136 = DIRECTION ( 'NONE',  ( 0.0000000000000000000, 0.0000000000000000000, 1.000000000000000000 ) ) ;
#1137 = CARTESIAN_POINT ( 'NONE',  ( 19.40000000000003400, -2.638998193498989700, -33.39789608149183700 ) ) ;
#1138 = COORDINATED_UNIVERSAL_TIME_OFFSET ( 8, 0, .AHEAD. ) ;
#1139 = CYLINDRICAL_SURFACE ( 'NONE', #363, 33.99999999999982900 ) ;
#1140 = CARTESIAN_POINT ( 'NONE',  ( 1.000000000128238500, -6.511282033286467400, -5.477695403146065600 ) ) ;
#1141 = CARTESIAN_POINT ( 'NONE',  ( 8.999999999997104500, 5.383729108813481500, -4.159837921922003200 ) ) ;
#1142 = EDGE_LOOP ( 'NONE', ( #7003, #2277, #6140, #9415 ) ) ;
#1143 = DIRECTION ( 'NONE',  ( 0.0000000000000000000, 0.0000000000000000000, -1.000000000000000000 ) ) ;
#1144 = AXIS2_PLACEMENT_3D ( 'NONE', #2351, #9906, #6903 ) ;
#1145 = CIRCLE ( 'NONE', #3558, 12.33490170336848400 ) ;
#1146 = ADVANCED_FACE ( 'NONE', ( #5254 ), #8154, .F. ) ;
#1147 = CARTESIAN_POINT ( 'NONE',  ( 8.999999999997104500, 4.368018182022543000, -5.211565711138789000 ) ) ;
#1148 = CARTESIAN_POINT ( 'NONE',  ( 1.000000000128238800, 4.040512574545990900, -7.487979943524729600 ) ) ;
#1149 = DIRECTION ( 'NONE',  ( 0.0000000000000000000, 0.0000000000000000000, -1.000000000000000000 ) ) ;
#1150 = EDGE_LOOP ( 'NONE', ( #3496, #9166 ) ) ;
#1151 = DIRECTION ( 'NONE',  ( 1.000000000000000000, 3.642919299551294900E-017, 2.775557561562891400E-017 ) ) ;
#1152 = CARTESIAN_POINT ( 'NONE',  ( 21.00000000000005700, -9.484395564897894800, 28.46132834913245400 ) ) ;
#1153 = CARTESIAN_POINT ( 'NONE',  ( -2.168404344971009400E-016, 18.84475682967691100, 24.89526012688309100 ) ) ;
#1154 = EDGE_CURVE ( 'NONE', #8807, #6062, #4751, .T. ) ;
#1155 = VERTEX_POINT ( 'NONE', #164 ) ;
#1156 = VECTOR ( 'NONE', #8352, 1000.000000000000000 ) ;
#1157 = CARTESIAN_POINT ( 'NONE',  ( 6.399999999999979000, 15.55634918610396700, 15.55634918610412100 ) ) ;
#1158 = CARTESIAN_POINT ( 'NONE',  ( 0.1500000000000011000, 24.40000000000000900, -3.248403685112362500 ) ) ;
#1159 = CARTESIAN_POINT ( 'NONE',  ( 1.000000000000000000, 0.0000000000000000000, -31.14921894064166000 ) ) ;
#1160 = AXIS2_PLACEMENT_3D ( 'NONE', #6833, #9970, #1548 ) ;
#1161 = CARTESIAN_POINT ( 'NONE',  ( 6.400000000000035900, -32.01059907059722300, 8.020139023313719300 ) ) ;
#1162 = CARTESIAN_POINT ( 'NONE',  ( 23.78885438199990400, 3.915744707219619500E-015, -30.42229123600019500 ) ) ;
#1163 = ORIENTED_EDGE ( 'NONE', *, *, #5238, .T. ) ;
#1164 = FACE_OUTER_BOUND ( 'NONE', #8018, .T. ) ;
#1165 = LINE ( 'NONE', #1716, #434 ) ;
#1166 = CC_DESIGN_APPROVAL ( #9800, ( #520 ) ) ;
#1167 = CARTESIAN_POINT ( 'NONE',  ( 22.27639320225006300, 29.78333321937585200, 68.60418025790102100 ) ) ;
#1168 = CARTESIAN_POINT ( 'NONE',  ( 0.0000000000000000000, 3.765788907378110500E-015, 29.99999999999997900 ) ) ;
#1169 = CARTESIAN_POINT ( 'NONE',  ( 19.40000000000003400, 21.77492942395717500, -25.46918272071295800 ) ) ;
#1170 = EDGE_CURVE ( 'NONE', #1944, #9991, #6095, .T. ) ;
#1171 = CARTESIAN_POINT ( 'NONE',  ( 1.000000000128238500, -3.786219645571681000, -7.619718477361851100 ) ) ;
#1172 = EDGE_CURVE ( 'NONE', #1112, #4170, #5844, .T. ) ;
#1173 = CARTESIAN_POINT ( 'NONE',  ( 6.400000000000033200, -26.49447458098245900, 19.67670190513569800 ) ) ;
#1174 = ORIENTED_EDGE ( 'NONE', *, *, #6041, .F. ) ;
#1175 = FACE_OUTER_BOUND ( 'NONE', #4722, .T. ) ;
#1176 = CARTESIAN_POINT ( 'NONE',  ( -1.100000000000000100, -6.250000000000000000, -1.000000000000022400 ) ) ;
#1177 = LINE ( 'NONE', #6819, #5295 ) ;
#1178 = DIRECTION ( 'NONE',  ( 0.0000000000000000000, 0.0000000000000000000, 1.000000000000000000 ) ) ;
#1179 = DIRECTION ( 'NONE',  ( 0.0000000000000000000, -1.000000000000000000, 0.0000000000000000000 ) ) ;
#1180 = ORIENTED_EDGE ( 'NONE', *, *, #5912, .T. ) ;
#1181 = EDGE_CURVE ( 'NONE', #1442, #4994, #9146, .T. ) ;
#1182 = EDGE_LOOP ( 'NONE', ( #1243, #1244 ) ) ;
#1183 = CARTESIAN_POINT ( 'NONE',  ( 21.00000000000006000, -12.70689951181738000, -27.18450354442370600 ) ) ;
#1184 = DIRECTION ( 'NONE',  ( -1.000000000000000000, -6.123233995736766000E-017, -0.0000000000000000000 ) ) ;
#1185 = ORIENTED_EDGE ( 'NONE', *, *, #9173, .T. ) ;
#1186 = CARTESIAN_POINT ( 'NONE',  ( 21.00000000000006000, 20.51646257599440700, 21.96457238950300100 ) ) ;
#1187 = CARTESIAN_POINT ( 'NONE',  ( -2.168404344971009400E-016, 5.550887149315919100, 30.65065030497370900 ) ) ;
#1188 = LINE ( 'NONE', #136, #6975 ) ;
#1189 = CIRCLE ( 'NONE', #2602, 1.250000000000002900 ) ;
#1190 = ORIENTED_EDGE ( 'NONE', *, *, #9319, .T. ) ;
#1191 = CARTESIAN_POINT ( 'NONE',  ( 0.1500000000000010500, 24.40000000000000600, -4.748403685112363900 ) ) ;
#1192 = DIRECTION ( 'NONE',  ( 6.123233995736767300E-017, -1.000000000000000000, 0.0000000000000000000 ) ) ;
#1193 = CARTESIAN_POINT ( 'NONE',  ( -1.084202172485504400E-016, 19.50000000000001100, -8.000000000000007100 ) ) ;
#1194 = ORIENTED_EDGE ( 'NONE', *, *, #7447, .T. ) ;
#1195 = VERTEX_POINT ( 'NONE', #6521 ) ;
#1196 = FACE_OUTER_BOUND ( 'NONE', #9786, .T. ) ;
#1197 = VECTOR ( 'NONE', #5352, 1000.000000000000000 ) ;
#1198 = CARTESIAN_POINT ( 'NONE',  ( 0.0000000000000000000, 0.0000000000000000000, 0.0000000000000000000 ) ) ;
#1199 = EDGE_CURVE ( 'NONE', #872, #4788, #9666, .T. ) ;
#1200 = CYLINDRICAL_SURFACE ( 'NONE', #4903, 1.249999999999787700 ) ;
#1201 = VERTEX_POINT ( 'NONE', #6013 ) ;
#1202 = CARTESIAN_POINT ( 'NONE',  ( 19.40000000000003800, 28.56368247513449500, -16.53014958291667800 ) ) ;
#1203 = ADVANCED_FACE ( 'NONE', ( #4035 ), #3908, .T. ) ;
#1204 = CARTESIAN_POINT ( 'NONE',  ( 5.000000000128238800, 1.408343819019456400E-015, -11.50000000000000200 ) ) ;
#1205 = CARTESIAN_POINT ( 'NONE',  ( 19.40000000000003100, 1.130797072316875400, -33.51464577760562900 ) ) ;
#1206 = FACE_OUTER_BOUND ( 'NONE', #7099, .T. ) ;
#1207 = LINE ( 'NONE', #8804, #8909 ) ;
#1208 = DIRECTION ( 'NONE',  ( -1.626303258728255200E-016, 1.000000000000000000, 0.0000000000000000000 ) ) ;
#1209 = AXIS2_PLACEMENT_3D ( 'NONE', #9005, #489, #9767 ) ;
#1210 = CARTESIAN_POINT ( 'NONE',  ( 8.999999999997106300, 6.381773608173205000, -2.353002558700168800 ) ) ;
#1211 = FACE_OUTER_BOUND ( 'NONE', #9208, .T. ) ;
#1212 = ORIENTED_EDGE ( 'NONE', *, *, #982, .T. ) ;
#1213 = ORIENTED_EDGE ( 'NONE', *, *, #7284, .T. ) ;
#1214 = CARTESIAN_POINT ( 'NONE',  ( 1.449228556508142400, 30.90377981346196600, -5.833617322959456800 ) ) ;
#1215 = EDGE_CURVE ( 'NONE', #6167, #7148, #891, .T. ) ;
#1216 = CYLINDRICAL_SURFACE ( 'NONE', #3156, 9.000000000000001800 ) ;
#1217 = CARTESIAN_POINT ( 'NONE',  ( 1.299999999997001800, 11.49610083339485200, 9.635334225049913200 ) ) ;
#1218 = CARTESIAN_POINT ( 'NONE',  ( 1.000000000128238800, 1.783187936030484500, -8.311361685091728900 ) ) ;
#1219 = DIRECTION ( 'NONE',  ( 0.0000000000000000000, 0.0000000000000000000, 1.000000000000000000 ) ) ;
#1220 = DIRECTION ( 'NONE',  ( 0.0000000000000000000, 0.0000000000000000000, -1.000000000000000000 ) ) ;
#1221 = ORIENTED_EDGE ( 'NONE', *, *, #3613, .T. ) ;
#1223 = ORIENTED_EDGE ( 'NONE', *, *, #1215, .F. ) ;
#1222 = CARTESIAN_POINT ( 'NONE',  ( 21.00000000000006000, 28.43276540042670700, 9.569680391761494300 ) ) ;
#1224 = CARTESIAN_POINT ( 'NONE',  ( -2.168404344971008900E-016, 21.26568040600146100, -22.78599375889747200 ) ) ;
#1225 = EDGE_LOOP ( 'NONE', ( #8096, #3186 ) ) ;
#1226 = EDGE_LOOP ( 'NONE', ( #7034, #5344, #268, #5856 ) ) ;
#1227 = AXIS2_PLACEMENT_3D ( 'NONE', #7304, #8762, #9581 ) ;
#1228 = CARTESIAN_POINT ( 'NONE',  ( 0.1000000000000011300, 24.40000000000000200, 3.644078711698373500 ) ) ;
#1229 = CARTESIAN_POINT ( 'NONE',  ( 6.000000000000000000, -3.061616997868383000E-017, 5.000000000000000000 ) ) ;
#1230 = CARTESIAN_POINT ( 'NONE',  ( 19.40000000000003400, 30.48569849038048600, -13.88784315700641200 ) ) ;
#1231 = VERTEX_POINT ( 'NONE', #5226 ) ;
#1232 = VERTEX_POINT ( 'NONE', #2217 ) ;
#1233 = ORIENTED_EDGE ( 'NONE', *, *, #1748, .F. ) ;
#1234 = CARTESIAN_POINT ( 'NONE',  ( -0.5999999998560314700, 0.8284926070825883200, 5.689999999991521000 ) ) ;
#1235 = ORIENTED_EDGE ( 'NONE', *, *, #567, .F. ) ;
#1236 = PRODUCT_DEFINITION_FORMATION_WITH_SPECIFIED_SOURCE ( '任何', '', #4768, .NOT_KNOWN. ) ;
#1237 = ORIENTED_EDGE ( 'NONE', *, *, #8478, .F. ) ;
#1238 = DIRECTION ( 'NONE',  ( 1.000000000000000000, 0.0000000000000000000, 0.0000000000000000000 ) ) ;
#1239 = EDGE_CURVE ( 'NONE', #5237, #4235, #7656, .T. ) ;
#1240 = CARTESIAN_POINT ( 'NONE',  ( 1.000000000128238500, -6.965000000000006100, 0.6991244524403076300 ) ) ;
#1241 = CARTESIAN_POINT ( 'NONE',  ( 19.40000000000003100, 25.36545835038394300, -21.10910961166656100 ) ) ;
#1242 = EDGE_LOOP ( 'NONE', ( #4004, #8298, #8009, #7926 ) ) ;
#1243 = ORIENTED_EDGE ( 'NONE', *, *, #1359, .T. ) ;
#1244 = ORIENTED_EDGE ( 'NONE', *, *, #7258, .T. ) ;
#1245 = CARTESIAN_POINT ( 'NONE',  ( -1.099999999866668500, -3.787939934119851400, 2.867249597346889900 ) ) ;
#1246 = CARTESIAN_POINT ( 'NONE',  ( 1.000000000131194600, 1.451207502099228900E-015, 11.85000853396763900 ) ) ;
#1247 = ORIENTED_EDGE ( 'NONE', *, *, #8786, .F. ) ;
#1248 = CARTESIAN_POINT ( 'NONE',  ( 19.40000000000003800, 14.40407497469654400, -30.28418077764181900 ) ) ;
#1249 = ORIENTED_EDGE ( 'NONE', *, *, #7470, .T. ) ;
#1250 = CARTESIAN_POINT ( 'NONE',  ( 1.000000000128238800, -1.614434768015738300, 8.345343225972804600 ) ) ;
#1251 = CARTESIAN_POINT ( 'NONE',  ( 8.999999999997104500, 6.237058728159098600, -2.726219938696278400 ) ) ;
#1252 = DIRECTION ( 'NONE',  ( 1.000000000000000000, 6.071532165918827900E-018, 5.551115123125788900E-017 ) ) ;
#1253 = FACE_BOUND ( 'NONE', #7327, .T. ) ;
#1254 = ORIENTED_EDGE ( 'NONE', *, *, #7981, .F. ) ;
#1255 = ORIENTED_EDGE ( 'NONE', *, *, #6568, .T. ) ;
#1256 = CARTESIAN_POINT ( 'NONE',  ( 20.00000000000006000, -8.671800802545211800, 10.34649075005549400 ) ) ;
#1257 = CARTESIAN_POINT ( 'NONE',  ( 1.000000000128239000, 3.361156064152130100, -7.807809836554704400 ) ) ;
#1258 = DIRECTION ( 'NONE',  ( 1.000000000000000000, 0.0000000000000000000, 0.0000000000000000000 ) ) ;
#1259 = CARTESIAN_POINT ( 'NONE',  ( -1.100000000000000100, 3.061616997868383100E-016, 2.500000000000000000 ) ) ;
#1260 = AXIS2_PLACEMENT_3D ( 'NONE', #4447, #5500, #7014 ) ;
#1261 = CARTESIAN_POINT ( 'NONE',  ( 21.00000000000006800, 15.13986913020369200, 25.91778600862008400 ) ) ;
#1262 = CARTESIAN_POINT ( 'NONE',  ( -2.168404344971009400E-016, 24.89526012692244100, -18.84475682962370900 ) ) ;
#1263 = PERSON_AND_ORGANIZATION ( #6260, #2732 ) ;
#1264 = CYLINDRICAL_SURFACE ( 'NONE', #1707, 1.250000000000002900 ) ;
#1265 = EDGE_CURVE ( 'NONE', #4311, #8483, #7040, .T. ) ;
#1266 = CARTESIAN_POINT ( 'NONE',  ( 0.2000000000000018200, 19.96667702163212600, -3.998403685112363000 ) ) ;
#1267 = DIRECTION ( 'NONE',  ( 0.0000000000000000000, 0.0000000000000000000, 1.000000000000000000 ) ) ;
#1268 = ORIENTED_EDGE ( 'NONE', *, *, #9117, .F. ) ;
#1269 = DIRECTION ( 'NONE',  ( 1.000000000000000000, 0.0000000000000000000, 0.0000000000000000000 ) ) ;
#1270 = CARTESIAN_POINT ( 'NONE',  ( 1.200000000000000000, 28.50000000000000000, -5.999999999999989300 ) ) ;
#1271 = CARTESIAN_POINT ( 'NONE',  ( 6.400000000000034100, -31.01129835634667500, 11.36187364210265600 ) ) ;
#1272 = DIRECTION ( 'NONE',  ( 1.000000000000000000, 1.679403124341539000E-016, -1.865376329483173100E-017 ) ) ;
#1273 = CALENDAR_DATE ( 2025, 28, 7 ) ;
#1274 = AXIS2_PLACEMENT_3D ( 'NONE', #3266, #3960, #6330 ) ;
#1275 = VERTEX_POINT ( 'NONE', #7582 ) ;
#1276 = DIRECTION ( 'NONE',  ( 0.0000000000000000000, -0.0000000000000000000, 1.000000000000000000 ) ) ;
#1277 = CARTESIAN_POINT ( 'NONE',  ( 19.40000000000003400, 21.35072396118692200, 25.16297399992499400 ) ) ;
#1278 = CARTESIAN_POINT ( 'NONE',  ( -1.099999999866668500, -0.6041996316004358800, -4.749999999999859700 ) ) ;
#1279 = CARTESIAN_POINT ( 'NONE',  ( -1.267899192357607400E-015, 21.91510639674002200, 18.91510639674027400 ) ) ;
#1280 = DIRECTION ( 'NONE',  ( 0.0000000000000000000, 0.0000000000000000000, 1.000000000000000000 ) ) ;
#1281 = CARTESIAN_POINT ( 'NONE',  ( 2.999999999999998200, 18.91510639674002500, 18.91510639674027400 ) ) ;
#1282 = CARTESIAN_POINT ( 'NONE',  ( 8.999999999997106300, 0.01253001894192902700, 6.807135966460850600 ) ) ;
#1283 = EDGE_CURVE ( 'NONE', #9190, #8389, #5957, .T. ) ;
#1284 = CIRCLE ( 'NONE', #8418, 1.249999999999999300 ) ;
#1285 = CARTESIAN_POINT ( 'NONE',  ( 23.70000000000010600, 2.853620117981906700E-017, 2.609024107869183000E-016 ) ) ;
#1286 = ORIENTED_EDGE ( 'NONE', *, *, #1847, .F. ) ;
#1287 = CARTESIAN_POINT ( 'NONE',  ( 2.999999999999998200, 18.91510639674020700, -18.91510639674008600 ) ) ;
#1288 = AXIS2_PLACEMENT_3D ( 'NONE', #4019, #876, #1662 ) ;
#1289 = ORIENTED_EDGE ( 'NONE', *, *, #5561, .F. ) ;
#1290 = CARTESIAN_POINT ( 'NONE',  ( 0.1000000000000017000, 20.46667702163212600, -3.998403685112363000 ) ) ;
#1291 = DIRECTION ( 'NONE',  ( 0.0000000000000000000, 0.0000000000000000000, -1.000000000000000000 ) ) ;
#1292 = CARTESIAN_POINT ( 'NONE',  ( -4.336808689942017700E-016, 3.814679127159694500E-015, 31.14921894064168100 ) ) ;
#1293 = FACE_OUTER_BOUND ( 'NONE', #2100, .T. ) ;
#1294 = DIRECTION ( 'NONE',  ( 1.000000000000000000, 0.0000000000000000000, 0.0000000000000000000 ) ) ;
#1295 = CARTESIAN_POINT ( 'NONE',  ( 21.00000000000005300, 26.44106719029007000, -14.17289643886819000 ) ) ;
#1296 = CARTESIAN_POINT ( 'NONE',  ( -2.168404344971008900E-016, 30.63493706880023400, -5.636970309628051000 ) ) ;
#1297 = CC_DESIGN_PERSON_AND_ORGANIZATION_ASSIGNMENT ( #7307, #9385, ( #9716 ) ) ;
#1298 = VERTEX_POINT ( 'NONE', #2965 ) ;
#1299 = CARTESIAN_POINT ( 'NONE',  ( 20.00000000000006000, 8.671800802545213600, -10.34649075005549300 ) ) ;
#1300 = DIRECTION ( 'NONE',  ( -1.000000000000000000, -0.0000000000000000000, -0.0000000000000000000 ) ) ;
#1301 = DIRECTION ( 'NONE',  ( 1.000000000000000000, 0.0000000000000000000, 0.0000000000000000000 ) ) ;
#1302 = CARTESIAN_POINT ( 'NONE',  ( 0.2000000000000004600, 28.35372562721340400, 6.750957539182422800 ) ) ;
#1303 = VECTOR ( 'NONE', #3157, 1000.000000000000000 ) ;
#1304 = CARTESIAN_POINT ( 'NONE',  ( 0.0000000000000000000, 10.60660171779701100, -11.85660171779823300 ) ) ;
#1305 = CARTESIAN_POINT ( 'NONE',  ( 6.400000000000035900, 15.94201915076222800, -28.90392227661642400 ) ) ;
#1306 = LINE ( 'NONE', #9682, #9250 ) ;
#1307 = DIRECTION ( 'NONE',  ( 0.0000000000000000000, 0.0000000000000000000, 1.000000000000000000 ) ) ;
#1308 = CARTESIAN_POINT ( 'NONE',  ( 19.40000000000003100, -28.79371058820781600, 16.12311001503576300 ) ) ;
#1309 = VERTEX_POINT ( 'NONE', #8366 ) ;
#1310 = CARTESIAN_POINT ( 'NONE',  ( -2.168404344971008100E-016, -11.52701856134826600, 28.93791167482205800 ) ) ;
#1311 = CARTESIAN_POINT ( 'NONE',  ( 19.40000000000003800, 21.03777052666881900, 25.42465917331079700 ) ) ;
#1312 = FACE_OUTER_BOUND ( 'NONE', #309, .T. ) ;
#1313 = CARTESIAN_POINT ( 'NONE',  ( -1.099999999866668700, -3.796514326862167700, -2.873434326882163600 ) ) ;
#1314 = CARTESIAN_POINT ( 'NONE',  ( 1.376319409606157800E-015, -21.91510639674015000, -18.91510639674014300 ) ) ;
#1315 = CIRCLE ( 'NONE', #1755, 1.250000000000955200 ) ;
#1316 = CARTESIAN_POINT ( 'NONE',  ( 8.999999999997106300, -0.3959148961589564200, 6.790284991404019100 ) ) ;
#1317 = AXIS2_PLACEMENT_3D ( 'NONE', #424, #2097, #9741 ) ;
#1318 = EDGE_LOOP ( 'NONE', ( #132, #4037, #1893, #8743 ) ) ;
#1319 = DIRECTION ( 'NONE',  ( 1.000000000000000000, 6.071532165918827900E-018, 5.551115123125788900E-017 ) ) ;
#1320 = DIRECTION ( 'NONE',  ( -0.7071067811865197100, 8.659560562355273100E-017, -0.7071067811865753300 ) ) ;
#1321 = FACE_OUTER_BOUND ( 'NONE', #3152, .T. ) ;
#1322 = LINE ( 'NONE', #4582, #4329 ) ;
#1323 = CARTESIAN_POINT ( 'NONE',  ( 21.00000000000006000, 1.214306433183796700E-017, 1.110223024625196500E-016 ) ) ;
#1324 = EDGE_CURVE ( 'NONE', #3897, #1155, #8031, .T. ) ;
#1325 = CARTESIAN_POINT ( 'NONE',  ( 21.00000000000005700, -18.93730416351271400, -23.26768397323668900 ) ) ;
#1326 = CARTESIAN_POINT ( 'NONE',  ( 21.00000000000006800, 29.75850982343957400, 3.799398919590321700 ) ) ;
#1327 = CARTESIAN_POINT ( 'NONE',  ( -2.168404344971008600E-016, 11.52701856134844500, -28.93791167482208900 ) ) ;
#1328 = ORIENTED_EDGE ( 'NONE', *, *, #6572, .F. ) ;
#1329 = CIRCLE ( 'NONE', #8988, 9.000000000000001800 ) ;
#1330 = FACE_BOUND ( 'NONE', #638, .T. ) ;
#1331 = CIRCLE ( 'NONE', #372, 2.000000000000000900 ) ;
#1332 = CARTESIAN_POINT ( 'NONE',  ( 20.00000000000006400, 10.34370926050193000, -8.675155361366524400 ) ) ;
#1333 = CARTESIAN_POINT ( 'NONE',  ( 0.2000000000000004300, 27.26820000069773900, -7.846664217816491600 ) ) ;
#1335 = EDGE_LOOP ( 'NONE', ( #1254, #871, #5393, #9560, #8862 ) ) ;
#1334 = DIRECTION ( 'NONE',  ( 0.0000000000000000000, 0.0000000000000000000, -1.000000000000000000 ) ) ;
#1336 = CARTESIAN_POINT ( 'NONE',  ( 6.400000000000035900, -24.44129602330560800, -22.17576334247861800 ) ) ;
#1337 = EDGE_CURVE ( 'NONE', #6942, #7273, #6682, .T. ) ;
#1338 = CARTESIAN_POINT ( 'NONE',  ( 19.40000000000003400, -32.82414409816508500, -3.407720324041897600 ) ) ;
#1339 = CARTESIAN_POINT ( 'NONE',  ( -1.099999999866668500, 4.306699797924335500, -2.006578532134688500 ) ) ;
#1340 = LINE ( 'NONE', #8197, #3763 ) ;
#1341 = DIRECTION ( 'NONE',  ( 0.0000000000000000000, 0.0000000000000000000, 1.000000000000000000 ) ) ;
#1342 = B_SPLINE_CURVE_WITH_KNOTS ( 'NONE', 3,
 ( #4467, #2112, #8994, #7514, #9757, #9037, #9103, #5182, #9828, #8237, #583, #3699, #5150, #2934, #480, #518, #1302, #9070, #6698, #5258 ),
 .UNSPECIFIED., .F., .F.,
 ( 4, 1, 1, 1, 2, 2, 2, 1, 1, 1, 2, 2, 4 ),
 ( 0.0000000000000000000, 0.1249999999999965900, 0.1874999999999948900, 0.2187499999999954500, 0.2343749999999938100, 0.2499999999999922000, 0.4999999999999961100, 0.6249999999999988900, 0.6875000000000003300, 0.7187500000000013300, 0.7343750000000022200, 0.7500000000000031100, 1.000000000000000000 ),
 .UNSPECIFIED. ) ;
#1343 = EDGE_LOOP ( 'NONE', ( #9416, #2528 ) ) ;
#1344 = CIRCLE ( 'NONE', #2555, 2.999999999999999100 ) ;
#1345 = CARTESIAN_POINT ( 'NONE',  ( -2.168404344971009900E-016, -28.57479347300566300, 12.44442691133492400 ) ) ;
#1346 = CARTESIAN_POINT ( 'NONE',  ( 19.40000000000003400, 32.82414409816896500, 3.407720324038493200 ) ) ;
#1347 = ORIENTED_EDGE ( 'NONE', *, *, #528, .T. ) ;
#1348 = CARTESIAN_POINT ( 'NONE',  ( -1.099999999866668500, -4.507713161742354500, -1.501451518040351400 ) ) ;
#1349 = DIRECTION ( 'NONE',  ( 0.0000000000000000000, 0.0000000000000000000, -1.000000000000000000 ) ) ;
#1350 = DIRECTION ( 'NONE',  ( 1.000000000000000000, 6.071532165918827900E-018, 5.551115123125788900E-017 ) ) ;
#1351 = AXIS2_PLACEMENT_3D ( 'NONE', #587, #8278, #4403 ) ;
#1352 = CARTESIAN_POINT ( 'NONE',  ( 8.999999999997102800, -0.7471898622163324300, 6.759063649465263200 ) ) ;
#1353 = DIRECTION ( 'NONE',  ( 1.000000000000000000, 1.679403124341539000E-016, -1.865376329483173100E-017 ) ) ;
#1354 = ORIENTED_EDGE ( 'NONE', *, *, #6259, .T. ) ;
#1355 = ORIENTED_EDGE ( 'NONE', *, *, #4180, .T. ) ;
#1356 = ORIENTED_EDGE ( 'NONE', *, *, #409, .T. ) ;
#1357 = ORIENTED_EDGE ( 'NONE', *, *, #4975, .F. ) ;
#1358 = EDGE_CURVE ( 'NONE', #9566, #6009, #6799, .T. ) ;
#1359 = EDGE_CURVE ( 'NONE', #7794, #5711, #6705, .T. ) ;
#1360 = AXIS2_PLACEMENT_3D ( 'NONE', #1419, #3676, #9809 ) ;
#1361 = DIRECTION ( 'NONE',  ( -1.000000000000000000, -0.0000000000000000000, -0.0000000000000000000 ) ) ;
#1362 = CARTESIAN_POINT ( 'NONE',  ( 21.00000000000006000, -29.67361463506513200, -4.426443588304720400 ) ) ;
#1363 = DIRECTION ( 'NONE',  ( 0.0000000000000000000, 0.0000000000000000000, -1.000000000000000000 ) ) ;
#1364 = CARTESIAN_POINT ( 'NONE',  ( 21.38196601125016700, -30.27556620127601800, -69.73801037592133400 ) ) ;
#1365 = CARTESIAN_POINT ( 'NONE',  ( -2.168404344971008900E-016, 27.03863249258925400, -15.48175744254310400 ) ) ;
#1366 = ORIENTED_EDGE ( 'NONE', *, *, #8450, .T. ) ;
#1367 = AXIS2_PLACEMENT_3D ( 'NONE', #8549, #1618, #5490 ) ;
#1368 = EDGE_LOOP ( 'NONE', ( #3965, #9372, #3900, #4374, #9918, #6849, #2461, #3172 ) ) ;
#1369 = VERTEX_POINT ( 'NONE', #8766 ) ;
#1370 = CARTESIAN_POINT ( 'NONE',  ( 20.00000000000006400, 8.871562397092203500, 10.17666280629615400 ) ) ;
#1371 = CARTESIAN_POINT ( 'NONE',  ( 0.2000000000000003700, 27.29984675237443900, -7.833205600377672400 ) ) ;
#1372 = DIRECTION ( 'NONE',  ( 0.0000000000000000000, 0.0000000000000000000, -1.000000000000000000 ) ) ;
#1373 = CARTESIAN_POINT ( 'NONE',  ( 6.400000000000038500, -1.799481108447381000, -32.95091815669204700 ) ) ;
#1374 = CC_DESIGN_APPROVAL ( #7314, ( #3372 ) ) ;
#1375 = FACE_OUTER_BOUND ( 'NONE', #3544, .T. ) ;
#1376 = CARTESIAN_POINT ( 'NONE',  ( 19.40000000000003400, -27.08494314353302500, 18.90567994320633400 ) ) ;
#1377 = DIRECTION ( 'NONE',  ( 0.6246950475544299500, 9.562884880384059300E-017, 0.7808688094430257200 ) ) ;
#1378 = ORIENTED_EDGE ( 'NONE', *, *, #2902, .F. ) ;
#1379 = EDGE_CURVE ( 'NONE', #9637, #2401, #766, .T. ) ;
#1380 = EDGE_LOOP ( 'NONE', ( #1247, #3286, #3312, #3419 ) ) ;
#1381 = EDGE_CURVE ( 'NONE', #5082, #2451, #9781, .T. ) ;
#1382 = CARTESIAN_POINT ( 'NONE',  ( -2.168404344971009400E-016, -7.394747926906896800, 30.26631334797221100 ) ) ;
#1383 = CARTESIAN_POINT ( 'NONE',  ( 19.40000000000003800, 31.61397479981018000, 9.470904311477914600 ) ) ;
#1384 = DIRECTION ( 'NONE',  ( 1.000000000000000000, 1.679403124341539000E-016, -1.865376329483173100E-017 ) ) ;
#1385 = CARTESIAN_POINT ( 'NONE',  ( 1.299999999997001800, 9.635334225050032200, -12.74610083339475300 ) ) ;
#1386 = FACE_BOUND ( 'NONE', #1962, .T. ) ;
#1387 = ORIENTED_EDGE ( 'NONE', *, *, #5365, .F. ) ;
#1388 = DIRECTION ( 'NONE',  ( 0.8290375725550407400, 0.0000000000000000000, -0.5591929034707483500 ) ) ;
#1389 = ORIENTED_EDGE ( 'NONE', *, *, #3813, .F. ) ;
#1390 = EDGE_CURVE ( 'NONE', #4718, #5372, #8495, .T. ) ;
#1391 = DIRECTION ( 'NONE',  ( -1.000000000000000000, -0.0000000000000000000, -0.0000000000000000000 ) ) ;
#1392 = PERSON_AND_ORGANIZATION ( #6260, #2732 ) ;
#1393 = CIRCLE ( 'NONE', #7001, 1.249999999999999300 ) ;
#1394 = CARTESIAN_POINT ( 'NONE',  ( 0.0000000000000000000, 0.0000000000000000000, 0.0000000000000000000 ) ) ;
#1395 = CARTESIAN_POINT ( 'NONE',  ( 21.00000000000006000, -26.48591308842116700, 14.08913149480713800 ) ) ;
#1396 = DIRECTION ( 'NONE',  ( -1.000000000000000000, 0.0000000000000000000, 0.0000000000000000000 ) ) ;
#1397 = VERTEX_POINT ( 'NONE', #2597 ) ;
#1398 = CARTESIAN_POINT ( 'NONE',  ( 6.500000000000000900, 30.88447255479534100, -6.196721311475410100 ) ) ;
#1399 = AXIS2_PLACEMENT_3D ( 'NONE', #171, #5661, #5566 ) ;
#1400 = CARTESIAN_POINT ( 'NONE',  ( 21.00000000000006000, 23.15093643790548200, -19.07969951539053700 ) ) ;
#1401 = DIRECTION ( 'NONE',  ( 0.0000000000000000000, 0.0000000000000000000, -1.000000000000000000 ) ) ;
#1402 = EDGE_CURVE ( 'NONE', #4651, #4071, #7779, .T. ) ;
#1403 = EDGE_CURVE ( 'NONE', #2005, #3295, #140, .T. ) ;
#1404 = CARTESIAN_POINT ( 'NONE',  ( 20.00000000000006800, 13.19014236133572000, -3.023087716246653800 ) ) ;
#1405 = DIRECTION ( 'NONE',  ( 0.0000000000000000000, 0.0000000000000000000, -1.000000000000000000 ) ) ;
#1406 = CARTESIAN_POINT ( 'NONE',  ( 6.500999999999997700, -10.60660171779819200, 10.60660171779940900 ) ) ;
#1407 =( NAMED_UNIT ( * ) SI_UNIT ( $, .STERADIAN. ) SOLID_ANGLE_UNIT ( ) );
#1408 = VERTEX_POINT ( 'NONE', #8930 ) ;
#1409 = CARTESIAN_POINT ( 'NONE',  ( 6.400000000000038500, 17.59053071909567100, -27.92092425186007500 ) ) ;
#1410 = DIRECTION ( 'NONE',  ( 1.000000000000000000, 6.071532165918827900E-018, 5.551115123125788900E-017 ) ) ;
#1411 = CARTESIAN_POINT ( 'NONE',  ( 19.40000000000003400, -21.19773529511007500, 25.29142183346845500 ) ) ;
#1412 = CARTESIAN_POINT ( 'NONE',  ( -1.099999999866668500, 4.363160617774875400, -1.878345842506130800 ) ) ;
#1413 = AXIS2_PLACEMENT_3D ( 'NONE', #2382, #6227, #7644 ) ;
#1414 = B_SPLINE_CURVE_WITH_KNOTS ( 'NONE', 3,
 ( #3518, #365, #1939, #8824, #5783, #3455, #8087, #4217, #7329, #6589, #4312, #7432, #429, #7363, #5848, #2749, #2003, #6687, #8157, #2821, #2721, #8857, #401, #7396, #5106, #8884, #9579, #5906, #4280, #2067, #5010, #6656, #8223, #3484, #9617, #5038, #8187, #9652, #467, #1183, #8956, #2684, #2200, #5944, #2886, #3690, #8392, #4529, #7501, #9094, #8296, #1325, #6752, #9788, #6090, #650, #680, #3647, #574, #8328, #5172, #3615, #2856, #1469, #8986, #7463, #2134, #2103, #5978, #541, #4391, #9746, #8263, #6846, #2925, #6786, #5206, #3756, #1362, #2961, #9023, #4419, #6047, #9817, #9124, #7539, #6721, #5304, #6010, #9890, #9059, #6815, #4455, #1431, #4490, #5249, #610, #2167, #1395, #7564, #8363, #3719, #7601, #9859, #5276, #2994, #7666, #7696, #6884, #3820, #5400, #3117, #7633, #9163 ),
 .UNSPECIFIED., .F., .F.,
 ( 4, 1, 1, 1, 1, 1, 2, 2, 1, 1, 1, 1, 1, 2, 2, 1, 1, 1, 1, 2, 2, 2, 1, 1, 1, 1, 2, 2, 1, 1, 1, 1, 1, 2, 2, 1, 1, 1, 1, 1, 2, 2, 2, 1, 1, 1, 1, 1, 2, 2, 1, 1, 1, 1, 1, 2, 2, 1, 1, 1, 1, 2, 2, 2, 1, 1, 1, 1, 2, 2, 1, 1, 1, 1, 1, 2, 2, 1, 1, 1, 1, 1, 2, 2, 4 ),
 ( 0.0000000000000000000, 0.03124999999999844600, 0.04687499999999758500, 0.05468749999999715500, 0.05859374999999693300, 0.06054687499999685000, 0.06152343749999680800, 0.06249999999999676600, 0.09374999999999526800, 0.1093749999999945500, 0.1171874999999941600, 0.1210937499999939800, 0.1230468749999939100, 0.1240234374999938400, 0.1249999999999937500, 0.1562499999999917800, 0.1718749999999908100, 0.1796874999999903400, 0.1835937499999901200, 0.1855468749999900400, 0.1874999999999899200, 0.2499999999999864000, 0.2812499999999846200, 0.2968749999999837400, 0.3046874999999832900, 0.3085937499999830700, 0.3105468749999829600, 0.3124999999999828500, 0.3437499999999820100, 0.3593749999999816300, 0.3671874999999814600, 0.3710937499999814000, 0.3730468749999813500, 0.3740234374999813500, 0.3749999999999813500, 0.4062499999999811800, 0.4218749999999810200, 0.4296874999999809600, 0.4335937499999809600, 0.4355468749999810700, 0.4365234374999810700, 0.4374999999999810700, 0.4999999999999821300, 0.5312499999999826800, 0.5468749999999829000, 0.5546874999999829000, 0.5585937499999830100, 0.5605468749999830100, 0.5615234374999830100, 0.5624999999999831200, 0.5937499999999841200, 0.6093749999999846800, 0.6171874999999849000, 0.6210937499999851200, 0.6230468749999852300, 0.6240234374999852300, 0.6249999999999853500, 0.6562499999999872300, 0.6718749999999881200, 0.6796874999999885600, 0.6835937499999889000, 0.6855468749999890100, 0.6874999999999891200, 0.7499999999999932300, 0.7812499999999953400, 0.7968749999999963400, 0.8046874999999967800, 0.8085937499999971100, 0.8105468749999972200, 0.8124999999999973400, 0.8437499999999995600, 0.8593750000000006700, 0.8671875000000012200, 0.8710937500000015500, 0.8730468750000016700, 0.8740234375000016700, 0.8750000000000017800, 0.9062500000000010000, 0.9218750000000005600, 0.9296875000000003300, 0.9335937500000003300, 0.9355468750000002200, 0.9365234375000001100, 0.9375000000000001100, 1.000000000000000000 ),
 .UNSPECIFIED. ) ;
#1415 = CIRCLE ( 'NONE', #834, 1.249999999999690700 ) ;
#1416 = CARTESIAN_POINT ( 'NONE',  ( -2.168404344971008600E-016, -3.794752694628857400, 30.97587736253321100 ) ) ;
#1417 = CARTESIAN_POINT ( 'NONE',  ( 19.40000000000003400, 33.03461128932724500, -0.05959732400121380000 ) ) ;
#1418 = CARTESIAN_POINT ( 'NONE',  ( -1.100000000000000100, 0.0000000000000000000, 0.0000000000000000000 ) ) ;
#1419 = CARTESIAN_POINT ( 'NONE',  ( -1.100000000000000100, -6.250000000000000000, -2.282095908992510600E-014 ) ) ;
#1420 = CARTESIAN_POINT ( 'NONE',  ( 23.78885438199990400, 4.865474468470185800E-018, 30.42229123600019500 ) ) ;
#1421 = EDGE_CURVE ( 'NONE', #6, #4810, #645, .T. ) ;
#1422 = CARTESIAN_POINT ( 'NONE',  ( 8.999999999997102800, -4.049117024956848900, 5.478849312562781300 ) ) ;
#1423 = EDGE_CURVE ( 'NONE', #9079, #1853, #4255, .T. ) ;
#1424 = ORIENTED_EDGE ( 'NONE', *, *, #1379, .T. ) ;
#1425 = AXIS2_PLACEMENT_3D ( 'NONE', #7446, #8244, #6704 ) ;
#1426 = CYLINDRICAL_SURFACE ( 'NONE', #9380, 1.000000000000000200 ) ;
#1427 = DIRECTION ( 'NONE',  ( 0.0000000000000000000, 0.0000000000000000000, -1.000000000000000000 ) ) ;
#1428 = CYLINDRICAL_SURFACE ( 'NONE', #6532, 0.9999999999999991100 ) ;
#1429 = AXIS2_PLACEMENT_3D ( 'NONE', #4380, #598, #5163 ) ;
#1430 = CARTESIAN_POINT ( 'NONE',  ( 0.0000000000000000000, 4.353422915655340400E-014, -7.250000000000000000 ) ) ;
#1431 = CARTESIAN_POINT ( 'NONE',  ( 21.00000000000006400, -28.41711298267778200, 9.669342716638734500 ) ) ;
#1432 = CARTESIAN_POINT ( 'NONE',  ( 24.00000000000006000, 3.035766082959443800E-017, 2.775557561562932300E-016 ) ) ;
#1433 = CARTESIAN_POINT ( 'NONE',  ( 24.00000000000006000, 3.035766082959442600E-017, 2.775557561562930300E-016 ) ) ;
#1434 = CARTESIAN_POINT ( 'NONE',  ( 1.282376982381094900E-010, -6.250000000000000000, -2.282095908992510600E-014 ) ) ;
#1435 = VECTOR ( 'NONE', #4261, 1000.000000000000000 ) ;
#1436 = LINE ( 'NONE', #9643, #9360 ) ;
#1437 = CC_DESIGN_DATE_AND_TIME_ASSIGNMENT ( #9928, #1642, ( #4395 ) ) ;
#1438 = CARTESIAN_POINT ( 'NONE',  ( 20.00000000000006400, 12.93300712821412900, 3.874383280455443200 ) ) ;
#1439 = DIRECTION ( 'NONE',  ( 0.0000000000000000000, 0.0000000000000000000, 1.000000000000000000 ) ) ;
#1440 = EDGE_CURVE ( 'NONE', #1575, #9607, #6441, .T. ) ;
#1441 = CARTESIAN_POINT ( 'NONE',  ( 19.00000000000000000, 18.91510639673938200, -18.91510639674004000 ) ) ;
#1442 = VERTEX_POINT ( 'NONE', #6059 ) ;
#1443 = DIRECTION ( 'NONE',  ( -1.000000000000000000, -0.0000000000000000000, -0.0000000000000000000 ) ) ;
#1444 = VERTEX_POINT ( 'NONE', #6019 ) ;
#1445 = EDGE_LOOP ( 'NONE', ( #7691, #9329, #4839, #4910 ) ) ;
#1446 = CARTESIAN_POINT ( 'NONE',  ( 6.400000000000036800, -21.86829664700729800, -24.75472548379390500 ) ) ;
#1447 = VECTOR ( 'NONE', #271, 1000.000000000000000 ) ;
#1448 = CARTESIAN_POINT ( 'NONE',  ( -1.100000000000000100, -1.092875789857602900E-016, 5.249999999999999100 ) ) ;
#1449 = CARTESIAN_POINT ( 'NONE',  ( 24.00000000000006000, 3.035766082959443800E-017, 2.775557561562931800E-016 ) ) ;
#1450 = CARTESIAN_POINT ( 'NONE',  ( -1.099999999866668700, 0.7469187602805469300, -4.708311803755679000 ) ) ;
#1451 = VECTOR ( 'NONE', #3434, 1000.000000000000000 ) ;
#1452 = EDGE_LOOP ( 'NONE', ( #9611, #3890, #6378, #7190 ) ) ;
#1453 = CARTESIAN_POINT ( 'NONE',  ( 19.40000000000003800, 12.95568296748470000, 30.91036442850849400 ) ) ;
#1454 = DIRECTION ( 'NONE',  ( 1.000000000000000000, 0.0000000000000000000, 0.0000000000000000000 ) ) ;
#1455 = ORIENTED_EDGE ( 'NONE', *, *, #8466, .T. ) ;
#1456 = DIRECTION ( 'NONE',  ( 1.000000000000000000, 0.0000000000000000000, 0.0000000000000000000 ) ) ;
#1457 = DIRECTION ( 'NONE',  ( 0.0000000000000000000, 0.0000000000000000000, -1.000000000000000000 ) ) ;
#1458 = CARTESIAN_POINT ( 'NONE',  ( 0.0000000000000000000, 4.365669383646813900E-014, -5.250000000000001800 ) ) ;
#1459 = VECTOR ( 'NONE', #2098, 1000.000000000000000 ) ;
#1460 = VECTOR ( 'NONE', #1151, 1000.000000000000000 ) ;
#1461 = CARTESIAN_POINT ( 'NONE',  ( 8.999999999997104500, -2.659442850015477900, 6.265232206287024000 ) ) ;
#1462 = VECTOR ( 'NONE', #8213, 1000.000000000000000 ) ;
#1463 = DIRECTION ( 'NONE',  ( 0.0000000000000000000, 0.0000000000000000000, -1.000000000000000000 ) ) ;
#1464 = AXIS2_PLACEMENT_3D ( 'NONE', #4118, #8082, #5005 ) ;
#1465 = FACE_OUTER_BOUND ( 'NONE', #2650, .T. ) ;
#1466 = VECTOR ( 'NONE', #4309, 1000.000000000000000 ) ;
#1467 = CARTESIAN_POINT ( 'NONE',  ( -2.168404344971008400E-016, -2.375429683408949900, -31.08421584885102000 ) ) ;
#1468 = EDGE_CURVE ( 'NONE', #7242, #1891, #6070, .T. ) ;
#1469 = CARTESIAN_POINT ( 'NONE',  ( 21.00000000000006000, -26.05827982168827400, -14.86495406819974900 ) ) ;
#1470 = LINE ( 'NONE', #2371, #3044 ) ;
#1471 = DIRECTION ( 'NONE',  ( 1.000000000000000000, 0.0000000000000000000, 0.0000000000000000000 ) ) ;
#1472 = DIRECTION ( 'NONE',  ( 1.000000000000000000, 6.071532165918827900E-018, 5.551115123125788900E-017 ) ) ;
#1473 = ORIENTED_EDGE ( 'NONE', *, *, #3826, .T. ) ;
#1474 = CIRCLE ( 'NONE', #8913, 2.500000000000000000 ) ;
#1475 = CARTESIAN_POINT ( 'NONE',  ( 20.00000000000006400, 9.663767457331294600, 9.442557513974401600 ) ) ;
#1476 = CARTESIAN_POINT ( 'NONE',  ( 11.17070943148337400, -1.092875789857602900E-016, -9.992007221555231900E-016 ) ) ;
#1477 = CIRCLE ( 'NONE', #3857, 0.5000000000000004400 ) ;
#1478 = AXIS2_PLACEMENT_3D ( 'NONE', #4205, #7186, #5674 ) ;
#1479 = CARTESIAN_POINT ( 'NONE',  ( 0.1500000000000009100, 25.89999999999999900, 4.394078711698372600 ) ) ;
#1480 = DIRECTION ( 'NONE',  ( -1.000000000000000000, -0.0000000000000000000, -0.0000000000000000000 ) ) ;
#1481 = ORIENTED_EDGE ( 'NONE', *, *, #9704, .T. ) ;
#1482 = CARTESIAN_POINT ( 'NONE',  ( 1.699999999999999700, 1.040949779275250100E-016, 0.0000000000000000000 ) ) ;
#1483 = FACE_OUTER_BOUND ( 'NONE', #9646, .T. ) ;
#1484 = ORIENTED_EDGE ( 'NONE', *, *, #7979, .T. ) ;
#1485 = CARTESIAN_POINT ( 'NONE',  ( 1.299999999997001800, 11.49610083339485200, 8.385334225049913200 ) ) ;
#1486 = CARTESIAN_POINT ( 'NONE',  ( 19.40000000000003800, 10.26739367138962100, -31.36210905133601700 ) ) ;
#1487 = DIRECTION ( 'NONE',  ( 0.0000000000000000000, -1.000000000000000000, 0.0000000000000000000 ) ) ;
#1488 = B_SPLINE_CURVE_WITH_KNOTS ( 'NONE', 3,
 ( #3164, #3994, #6995, #5514, #2492, #3225, #3926, #4733, #3195, #9332, #2458, #94, #5590, #7890, #5482, #4697, #4667, #7133, #3259, #4794, #8637, #9390, #27, #9359, #59, #6290, #1674, #855, #818, #7066, #4766, #4032, #127, #162, #6256, #951, #6356, #5450, #5553, #1646, #920, #7931, #7029, #1743, #6324, #2522, #3294, #8670, #9266, #6229, #2422, #7819, #3360, #1839, #8736, #3391, #8089, #4124, #8793, #2559, #4161, #2623, #1875, #8761, #4090, #2653, #9520, #295, #7303, #1022, #5687, #8028, #5718, #7957, #7267, #9482, #6425, #4927, #9454, #4899, #263, #4188, #3329, #4865, #1049, #4967, #1116, #231, #1085, #5654, #8704, #6457, #1804, #7232, #8058, #6481, #3423, #9554, #7200, #329, #2590, #3457 ),
 .UNSPECIFIED., .F., .F.,
 ( 4, 1, 1, 1, 1, 2, 2, 1, 1, 1, 1, 2, 2, 1, 1, 1, 2, 2, 2, 1, 1, 1, 2, 2, 1, 1, 1, 1, 2, 2, 1, 1, 1, 1, 2, 2, 2, 1, 1, 1, 1, 2, 2, 1, 1, 1, 1, 2, 2, 1, 1, 1, 2, 2, 2, 1, 1, 1, 2, 2, 1, 1, 1, 1, 2, 2, 1, 1, 1, 1, 2, 2, 4 ),
 ( 0.0000000000000000000, 0.03125000000000126300, 0.04687500000000193600, 0.05468750000000222700, 0.05859375000000236600, 0.06054687500000239400, 0.06250000000000241500, 0.09375000000000273400, 0.1093750000000028900, 0.1171875000000030100, 0.1210937500000030300, 0.1230468750000030100, 0.1250000000000030000, 0.1562500000000021600, 0.1718750000000017800, 0.1796875000000015800, 0.1835937500000014700, 0.1875000000000013900, 0.2500000000000000600, 0.2812499999999994400, 0.2968749999999991100, 0.3046874999999989500, 0.3085937499999988900, 0.3124999999999987800, 0.3437499999999980000, 0.3593749999999976700, 0.3671874999999974500, 0.3710937499999973900, 0.3730468749999973900, 0.3749999999999973400, 0.4062499999999975000, 0.4218749999999975600, 0.4296874999999976700, 0.4335937499999976700, 0.4355468749999977200, 0.4374999999999977800, 0.4999999999999993900, 0.5312500000000002200, 0.5468750000000006700, 0.5546875000000008900, 0.5585937500000008900, 0.5605468750000010000, 0.5625000000000011100, 0.5937500000000016700, 0.6093750000000020000, 0.6171875000000021100, 0.6210937500000021100, 0.6230468750000021100, 0.6250000000000020000, 0.6562500000000021100, 0.6718750000000022200, 0.6796875000000021100, 0.6835937500000022200, 0.6875000000000022200, 0.7500000000000020000, 0.7812500000000018900, 0.7968750000000018900, 0.8046875000000018900, 0.8085937500000017800, 0.8125000000000017800, 0.8437500000000015500, 0.8593750000000015500, 0.8671875000000015500, 0.8710937500000014400, 0.8730468750000014400, 0.8750000000000013300, 0.9062500000000011100, 0.9218750000000010000, 0.9296875000000007800, 0.9335937500000007800, 0.9355468750000007800, 0.9375000000000006700, 1.000000000000000000 ),
 .UNSPECIFIED. ) ;
#1489 = AXIS2_PLACEMENT_3D ( 'NONE', #2085, #4370, #557 ) ;
#1490 = CARTESIAN_POINT ( 'NONE',  ( 19.40000000000003800, 19.39755906332275300, 27.31287181251173000 ) ) ;
#1491 = ORIENTED_EDGE ( 'NONE', *, *, #2045, .T. ) ;
#1492 = ORIENTED_EDGE ( 'NONE', *, *, #9889, .T. ) ;
#1493 = ORIENTED_EDGE ( 'NONE', *, *, #9650, .T. ) ;
#1494 = AXIS2_PLACEMENT_3D ( 'NONE', #8472, #3720, #9818 ) ;
#1495 = CARTESIAN_POINT ( 'NONE',  ( 8.999999999997106300, -3.298683783267890100, 5.946378137044388400 ) ) ;
#1496 = ORIENTED_EDGE ( 'NONE', *, *, #5494, .F. ) ;
#1497 = VERTEX_POINT ( 'NONE', #5181 ) ;
#1498 = AXIS2_PLACEMENT_3D ( 'NONE', #1981, #7244, #9562 ) ;
#1499 = EDGE_LOOP ( 'NONE', ( #9074, #7297, #895, #9894 ) ) ;
#1500 = CARTESIAN_POINT ( 'NONE',  ( -2.168404344971008400E-016, -10.64090942219046600, -29.27730359989274300 ) ) ;
#1501 = CARTESIAN_POINT ( 'NONE',  ( 0.2000000000000021200, 18.65304695000814300, 7.812471441089329900 ) ) ;
#1502 = DIRECTION ( 'NONE',  ( -1.626303258728255200E-016, 1.000000000000000000, 0.0000000000000000000 ) ) ;
#1503 = CARTESIAN_POINT ( 'NONE',  ( 6.500000000000000900, 0.0000000000000000000, 31.50000000000000700 ) ) ;
#1504 = CARTESIAN_POINT ( 'NONE',  ( 19.00000000000000000, -15.55634918610412000, 14.30634918610503600 ) ) ;
#1505 = AXIS2_PLACEMENT_3D ( 'NONE', #5270, #3814, #9191 ) ;
#1506 = LINE ( 'NONE', #7752, #3913 ) ;
#1507 = CARTESIAN_POINT ( 'NONE',  ( 20.00000000000006800, 4.023724387672682000, 12.88653859593004300 ) ) ;
#1508 = DIRECTION ( 'NONE',  ( 1.000000000000000000, 0.0000000000000000000, 0.0000000000000000000 ) ) ;
#1509 = VERTEX_POINT ( 'NONE', #2896 ) ;
#1510 = CARTESIAN_POINT ( 'NONE',  ( -0.5999999998560314700, 0.8284926070825883200, 5.689999999991521000 ) ) ;
#1511 = DIRECTION ( 'NONE',  ( 0.0000000000000000000, 0.0000000000000000000, -1.000000000000000000 ) ) ;
#1512 = DIRECTION ( 'NONE',  ( 1.000000000000000000, 0.0000000000000000000, 0.0000000000000000000 ) ) ;
#1513 = CARTESIAN_POINT ( 'NONE',  ( 0.1000000000000018700, 19.46667702163212600, -3.998403685112363000 ) ) ;
#1514 = CARTESIAN_POINT ( 'NONE',  ( 19.40000000000003800, -20.18688923859197700, -26.12729706445690100 ) ) ;
#1515 = DIRECTION ( 'NONE',  ( -1.000000000000000000, -0.0000000000000000000, -0.0000000000000000000 ) ) ;
#1516 = CALENDAR_DATE ( 2025, 28, 7 ) ;
#1517 = FACE_OUTER_BOUND ( 'NONE', #4144, .T. ) ;
#1518 = EDGE_CURVE ( 'NONE', #3416, #2947, #4387, .T. ) ;
#1519 = AXIS2_PLACEMENT_3D ( 'NONE', #9264, #751, #6155 ) ;
#1520 = AXIS2_PLACEMENT_3D ( 'NONE', #396, #7458, #8879 ) ;
#1521 = EDGE_LOOP ( 'NONE', ( #5463, #5622 ) ) ;
#1522 = CARTESIAN_POINT ( 'NONE',  ( 0.1999999999999987900, 0.0000000000000000000, -12.33490170336848400 ) ) ;
#1523 = DIRECTION ( 'NONE',  ( -1.000000000000000000, 0.0000000000000000000, 0.0000000000000000000 ) ) ;
#1524 = DIRECTION ( 'NONE',  ( 0.0000000000000000000, 0.0000000000000000000, -1.000000000000000000 ) ) ;
#1525 = CARTESIAN_POINT ( 'NONE',  ( 23.31307791393078300, 0.0000000000000000000, 0.0000000000000000000 ) ) ;
#1526 = PERSON_AND_ORGANIZATION ( #6260, #2732 ) ;
#1527 = LOCAL_TIME ( 11, 40, 0.0000000000000000000, #5631 ) ;
#1528 = EDGE_CURVE ( 'NONE', #7938, #7854, #3663, .T. ) ;
#1529 = CARTESIAN_POINT ( 'NONE',  ( -0.9852105226012273200, -0.4378138376137086800, 5.347297179859211300 ) ) ;
#1530 = ORIENTED_EDGE ( 'NONE', *, *, #9217, .F. ) ;
#1531 = CARTESIAN_POINT ( 'NONE',  ( -2.168404344971008900E-016, -30.89464478117099600, 4.025043326781014800 ) ) ;
#1532 = DIRECTION ( 'NONE',  ( 0.0000000000000000000, 0.0000000000000000000, 1.000000000000000000 ) ) ;
#1533 = CARTESIAN_POINT ( 'NONE',  ( 1.699999999999999100, 9.000000000000001800, 0.0000000000000000000 ) ) ;
#1534 = AXIS2_PLACEMENT_3D ( 'NONE', #4363, #9719, #3660 ) ;
#1535 = ORIENTED_EDGE ( 'NONE', *, *, #1554, .F. ) ;
#1536 = ORIENTED_EDGE ( 'NONE', *, *, #4800, .F. ) ;
#1537 = CARTESIAN_POINT ( 'NONE',  ( 20.00000000000005700, -2.049390865856350000, 13.35134628407969800 ) ) ;
#1538 = CARTESIAN_POINT ( 'NONE',  ( 0.4999999999881765700, -15.91510639666230600, 18.91510639673995400 ) ) ;
#1539 = DIRECTION ( 'NONE',  ( 1.000000000000000000, 0.0000000000000000000, 0.0000000000000000000 ) ) ;
#1540 = LINE ( 'NONE', #5127, #9461 ) ;
#1541 = CARTESIAN_POINT ( 'NONE',  ( 1.500000000000029100, 0.0000000000000000000, 0.0000000000000000000 ) ) ;
#1542 = DIRECTION ( 'NONE',  ( 0.0000000000000000000, 0.0000000000000000000, -1.000000000000000000 ) ) ;
#1543 = CARTESIAN_POINT ( 'NONE',  ( 19.40000000000003800, -31.36210905133790700, -10.26739367138101900 ) ) ;
#1544 = CARTESIAN_POINT ( 'NONE',  ( 0.2000000000000018400, 18.50735765303066000, -7.758125798564100800 ) ) ;
#1545 = AXIS2_PLACEMENT_3D ( 'NONE', #3771, #3037, #2384 ) ;
#1546 = EDGE_LOOP ( 'NONE', ( #5247, #7536 ) ) ;
#1547 = CARTESIAN_POINT ( 'NONE',  ( 19.40000000000003400, 32.49560813533938100, -8.141656363225047600 ) ) ;
#1548 = DIRECTION ( 'NONE',  ( 0.0000000000000000000, 0.0000000000000000000, 1.000000000000000000 ) ) ;
#1549 = CYLINDRICAL_SURFACE ( 'NONE', #8563, 2.500000000000000000 ) ;
#1550 = DIRECTION ( 'NONE',  ( -0.0000000000000000000, 1.000000000000000000, -1.019909387808600500E-016 ) ) ;
#1551 = DIRECTION ( 'NONE',  ( 1.000000000000000000, 0.0000000000000000000, 0.0000000000000000000 ) ) ;
#1552 = VECTOR ( 'NONE', #5849, 1000.000000000000000 ) ;
#1553 = DIRECTION ( 'NONE',  ( -1.000000000000000000, -0.0000000000000000000, -0.0000000000000000000 ) ) ;
#1554 = EDGE_CURVE ( 'NONE', #3112, #1109, #6206, .T. ) ;
#1555 = ORIENTED_EDGE ( 'NONE', *, *, #3467, .T. ) ;
#1556 = FACE_OUTER_BOUND ( 'NONE', #8327, .T. ) ;
#1557 = AXIS2_PLACEMENT_3D ( 'NONE', #7245, #3369, #5634 ) ;
#1558 = FACE_OUTER_BOUND ( 'NONE', #2439, .T. ) ;
#1559 = CARTESIAN_POINT ( 'NONE',  ( -2.168404344971009400E-016, -30.66652363680886100, 5.463008564342927400 ) ) ;
#1560 = CARTESIAN_POINT ( 'NONE',  ( 1.900000000133330600, -1.092875789857602900E-016, -9.992007221555231900E-016 ) ) ;
#1561 = CARTESIAN_POINT ( 'NONE',  ( 6.400000000000030600, -2.218336083474268500E-017, -8.852890747202899400E-016 ) ) ;
#1562 = CARTESIAN_POINT ( 'NONE',  ( 19.00000000000000000, 15.55634918610326000, -16.80634918610489900 ) ) ;
#1563 = ORIENTED_EDGE ( 'NONE', *, *, #6964, .F. ) ;
#1564 =( BOUNDED_SURFACE ( )  B_SPLINE_SURFACE ( 3, 3, ( 
 ( #1009, #8691, #2443, #7117 ),
 ( #1730, #1761, #8722, #1695 ),
 ( #909, #7916, #4047, #8594 ),
 ( #7838, #1659, #247, #3210 ) ),
 .UNSPECIFIED., .F., .F., .F. ) 
 B_SPLINE_SURFACE_WITH_KNOTS ( ( 4, 4 ),
 ( 4, 4 ),
 ( 0.0000000000000000000, 1.000000000000000000 ),
 ( 0.0000000000000000000, 1.000000000000000000 ),
 .UNSPECIFIED. ) 
 GEOMETRIC_REPRESENTATION_ITEM ( )  RATIONAL_B_SPLINE_SURFACE ( (
 ( 1.000000000000000000, 0.3333333333333334300, 0.3333333333333334300, 1.000000000000000000),
 ( 0.9342021575379015900, 0.3114007191793006200, 0.3114007191793006200, 0.9342021575379015900),
 ( 0.9342021575379015900, 0.3114007191793006200, 0.3114007191793006200, 0.9342021575379015900),
 ( 1.000000000000000000, 0.3333333333333334300, 0.3333333333333334300, 1.000000000000000000) ) ) 
 REPRESENTATION_ITEM ( '' )  SURFACE ( )  );
#1565 = LINE ( 'NONE', #7976, #9485 ) ;
#1566 = FACE_OUTER_BOUND ( 'NONE', #2324, .T. ) ;
#1567 = CIRCLE ( 'NONE', #9855, 12.60000000000000100 ) ;
#1568 = CARTESIAN_POINT ( 'NONE',  ( 20.00000000000006400, -3.874383280463696200, 12.93300712821189300 ) ) ;
#1569 = EDGE_CURVE ( 'NONE', #8010, #9206, #4995, .T. ) ;
#1570 = EDGE_CURVE ( 'NONE', #5166, #8033, #3104, .T. ) ;
#1571 = CARTESIAN_POINT ( 'NONE',  ( 19.40000000000005500, 0.0000000000000000000, 0.0000000000000000000 ) ) ;
#1572 = DIRECTION ( 'NONE',  ( -1.000000000000000000, -0.0000000000000000000, -0.0000000000000000000 ) ) ;
#1573 = SECURITY_CLASSIFICATION_LEVEL ( 'unclassified' ) ;
#1574 = DIRECTION ( 'NONE',  ( 0.0000000000000000000, 0.0000000000000000000, -1.000000000000000000 ) ) ;
#1575 = VERTEX_POINT ( 'NONE', #3858 ) ;
#1576 = DIRECTION ( 'NONE',  ( 1.000000000000000000, 0.0000000000000000000, -0.0000000000000000000 ) ) ;
#1577 = CARTESIAN_POINT ( 'NONE',  ( 19.40000000000003400, -27.73317262420983600, -17.99849866833998700 ) ) ;
#1578 = DIRECTION ( 'NONE',  ( -6.123233995736766000E-017, 1.000000000000000000, 0.0000000000000000000 ) ) ;
#1579 = CIRCLE ( 'NONE', #5648, 1.249999999999999300 ) ;
#1580 = CIRCLE ( 'NONE', #8083, 11.85000853396763900 ) ;
#1581 = ADVANCED_FACE ( 'NONE', ( #6561 ), #6190, .T. ) ;
#1582 = FACE_OUTER_BOUND ( 'NONE', #8179, .T. ) ;
#1583 = CARTESIAN_POINT ( 'NONE',  ( 19.40000000000003100, 33.44457319230244300, -1.928417491623549300 ) ) ;
#1584 = CARTESIAN_POINT ( 'NONE',  ( 24.00000000000006000, 3.035766082959442600E-017, -26.60000000000002600 ) ) ;
#1585 = DIRECTION ( 'NONE',  ( -1.000000000000000000, -0.0000000000000000000, -0.0000000000000000000 ) ) ;
#1586 = CARTESIAN_POINT ( 'NONE',  ( 6.500999999999997700, -10.60660171779819200, 10.60660171779940900 ) ) ;
#1587 = CARTESIAN_POINT ( 'NONE',  ( 20.00000000000006000, 11.49610083339485200, 9.635334225049915000 ) ) ;
#1588 = CARTESIAN_POINT ( 'NONE',  ( 6.499999999999998200, 40.50860386925227600, 4.999999999999998200 ) ) ;
#1589 = VERTEX_POINT ( 'NONE', #7704 ) ;
#1590 = CIRCLE ( 'NONE', #7754, 11.54999999999995300 ) ;
#1591 = AXIS2_PLACEMENT_3D ( 'NONE', #8865, #2012, #5859 ) ;
#1592 = ORIENTED_EDGE ( 'NONE', *, *, #9457, .F. ) ;
#1593 = LINE ( 'NONE', #6854, #5808 ) ;
#1594 = ORIENTED_EDGE ( 'NONE', *, *, #3774, .T. ) ;
#1595 = CARTESIAN_POINT ( 'NONE',  ( -2.168404344971008400E-016, -31.08424422668585100, 2.375276318619857600 ) ) ;
#1596 = DIRECTION ( 'NONE',  ( 0.0000000000000000000, 0.0000000000000000000, -1.000000000000000000 ) ) ;
#1597 = PRODUCT_DEFINITION_SHAPE ( 'NONE', 'NONE',  #10006 ) ;
#1598 = EDGE_CURVE ( 'NONE', #9067, #8943, #8721, .T. ) ;
#1599 = DIRECTION ( 'NONE',  ( 1.000000000000000000, 3.642919299551294900E-017, 2.775557561562891400E-017 ) ) ;
#1600 = DIRECTION ( 'NONE',  ( 1.000000000000000000, 6.071532165918827900E-018, 5.551115123125788900E-017 ) ) ;
#1601 = DIRECTION ( 'NONE',  ( 0.0000000000000000000, 0.0000000000000000000, -1.000000000000000000 ) ) ;
#1602 = VERTEX_POINT ( 'NONE', #9174 ) ;
#1603 = ORIENTED_EDGE ( 'NONE', *, *, #2806, .F. ) ;
#1604 = VERTEX_POINT ( 'NONE', #1510 ) ;
#1605 = AXIS2_PLACEMENT_3D ( 'NONE', #1713, #960, #63 ) ;
#1606 = DIRECTION ( 'NONE',  ( -1.000000000000000000, -0.0000000000000000000, -0.0000000000000000000 ) ) ;
#1607 = DIRECTION ( 'NONE',  ( 0.0000000000000000000, 0.0000000000000000000, 1.000000000000000000 ) ) ;
#1608 = CARTESIAN_POINT ( 'NONE',  ( 6.400000000000036800, 27.00159139127981300, -18.97142964915966000 ) ) ;
#1609 = DIRECTION ( 'NONE',  ( 0.0000000000000000000, 0.0000000000000000000, -1.000000000000000000 ) ) ;
#1610 = EDGE_LOOP ( 'NONE', ( #8227, #1002 ) ) ;
#1611 = CARTESIAN_POINT ( 'NONE',  ( 19.40000000000003800, 3.761284301092987700, -32.78502433097913400 ) ) ;
#1612 = ORIENTED_EDGE ( 'NONE', *, *, #3975, .T. ) ;
#1613 = VERTEX_POINT ( 'NONE', #7742 ) ;
#1614 = EDGE_CURVE ( 'NONE', #3535, #9814, #9538, .T. ) ;
#1615 = EDGE_CURVE ( 'NONE', #872, #2337, #4632, .T. ) ;
#1616 = AXIS2_PLACEMENT_3D ( 'NONE', #6573, #4992, #348 ) ;
#1617 = CARTESIAN_POINT ( 'NONE',  ( 19.40000000000003400, -4.778138385095497000, 33.15757583399371100 ) ) ;
#1618 = DIRECTION ( 'NONE',  ( 1.000000000000000000, 0.0000000000000000000, 0.0000000000000000000 ) ) ;
#1619 = DIRECTION ( 'NONE',  ( -1.000000000000000000, -0.0000000000000000000, -0.0000000000000000000 ) ) ;
#1620 = CARTESIAN_POINT ( 'NONE',  ( 5.399999999999978200, 3.943362693254458800E-015, 32.19999999999984700 ) ) ;
#1621 = CARTESIAN_POINT ( 'NONE',  ( 1.000000000128238500, 1.054126880204225200E-015, 9.499999999999998200 ) ) ;
#1622 = CIRCLE ( 'NONE', #3986, 0.7500000000000006700 ) ;
#1623 = AXIS2_PLACEMENT_3D ( 'NONE', #2446, #7084, #17 ) ;
#1624 = ORIENTED_EDGE ( 'NONE', *, *, #1615, .F. ) ;
#1625 = ORIENTED_EDGE ( 'NONE', *, *, #4181, .F. ) ;
#1626 = ORIENTED_EDGE ( 'NONE', *, *, #9110, .T. ) ;
#1627 = CARTESIAN_POINT ( 'NONE',  ( 0.0000000000000000000, -3.327635673973334400, 12.54641771492635400 ) ) ;
#1628 = APPROVAL ( #8568, '未指定' ) ;
#1629 = CIRCLE ( 'NONE', #1995, 4.700000000000000200 ) ;
#1630 = ADVANCED_FACE ( 'NONE', ( #879 ), #6928, .T. ) ;
#1631 = CARTESIAN_POINT ( 'NONE',  ( 0.0000000000000000000, 23.50000000000000700, -5.000000000000000900 ) ) ;
#1632 = CARTESIAN_POINT ( 'NONE',  ( 0.2000000000000022000, 17.51755292473439600, 6.314401673127161300 ) ) ;
#1633 = CARTESIAN_POINT ( 'NONE',  ( 22.27639320225006600, 1.989272671565901200E-017, 1.818763585431693200E-016 ) ) ;
#1634 = EDGE_CURVE ( 'NONE', #7768, #6630, #8830, .T. ) ;
#1635 = ORIENTED_EDGE ( 'NONE', *, *, #703, .T. ) ;
#1636 = CARTESIAN_POINT ( 'NONE',  ( 1.900000000133330600, -1.092875789857602900E-016, 2.499999999999999100 ) ) ;
#1637 = CARTESIAN_POINT ( 'NONE',  ( 6.400000000000036800, 30.03068806515095800, -13.68056191585707600 ) ) ;
#1638 = DIRECTION ( 'NONE',  ( 0.0000000000000000000, 0.0000000000000000000, -1.000000000000000000 ) ) ;
#1639 = APPROVAL_PERSON_ORGANIZATION ( #3446, #2336, #3987 ) ;
#1640 = CARTESIAN_POINT ( 'NONE',  ( 0.2000000000000008700, 25.40000000000000200, 2.894078711698372600 ) ) ;
#1641 = DATE_AND_TIME ( #168, #1527 ) ;
#1642 = DATE_TIME_ROLE ( 'classification_date' ) ;
#1643 = EDGE_LOOP ( 'NONE', ( #5104, #7597, #9542, #6187, #3460 ) ) ;
#1644 = CARTESIAN_POINT ( 'NONE',  ( 8.999999999997106300, -6.471434298796534500, -2.088380630493439100 ) ) ;
#1645 = CARTESIAN_POINT ( 'NONE',  ( 0.0000000000000000000, -9.024091943764450000, -10.38103027596421200 ) ) ;
#1646 = CARTESIAN_POINT ( 'NONE',  ( 20.00000000000006000, -12.82997844125317900, -4.200289803288145100 ) ) ;
#1647 = CARTESIAN_POINT ( 'NONE',  ( 5.999999999999998200, 29.90401310861136300, 4.999999999999999100 ) ) ;
#1648 = DIRECTION ( 'NONE',  ( -1.000000000000000000, -0.0000000000000000000, -0.0000000000000000000 ) ) ;
#1649 = CARTESIAN_POINT ( 'NONE',  ( 1.181866666698155400, 30.71187394461471600, 5.394090508475743600 ) ) ;
#1650 = AXIS2_PLACEMENT_3D ( 'NONE', #790, #1979, #6359 ) ;
#1651 = CARTESIAN_POINT ( 'NONE',  ( 19.40000000000003800, -4.568177959011445700, 33.18762128032514600 ) ) ;
#1652 = ORIENTED_EDGE ( 'NONE', *, *, #9073, .F. ) ;
#1653 = CARTESIAN_POINT ( 'NONE',  ( 6.500999999999997700, 10.60660171779823100, 11.85660171779819000 ) ) ;
#1654 = CARTESIAN_POINT ( 'NONE',  ( 0.4999999999881765700, 15.91510639673288100, 18.91510639674027400 ) ) ;
#1655 = ORIENTED_EDGE ( 'NONE', *, *, #119, .F. ) ;
#1656 = EDGE_CURVE ( 'NONE', #6792, #604, #1622, .T. ) ;
#1657 = FACE_OUTER_BOUND ( 'NONE', #8216, .T. ) ;
#1658 = ADVANCED_FACE ( 'NONE', ( #4745 ), #9384, .F. ) ;
#1659 = CARTESIAN_POINT ( 'NONE',  ( 1.699756038043517300, 67.24939009510846700, -33.62469504755424100 ) ) ;
#1660 = VERTEX_POINT ( 'NONE', #1705 ) ;
#1661 = DIRECTION ( 'NONE',  ( -1.000000000000000000, -0.0000000000000000000, -0.0000000000000000000 ) ) ;
#1662 = DIRECTION ( 'NONE',  ( 0.0000000000000000000, 0.0000000000000000000, -1.000000000000000000 ) ) ;
#1663 = AXIS2_PLACEMENT_3D ( 'NONE', #782, #1572, #2347 ) ;
#1664 = CARTESIAN_POINT ( 'NONE',  ( 6.400000000000035900, 8.415336244320132100, 31.90941538296698000 ) ) ;
#1665 = VECTOR ( 'NONE', #6710, 1000.000000000000000 ) ;
#1666 = EDGE_CURVE ( 'NONE', #644, #4970, #5721, .T. ) ;
#1667 = CYLINDRICAL_SURFACE ( 'NONE', #6341, 33.99999999999982900 ) ;
#1668 = CARTESIAN_POINT ( 'NONE',  ( 6.499999999999998200, 21.50000000000000000, 0.0000000000000000000 ) ) ;
#1669 = DIRECTION ( 'NONE',  ( 1.000000000000000000, 0.0000000000000000000, 0.0000000000000000000 ) ) ;
#1670 = VERTEX_POINT ( 'NONE', #8664 ) ;
#1671 = CARTESIAN_POINT ( 'NONE',  ( 8.999999999997102800, -5.788046814252074200, 3.572149930100101000 ) ) ;
#1672 = CARTESIAN_POINT ( 'NONE',  ( -0.5999999998469293100, 5.689999999999886700, 0.8284926070883079600 ) ) ;
#1673 = CYLINDRICAL_SURFACE ( 'NONE', #8070, 0.9999999999999991100 ) ;
#1674 = CARTESIAN_POINT ( 'NONE',  ( 20.00000000000006800, -13.48884121559028400, 0.7201700383629058300 ) ) ;
#1675 = CARTESIAN_POINT ( 'NONE',  ( 19.40000000000003800, 10.33359851017423900, -31.34035613506569400 ) ) ;
#1676 = VECTOR ( 'NONE', #1388, 1000.000000000000000 ) ;
#1677 = ADVANCED_FACE ( 'NONE', ( #2593 ), #265, .F. ) ;
#1678 = AXIS2_PLACEMENT_3D ( 'NONE', #5781, #8261, #5071 ) ;
#1679 = CARTESIAN_POINT ( 'NONE',  ( 24.00000000000006000, 14.13182353007338300, -18.11094788897896600 ) ) ;
#1680 = ORIENTED_EDGE ( 'NONE', *, *, #2849, .T. ) ;
#1681 = CARTESIAN_POINT ( 'NONE',  ( 19.40000000000003100, -4.918090159598479600, 33.13710004584670100 ) ) ;
#1682 = ORIENTED_EDGE ( 'NONE', *, *, #7538, .F. ) ;
#1683 = DIRECTION ( 'NONE',  ( 1.000000000000000000, 1.679403124341539000E-016, -1.865376329483173100E-017 ) ) ;
#1684 = CARTESIAN_POINT ( 'NONE',  ( 0.2191311905569937300, -63.54782797639224200, -31.77391398819610300 ) ) ;
#1685 = CARTESIAN_POINT ( 'NONE',  ( 27.30496494509936100, 5.042386180099899500E-017, 4.610181650377063500E-016 ) ) ;
#1686 = CIRCLE ( 'NONE', #3972, 31.50000000000000700 ) ;
#1687 = FACE_BOUND ( 'NONE', #8144, .T. ) ;
#1688 = AXIS2_PLACEMENT_3D ( 'NONE', #6743, #6970, #3837 ) ;
#1689 = ORIENTED_EDGE ( 'NONE', *, *, #327, .T. ) ;
#1690 = DIRECTION ( 'NONE',  ( 0.0000000000000000000, 0.0000000000000000000, 1.000000000000000000 ) ) ;
#1691 = AXIS2_PLACEMENT_3D ( 'NONE', #6245, #6185, #19 ) ;
#1692 = VERTEX_POINT ( 'NONE', #7162 ) ;
#1693 = VECTOR ( 'NONE', #2196, 1000.000000000000000 ) ;
#1694 = LINE ( 'NONE', #4219, #7116 ) ;
#1695 = CARTESIAN_POINT ( 'NONE',  ( 2.171492092158871800, 4.163799117100980000E-015, 33.99999999999982900 ) ) ;
#1696 = DIRECTION ( 'NONE',  ( 0.0000000000000000000, 0.0000000000000000000, 1.000000000000000000 ) ) ;
#1697 = LINE ( 'NONE', #9412, #8357 ) ;
#1698 = CARTESIAN_POINT ( 'NONE',  ( 0.0000000000000000000, 18.91510639674004300, 18.91510639674024600 ) ) ;
#1699 = CARTESIAN_POINT ( 'NONE',  ( 1.000000000128238500, -1.322720827863383700, -8.396897607291419900 ) ) ;
#1700 = CARTESIAN_POINT ( 'NONE',  ( 6.400000000000034100, 25.08904779472333900, 21.44992777217112900 ) ) ;
#1701 = CC_DESIGN_PERSON_AND_ORGANIZATION_ASSIGNMENT ( #6224, #5619, ( #520 ) ) ;
#1702 = DIRECTION ( 'NONE',  ( -1.000000000000000000, -0.0000000000000000000, -0.0000000000000000000 ) ) ;
#1703 = CYLINDRICAL_SURFACE ( 'NONE', #6906, 2.999999999999999100 ) ;
#1704 = EDGE_CURVE ( 'NONE', #9670, #6617, #521, .T. ) ;
#1705 = CARTESIAN_POINT ( 'NONE',  ( 5.999999999999998200, 30.88447255479534400, -6.196721311475410100 ) ) ;
#1706 = DATE_TIME_ROLE ( 'creation_date' ) ;
#1707 = AXIS2_PLACEMENT_3D ( 'NONE', #5204, #643, #706 ) ;
#1708 = CARTESIAN_POINT ( 'NONE',  ( 8.999999999997106300, -6.643889616498120700, 1.522915381568436200 ) ) ;
#1709 = DIRECTION ( 'NONE',  ( 1.000000000000000000, 0.0000000000000000000, 0.0000000000000000000 ) ) ;
#1710 = FACE_OUTER_BOUND ( 'NONE', #8609, .T. ) ;
#1711 = ADVANCED_FACE ( 'NONE', ( #8277 ), #2470, .T. ) ;
#1712 = CARTESIAN_POINT ( 'NONE',  ( 20.00000000000006000, 11.49610083339485200, 10.88533422504991500 ) ) ;
#1713 = CARTESIAN_POINT ( 'NONE',  ( 6.500999999999997700, -15.55634918610401500, 15.55634918610525100 ) ) ;
#1714 = VECTOR ( 'NONE', #9578, 1000.000000000000000 ) ;
#1715 = EDGE_CURVE ( 'NONE', #8196, #8086, #386, .T. ) ;
#1716 = CARTESIAN_POINT ( 'NONE',  ( -1.999999999871762400, 1.317710092897502400E-017, 7.249999999999999100 ) ) ;
#1717 = ORIENTED_EDGE ( 'NONE', *, *, #6963, .T. ) ;
#1718 = DIRECTION ( 'NONE',  ( 0.0000000000000000000, 0.0000000000000000000, -1.000000000000000000 ) ) ;
#1719 = ORIENTED_EDGE ( 'NONE', *, *, #224, .F. ) ;
#1720 = VERTEX_POINT ( 'NONE', #190 ) ;
#1721 = ADVANCED_FACE ( 'NONE', ( #6316 ), #4142, .F. ) ;
#1722 = CARTESIAN_POINT ( 'NONE',  ( 0.0000000000000000000, 0.0000000000000000000, 0.0000000000000000000 ) ) ;
#1723 = AXIS2_PLACEMENT_3D ( 'NONE', #8712, #928, #1718 ) ;
#1724 = ORIENTED_EDGE ( 'NONE', *, *, #3217, .T. ) ;
#1725 = VERTEX_POINT ( 'NONE', #4084 ) ;
#1726 = VERTEX_POINT ( 'NONE', #5617 ) ;
#1727 = ORIENTED_EDGE ( 'NONE', *, *, #3185, .T. ) ;
#1728 = ORIENTED_EDGE ( 'NONE', *, *, #3825, .F. ) ;
#1729 = ADVANCED_FACE ( 'NONE', ( #2707 ), #2214, .F. ) ;
#1730 = CARTESIAN_POINT ( 'NONE',  ( 2.171492092158871800, 0.0000000000000000000, -33.99999999999982900 ) ) ;
#1731 = EDGE_CURVE ( 'NONE', #7884, #6398, #9311, .T. ) ;
#1732 = CARTESIAN_POINT ( 'NONE',  ( 23.92834014497567100, 26.84135504140613900, 61.82750419717921600 ) ) ;
#1733 = CARTESIAN_POINT ( 'NONE',  ( 19.40000000000003800, -33.08317029522030600, 5.462083730124157400 ) ) ;
#1734 = CARTESIAN_POINT ( 'NONE',  ( 0.0000000000000000000, 9.024091943764368300, -10.38103027596428000 ) ) ;
#1735 = CARTESIAN_POINT ( 'NONE',  ( 6.400000000000035000, -17.22683476567158300, 28.14734725583377500 ) ) ;
#1736 = ORIENTED_EDGE ( 'NONE', *, *, #5000, .F. ) ;
#1737 = ORIENTED_EDGE ( 'NONE', *, *, #1951, .F. ) ;
#1738 = EDGE_LOOP ( 'NONE', ( #2746, #5110, #4513, #1019 ) ) ;
#1739 = EDGE_LOOP ( 'NONE', ( #182, #777, #7393, #1966 ) ) ;
#1740 = ORIENTED_EDGE ( 'NONE', *, *, #8919, .T. ) ;
#1741 = AXIS2_PLACEMENT_3D ( 'NONE', #9305, #6502, #3567 ) ;
#1742 = CARTESIAN_POINT ( 'NONE',  ( 8.999999999997106300, -5.926579882078539400, 3.334467489176316000 ) ) ;
#1743 = CARTESIAN_POINT ( 'NONE',  ( 20.00000000000006000, -12.11194260129499000, -5.969653420100279100 ) ) ;
#1744 = DIRECTION ( 'NONE',  ( 1.000000000000000000, 1.679403124341539000E-016, -1.865376329483173100E-017 ) ) ;
#1745 = CARTESIAN_POINT ( 'NONE',  ( -1.999999999871762400, 4.353422915655340400E-014, -7.250000000000000000 ) ) ;
#1746 = FACE_OUTER_BOUND ( 'NONE', #7233, .T. ) ;
#1747 = DIRECTION ( 'NONE',  ( 0.0000000000000000000, 0.0000000000000000000, 1.000000000000000000 ) ) ;
#1748 = EDGE_CURVE ( 'NONE', #1589, #5449, #5474, .T. ) ;
#1749 = ORIENTED_EDGE ( 'NONE', *, *, #2220, .F. ) ;
#1750 = ORIENTED_EDGE ( 'NONE', *, *, #1902, .F. ) ;
#1751 = CARTESIAN_POINT ( 'NONE',  ( -1.100000000000000100, 4.353422915655340400E-014, -6.250000000000000900 ) ) ;
#1752 = CARTESIAN_POINT ( 'NONE',  ( 0.0000000000000000000, 15.55634918610407200, 16.80634918610401500 ) ) ;
#1753 = DIRECTION ( 'NONE',  ( 1.000000000000000000, 1.679403124341539000E-016, -1.865376329483173100E-017 ) ) ;
#1754 = DIRECTION ( 'NONE',  ( 1.000000000000000000, 0.0000000000000000000, 0.0000000000000000000 ) ) ;
#1755 = AXIS2_PLACEMENT_3D ( 'NONE', #5719, #6520, #8794 ) ;
#1756 = PERSON_AND_ORGANIZATION ( #6260, #2732 ) ;
#1757 = CIRCLE ( 'NONE', #4789, 6.249999999999660700 ) ;
#1758 = VERTEX_POINT ( 'NONE', #7126 ) ;
#1759 = ADVANCED_FACE ( 'NONE', ( #1375 ), #8387, .F. ) ;
#1760 = PRODUCT_RELATED_PRODUCT_CATEGORY ( 'detail', '', ( #4768 ) ) ;
#1761 = CARTESIAN_POINT ( 'NONE',  ( 2.171492092158872300, 67.99999999999964500, -33.99999999999982900 ) ) ;
#1762 = DIRECTION ( 'NONE',  ( 0.0000000000000000000, 0.0000000000000000000, -1.000000000000000000 ) ) ;
#1763 = CARTESIAN_POINT ( 'NONE',  ( 19.40000000000003400, -24.81161742925746300, -22.51176135869917200 ) ) ;
#1764 = CARTESIAN_POINT ( 'NONE',  ( 6.399999999999979000, 15.55634918610396700, 14.30634918610412100 ) ) ;
#1765 = EDGE_CURVE ( 'NONE', #9015, #7252, #20, .T. ) ;
#1766 = CARTESIAN_POINT ( 'NONE',  ( 6.400000000000033200, 21.86829664706458600, 24.75472548374208900 ) ) ;
#1767 = ORIENTED_EDGE ( 'NONE', *, *, #8142, .F. ) ;
#1768 = ORIENTED_EDGE ( 'NONE', *, *, #5746, .F. ) ;
#1769 = DIRECTION ( 'NONE',  ( 0.0000000000000000000, 0.0000000000000000000, 1.000000000000000000 ) ) ;
#1770 = LINE ( 'NONE', #9693, #9689 ) ;
#1771 = ADVANCED_FACE ( 'NONE', ( #4867 ), #9205, .F. ) ;
#1772 = CARTESIAN_POINT ( 'NONE',  ( 8.999999999997104500, -6.570382497703974400, -1.758902845179149300 ) ) ;
#1773 = CARTESIAN_POINT ( 'NONE',  ( 1.000000000128238800, 8.482290318295168800, -0.6479408595410446300 ) ) ;
#1774 = VERTEX_POINT ( 'NONE', #7192 ) ;
#1775 = CARTESIAN_POINT ( 'NONE',  ( 11.17070943148337400, -1.092875789857602900E-016, -9.992007221555231900E-016 ) ) ;
#1776 = DIRECTION ( 'NONE',  ( 0.0000000000000000000, 0.0000000000000000000, 1.000000000000000000 ) ) ;
#1777 = DIRECTION ( 'NONE',  ( 1.000000000000000000, 6.071532165918827900E-018, 5.551115123125788900E-017 ) ) ;
#1778 = ADVANCED_FACE ( 'NONE', ( #9075, #3082 ), #8730, .T. ) ;
#1779 = ORIENTED_EDGE ( 'NONE', *, *, #6647, .F. ) ;
#1780 = CARTESIAN_POINT ( 'NONE',  ( 18.00000000000000400, 0.0000000000000000000, 0.0000000000000000000 ) ) ;
#1781 = EDGE_CURVE ( 'NONE', #5237, #3953, #4509, .T. ) ;
#1782 = CARTESIAN_POINT ( 'NONE',  ( 20.00000000000006000, 8.671800802545213600, -10.34649075005549300 ) ) ;
#1783 = VECTOR ( 'NONE', #9640, 1000.000000000000000 ) ;
#1784 = AXIS2_PLACEMENT_3D ( 'NONE', #2452, #3190, #2414 ) ;
#1785 = EDGE_CURVE ( 'NONE', #393, #9916, #1007, .T. ) ;
#1786 = VECTOR ( 'NONE', #416, 1000.000000000000000 ) ;
#1787 = LINE ( 'NONE', #4494, #8880 ) ;
#1788 = CARTESIAN_POINT ( 'NONE',  ( 21.00000000000006000, -16.86094788897901300, -12.88182353007332500 ) ) ;
#1789 = DIRECTION ( 'NONE',  ( 0.0000000000000000000, 0.0000000000000000000, -1.000000000000000000 ) ) ;
#1790 = AXIS2_PLACEMENT_3D ( 'NONE', #3800, #6159, #9176 ) ;
#1791 = CARTESIAN_POINT ( 'NONE',  ( 6.400000000000032300, 26.32641004971160100, 19.95277980555267300 ) ) ;
#1792 = VERTEX_POINT ( 'NONE', #1679 ) ;
#1793 = ORIENTED_EDGE ( 'NONE', *, *, #9473, .T. ) ;
#1794 = ORIENTED_EDGE ( 'NONE', *, *, #3000, .T. ) ;
#1795 = FACE_OUTER_BOUND ( 'NONE', #3907, .T. ) ;
#1796 = FACE_OUTER_BOUND ( 'NONE', #2596, .T. ) ;
#1797 = CARTESIAN_POINT ( 'NONE',  ( 2.999999999999998200, 20.41510639674020000, -18.91510639674008600 ) ) ;
#1798 = DIRECTION ( 'NONE',  ( 1.000000000000000000, 1.679403124341539000E-016, -1.865376329483173100E-017 ) ) ;
#1799 = EDGE_CURVE ( 'NONE', #1444, #5174, #5120, .T. ) ;
#1800 = APPROVAL_STATUS ( 'not_yet_approved' ) ;
#1801 = CARTESIAN_POINT ( 'NONE',  ( 8.999999999997104500, -1.522915381563390900, -6.643889616498944900 ) ) ;
#1802 = CARTESIAN_POINT ( 'NONE',  ( 1.000000000128238500, 7.075186736936257300, 4.711348703082715700 ) ) ;
#1803 = ADVANCED_FACE ( 'NONE', ( #5243 ), #2566, .F. ) ;
#1804 = CARTESIAN_POINT ( 'NONE',  ( 20.00000000000006000, 5.280052264341572200, -12.43820660082621100 ) ) ;
#1805 = VERTEX_POINT ( 'NONE', #924 ) ;
#1806 = CARTESIAN_POINT ( 'NONE',  ( 21.00000000000006800, -16.14207076942446800, 25.29446472727161000 ) ) ;
#1807 = CARTESIAN_POINT ( 'NONE',  ( 24.00000000000006400, -26.29331772578493800, -60.56513203379508800 ) ) ;
#1808 = LINE ( 'NONE', #8126, #4814 ) ;
#1809 = AXIS2_PLACEMENT_3D ( 'NONE', #1561, #4629, #5471 ) ;
#1810 = LINE ( 'NONE', #6172, #8346 ) ;
#1811 = CARTESIAN_POINT ( 'NONE',  ( 19.00000000000000000, -18.91510639674024200, 18.91510639674090300 ) ) ;
#1812 = DIRECTION ( 'NONE',  ( -1.000000000000000000, -0.0000000000000000000, -0.0000000000000000000 ) ) ;
#1813 = ORIENTED_EDGE ( 'NONE', *, *, #2230, .F. ) ;
#1814 = DIRECTION ( 'NONE',  ( -1.000000000000000000, -0.0000000000000000000, -0.0000000000000000000 ) ) ;
#1815 = DIRECTION ( 'NONE',  ( 0.0000000000000000000, 0.0000000000000000000, -1.000000000000000000 ) ) ;
#1816 = CIRCLE ( 'NONE', #7465, 1.250000000000001100 ) ;
#1817 = CC_DESIGN_DATE_AND_TIME_ASSIGNMENT ( #3332, #1706, ( #9227 ) ) ;
#1818 = LINE ( 'NONE', #9076, #2669 ) ;
#1819 = CIRCLE ( 'NONE', #1494, 0.7500000000000006700 ) ;
#1820 = ADVANCED_FACE ( 'NONE', ( #3287 ), #7621, .F. ) ;
#1821 = DIRECTION ( 'NONE',  ( 0.0000000000000000000, 0.0000000000000000000, -1.000000000000000000 ) ) ;
#1822 = ORIENTED_EDGE ( 'NONE', *, *, #3185, .F. ) ;
#1823 = ORIENTED_EDGE ( 'NONE', *, *, #5417, .T. ) ;
#1824 = CARTESIAN_POINT ( 'NONE',  ( 1.900000000133330600, -1.092875789857602900E-016, -9.992007221555231900E-016 ) ) ;
#1825 = DIRECTION ( 'NONE',  ( 0.0000000000000000000, 0.0000000000000000000, -1.000000000000000000 ) ) ;
#1826 = CARTESIAN_POINT ( 'NONE',  ( 19.40000000000003400, -33.51464577760261000, -1.130797072253771200 ) ) ;
#1827 = VECTOR ( 'NONE', #9185, 1000.000000000000000 ) ;
#1828 = CARTESIAN_POINT ( 'NONE',  ( 1.000000000128238100, -8.499967583596234300, -0.5195487043957477400 ) ) ;
#1829 = CARTESIAN_POINT ( 'NONE',  ( 6.400000000000033200, -18.59154984672225200, 27.28733548910896500 ) ) ;
#1830 = DIRECTION ( 'NONE',  ( 0.0000000000000000000, 0.0000000000000000000, 1.000000000000000000 ) ) ;
#1831 = ORIENTED_EDGE ( 'NONE', *, *, #3962, .F. ) ;
#1832 = CYLINDRICAL_SURFACE ( 'NONE', #1520, 1.250000000000932600 ) ;
#1833 = ORIENTED_EDGE ( 'NONE', *, *, #9669, .T. ) ;
#1834 = DIRECTION ( 'NONE',  ( -1.000000000000000000, 0.0000000000000000000, 0.0000000000000000000 ) ) ;
#1835 = AXIS2_PLACEMENT_3D ( 'NONE', #499, #3608, #5168 ) ;
#1836 = CARTESIAN_POINT ( 'NONE',  ( 8.999999999997106300, -2.027949901092137800, -6.490823896606804600 ) ) ;
#1837 = CARTESIAN_POINT ( 'NONE',  ( 1.000000000128238800, 8.364359669423995700, -1.512824100800854500 ) ) ;
#1838 = CARTESIAN_POINT ( 'NONE',  ( -1.100000000000000100, 1.317710092897502400E-017, 7.249999999999999100 ) ) ;
#1839 = CARTESIAN_POINT ( 'NONE',  ( 20.00000000000006000, -9.141471494918343800, -9.937789666580162200 ) ) ;
#1840 = ORIENTED_EDGE ( 'NONE', *, *, #7009, .T. ) ;
#1842 = VERTEX_POINT ( 'NONE', #3231 ) ;
#1841 = CARTESIAN_POINT ( 'NONE',  ( 0.0000000000000000000, -3.327635673973334400, 14.14641771492635600 ) ) ;
#1843 = CARTESIAN_POINT ( 'NONE',  ( -2.168404344971008900E-016, 4.847442661865914100, 30.77138846960834700 ) ) ;
#1844 = CYLINDRICAL_SURFACE ( 'NONE', #2355, 1.249999999999999300 ) ;
#1845 = VERTEX_POINT ( 'NONE', #7100 ) ;
#1846 = CARTESIAN_POINT ( 'NONE',  ( 0.0000000000000000000, 10.60660171779823100, 10.60660171779819000 ) ) ;
#1847 = EDGE_CURVE ( 'NONE', #4737, #2189, #7484, .T. ) ;
#1848 = CARTESIAN_POINT ( 'NONE',  ( 6.399999999999979000, -15.55634918610482300, -15.55634918610326000 ) ) ;
#1849 = DIRECTION ( 'NONE',  ( 1.000000000000000000, 0.0000000000000000000, 0.0000000000000000000 ) ) ;
#1850 = CARTESIAN_POINT ( 'NONE',  ( 1.000000000128238500, 6.249999999999999100, 6.446607438115323100E-014 ) ) ;
#1851 = VERTEX_POINT ( 'NONE', #5519 ) ;
#1852 = ORIENTED_EDGE ( 'NONE', *, *, #3124, .T. ) ;
#1853 = VERTEX_POINT ( 'NONE', #198 ) ;
#1854 = CARTESIAN_POINT ( 'NONE',  ( 19.40000000000003800, 9.835020519411592900, 32.03111379342615800 ) ) ;
#1855 = ORIENTED_EDGE ( 'NONE', *, *, #6451, .F. ) ;
#1856 = VERTEX_POINT ( 'NONE', #995 ) ;
#1857 = AXIS2_PLACEMENT_3D ( 'NONE', #2316, #695, #3100 ) ;
#1858 = EDGE_CURVE ( 'NONE', #8341, #7717, #5370, .T. ) ;
#1859 = ORIENTED_EDGE ( 'NONE', *, *, #2515, .T. ) ;
#1860 = VECTOR ( 'NONE', #3736, 1000.000000000000000 ) ;
#1861 = CARTESIAN_POINT ( 'NONE',  ( 0.0000000000000000000, -18.91510639674024200, 18.91510639674090300 ) ) ;
#1862 = ORIENTED_EDGE ( 'NONE', *, *, #8610, .T. ) ;
#1863 = DIRECTION ( 'NONE',  ( 0.0000000000000000000, 0.0000000000000000000, 1.000000000000000000 ) ) ;
#1864 = VERTEX_POINT ( 'NONE', #3169 ) ;
#1865 = CARTESIAN_POINT ( 'NONE',  ( 1.000000000128238500, -8.069614187852508300, 2.676814450618943300 ) ) ;
#1866 = CARTESIAN_POINT ( 'NONE',  ( 6.400000000000035000, -25.93176369521912900, 20.42199582741837100 ) ) ;
#1867 = FACE_BOUND ( 'NONE', #9959, .T. ) ;
#1868 = AXIS2_PLACEMENT_3D ( 'NONE', #2747, #8856, #7394 ) ;
#1869 = ORIENTED_EDGE ( 'NONE', *, *, #6278, .T. ) ;
#1870 = ADVANCED_FACE ( 'NONE', ( #1983 ), #976, .T. ) ;
#1871 = EDGE_LOOP ( 'NONE', ( #2310, #9160 ) ) ;
#1872 = CARTESIAN_POINT ( 'NONE',  ( 8.999999999997106300, 0.6875593930897835300, -6.765404620716190600 ) ) ;
#1873 = CARTESIAN_POINT ( 'NONE',  ( 1.000000000128238800, 7.706809493144148400, 3.590557665657724500 ) ) ;
#1874 = CARTESIAN_POINT ( 'NONE',  ( -0.7257140799849365300, -0.7503170222419995900, -5.574343046255169300 ) ) ;
#1875 = CARTESIAN_POINT ( 'NONE',  ( 20.00000000000006000, -6.762399619775269600, -11.68509863675372900 ) ) ;
#1876 = CARTESIAN_POINT ( 'NONE',  ( 21.00000000000006400, -9.656091610635257900, 28.40363544405794400 ) ) ;
#1877 = CARTESIAN_POINT ( 'NONE',  ( -2.168404344971009900E-016, 20.50548430693526200, 23.54611101283390800 ) ) ;
#1878 = UNCERTAINTY_MEASURE_WITH_UNIT (LENGTH_MEASURE( 1.000000000000000100E-005 ), #9237, 'distance_accuracy_value', 'NONE');
#1879 = ADVANCED_FACE ( 'NONE', ( #7257 ), #5812, .F. ) ;
#1880 = EDGE_CURVE ( 'NONE', #4012, #9508, #7741, .T. ) ;
#1881 = CARTESIAN_POINT ( 'NONE',  ( -1.099999999866668700, 1.785741214135863300, 4.401591234495052500 ) ) ;
#1882 = APPROVAL_DATE_TIME ( #3921, #1628 ) ;
#1883 = LOCAL_TIME ( 11, 40, 0.0000000000000000000, #4650 ) ;
#1884 = ORIENTED_EDGE ( 'NONE', *, *, #5215, .T. ) ;
#1885 = DIRECTION ( 'NONE',  ( 0.0000000000000000000, 0.6423556150033356000, -0.7664067222263166700 ) ) ;
#1886 = CARTESIAN_POINT ( 'NONE',  ( -0.5999999998557562500, -5.689999999991777600, 0.8284926070827398600 ) ) ;
#1887 = AXIS2_PLACEMENT_3D ( 'NONE', #2240, #2137, #8421 ) ;
#1888 = CARTESIAN_POINT ( 'NONE',  ( 19.40000000000003400, -22.51176135868632100, 24.81161742925767700 ) ) ;
#1889 = CARTESIAN_POINT ( 'NONE',  ( 0.0000000000000000000, -10.60660171779941200, -9.356601717797014200 ) ) ;
#1890 = VECTOR ( 'NONE', #8374, 1000.000000000000000 ) ;
#1891 = VERTEX_POINT ( 'NONE', #4798 ) ;
#1892 = CARTESIAN_POINT ( 'NONE',  ( 19.40000000000003400, 24.87646841607282900, -21.68584965647018900 ) ) ;
#1893 = ORIENTED_EDGE ( 'NONE', *, *, #1799, .F. ) ;
#1894 = DIRECTION ( 'NONE',  ( 0.0000000000000000000, 0.0000000000000000000, -1.000000000000000000 ) ) ;
#1895 = EDGE_CURVE ( 'NONE', #1960, #2195, #9743, .T. ) ;
#1896 = CARTESIAN_POINT ( 'NONE',  ( 1.000000000128238300, -4.530583542577320900, -7.192286245344642600 ) ) ;
#1897 = EDGE_CURVE ( 'NONE', #5194, #7990, #4001, .T. ) ;
#1898 = CARTESIAN_POINT ( 'NONE',  ( 6.400000000000034100, -27.02190246637098200, 18.94248527055980000 ) ) ;
#1899 = VECTOR ( 'NONE', #7557, 1000.000000000000000 ) ;
#1900 = EDGE_LOOP ( 'NONE', ( #385, #671 ) ) ;
#1901 = CARTESIAN_POINT ( 'NONE',  ( 2.000000000128237900, 6.249999999999999100, 6.446607438115323100E-014 ) ) ;
#1902 = EDGE_CURVE ( 'NONE', #4788, #9233, #5580, .T. ) ;
#1903 = CARTESIAN_POINT ( 'NONE',  ( 1.000000000128238500, 7.797549277625836200, -3.395722105693073500 ) ) ;
#1904 = CARTESIAN_POINT ( 'NONE',  ( 1.699756038043516400, 0.0000000000000000000, 0.0000000000000000000 ) ) ;
#1905 = CARTESIAN_POINT ( 'NONE',  ( -2.168404344971008900E-016, 5.257939812112328900, 30.70266124235048700 ) ) ;
#1906 = CIRCLE ( 'NONE', #6151, 1.249999999999999300 ) ;
#1907 = ORIENTED_EDGE ( 'NONE', *, *, #5171, .F. ) ;
#1908 = CARTESIAN_POINT ( 'NONE',  ( 6.500999999999997700, -15.55634918610525300, -16.80634918610368800 ) ) ;
#1909 = AXIS2_PLACEMENT_3D ( 'NONE', #2288, #1384, #6872 ) ;
#1910 = ORIENTED_EDGE ( 'NONE', *, *, #3085, .F. ) ;
#1911 = DIRECTION ( 'NONE',  ( -4.818676322157796400E-017, 1.000000000000000000, 0.0000000000000000000 ) ) ;
#1912 = FACE_BOUND ( 'NONE', #4958, .T. ) ;
#1913 = CARTESIAN_POINT ( 'NONE',  ( 6.400000000000035000, -32.69228370187600800, -4.499995123873254100 ) ) ;
#1914 = EDGE_CURVE ( 'NONE', #9364, #3882, #3284, .T. ) ;
#1915 = CYLINDRICAL_SURFACE ( 'NONE', #9927, 1.499999999999990900 ) ;
#1916 = CARTESIAN_POINT ( 'NONE',  ( 22.27639320225007000, 4.096102307012676100E-015, -33.44721359549987500 ) ) ;
#1917 = DIRECTION ( 'NONE',  ( 1.000000000000000000, 0.0000000000000000000, 0.0000000000000000000 ) ) ;
#1918 = EDGE_CURVE ( 'NONE', #6775, #3989, #6174, .T. ) ;
#1919 = ADVANCED_FACE ( 'NONE', ( #1950 ), #9280, .F. ) ;
#1920 = ORIENTED_EDGE ( 'NONE', *, *, #4647, .T. ) ;
#1921 = ORIENTED_EDGE ( 'NONE', *, *, #7411, .F. ) ;
#1922 = CARTESIAN_POINT ( 'NONE',  ( 19.40000000000003400, 23.08222224206892300, -23.62210436800480600 ) ) ;
#1923 = CIRCLE ( 'NONE', #4677, 0.7500000000000006700 ) ;
#1924 = ADVANCED_FACE ( 'NONE', ( #9504 ), #1216, .F. ) ;
#1925 = CARTESIAN_POINT ( 'NONE',  ( -1.099999999866668500, -0.7469187602796707500, 4.708311803755676400 ) ) ;
#1926 = DIRECTION ( 'NONE',  ( 1.000000000000000000, 0.0000000000000000000, 0.0000000000000000000 ) ) ;
#1927 = LINE ( 'NONE', #900, #7847 ) ;
#1928 = CARTESIAN_POINT ( 'NONE',  ( 19.40000000000003100, 17.85705378104212900, -28.34396866164868500 ) ) ;
#1929 = CARTESIAN_POINT ( 'NONE',  ( 1.000000000128238800, -8.452666083385553400, -1.035816813051434900 ) ) ;
#1930 = AXIS2_PLACEMENT_3D ( 'NONE', #1482, #7677, #3067 ) ;
#1931 = VERTEX_POINT ( 'NONE', #4936 ) ;
#1932 = CARTESIAN_POINT ( 'NONE',  ( 6.400000000000034100, -28.19694129320360100, 17.26290936148644000 ) ) ;
#1933 = VECTOR ( 'NONE', #2367, 1000.000000000000000 ) ;
#1934 = VECTOR ( 'NONE', #7750, 1000.000000000000000 ) ;
#1935 = EDGE_CURVE ( 'NONE', #7252, #9015, #1477, .T. ) ;
#1936 = EDGE_CURVE ( 'NONE', #5475, #9304, #1340, .T. ) ;
#1937 = CONICAL_SURFACE ( 'NONE', #3050, 11.54999999999995300, 0.7853981633974500600 ) ;
#1938 = DIRECTION ( 'NONE',  ( 0.0000000000000000000, 1.000000000000000000, 0.0000000000000000000 ) ) ;
#1939 = CARTESIAN_POINT ( 'NONE',  ( 21.00000000000006400, 17.47708016023513600, -24.41379233002926700 ) ) ;
#1940 = CARTESIAN_POINT ( 'NONE',  ( 21.00000000000006000, -10.25821600449095200, 28.19354942700958600 ) ) ;
#1941 = CARTESIAN_POINT ( 'NONE',  ( -2.168404344971008400E-016, 28.61277362789846600, 12.31702094399855700 ) ) ;
#1942 = AXIS2_PLACEMENT_3D ( 'NONE', #3981, #7878, #6982 ) ;
#1943 = CIRCLE ( 'NONE', #9576, 1.250000000000002900 ) ;
#1944 = VERTEX_POINT ( 'NONE', #4979 ) ;
#1945 = LINE ( 'NONE', #7511, #2440 ) ;
#1946 = ORIENTED_EDGE ( 'NONE', *, *, #1518, .F. ) ;
#1947 = CARTESIAN_POINT ( 'NONE',  ( 6.400000000000037700, -30.50953113909020700, -12.62801842746834200 ) ) ;
#1948 = CC_DESIGN_PERSON_AND_ORGANIZATION_ASSIGNMENT ( #1756, #3158, ( #771 ) ) ;
#1949 = DIRECTION ( 'NONE',  ( 0.0000000000000000000, 0.0000000000000000000, 1.000000000000000000 ) ) ;
#1950 = FACE_OUTER_BOUND ( 'NONE', #7928, .T. ) ;
#1951 = EDGE_CURVE ( 'NONE', #6931, #465, #4112, .T. ) ;
#1952 = ORIENTED_EDGE ( 'NONE', *, *, #9633, .F. ) ;
#1953 = ORIENTED_EDGE ( 'NONE', *, *, #1570, .F. ) ;
#1954 = CARTESIAN_POINT ( 'NONE',  ( 19.40000000000003400, 31.43778022180571700, -10.03500595337164100 ) ) ;
#1955 = ORIENTED_EDGE ( 'NONE', *, *, #1154, .T. ) ;
#1956 = CARTESIAN_POINT ( 'NONE',  ( 21.38196601125016000, 73.95574802150270000, 17.62235326453198100 ) ) ;
#1957 = CARTESIAN_POINT ( 'NONE',  ( 19.40000000000003100, 24.01579668955603700, -23.38103107924230900 ) ) ;
#1958 = CARTESIAN_POINT ( 'NONE',  ( 1.000000000128238800, -8.259026333418161100, -2.018039557831496900 ) ) ;
#1959 = CARTESIAN_POINT ( 'NONE',  ( 6.400000000000035900, -24.75472548380636400, 21.86829664699296700 ) ) ;
#1960 = VERTEX_POINT ( 'NONE', #3339 ) ;
#1961 = CARTESIAN_POINT ( 'NONE',  ( 6.500999999999997700, 10.60660171779701100, -11.85660171779823300 ) ) ;
#1962 = EDGE_LOOP ( 'NONE', ( #7772, #2936 ) ) ;
#1963 = VERTEX_POINT ( 'NONE', #4140 ) ;
#1964 = VERTEX_POINT ( 'NONE', #4069 ) ;
#1965 = DIRECTION ( 'NONE',  ( 0.0000000000000000000, 0.0000000000000000000, -1.000000000000000000 ) ) ;
#1966 = ORIENTED_EDGE ( 'NONE', *, *, #6030, .F. ) ;
#1967 = DIRECTION ( 'NONE',  ( 0.0000000000000000000, 0.0000000000000000000, 1.000000000000000000 ) ) ;
#1968 = CARTESIAN_POINT ( 'NONE',  ( 1.000000000128238500, 1.578626225734825800, -8.352182949521752800 ) ) ;
#1969 = DIRECTION ( 'NONE',  ( -1.000000000000000000, 0.0000000000000000000, 0.0000000000000000000 ) ) ;
#1970 = DIRECTION ( 'NONE',  ( 0.0000000000000000000, 0.0000000000000000000, -1.000000000000000000 ) ) ;
#1971 = CARTESIAN_POINT ( 'NONE',  ( 21.00000000000006000, 28.40363544406205800, 9.656091610629500700 ) ) ;
#1972 = CARTESIAN_POINT ( 'NONE',  ( -2.168404344971008900E-016, 28.95056051767683400, 11.49520987123889200 ) ) ;
#1973 = VERTEX_POINT ( 'NONE', #4105 ) ;
#1974 = ORIENTED_EDGE ( 'NONE', *, *, #1359, .F. ) ;
#1975 = ORIENTED_EDGE ( 'NONE', *, *, #9631, .T. ) ;
#1976 = ORIENTED_EDGE ( 'NONE', *, *, #9058, .T. ) ;
#1977 = EDGE_CURVE ( 'NONE', #6547, #7668, #4348, .T. ) ;
#1978 = CARTESIAN_POINT ( 'NONE',  ( 1.892869739333573400, -8.294799051497722600E-015, -33.86608717416680700 ) ) ;
#1979 = DIRECTION ( 'NONE',  ( 1.000000000000000000, 6.071532165918827900E-018, 5.551115123125788900E-017 ) ) ;
#1980 = DIRECTION ( 'NONE',  ( -1.000000000000000000, 0.0000000000000000000, 0.0000000000000000000 ) ) ;
#1981 = CARTESIAN_POINT ( 'NONE',  ( 21.00000000000006000, 16.86094788897911200, 14.13182353007320600 ) ) ;
#1982 = CARTESIAN_POINT ( 'NONE',  ( 6.400000000000036800, -32.27771842965199100, 6.949463432671115500 ) ) ;
#1983 = FACE_OUTER_BOUND ( 'NONE', #7380, .T. ) ;
#1984 = DIRECTION ( 'NONE',  ( 1.000000000000000000, 6.071532165918827900E-018, 5.551115123125788900E-017 ) ) ;
#1985 = EDGE_LOOP ( 'NONE', ( #5091, #4126, #4588, #7524 ) ) ;
#1986 = AXIS2_PLACEMENT_3D ( 'NONE', #5536, #5578, #7049 ) ;
#1987 = CARTESIAN_POINT ( 'NONE',  ( 19.40000000000003100, 28.98714761530300500, -15.77169475317526400 ) ) ;
#1988 = CARTESIAN_POINT ( 'NONE',  ( -1.099999999866668500, -4.423870039718426700, -1.729813541151284700 ) ) ;
#1989 = DIRECTION ( 'NONE',  ( 7.228014483236698300E-017, -1.000000000000000000, 0.0000000000000000000 ) ) ;
#1990 = CARTESIAN_POINT ( 'NONE',  ( 19.40000000000003400, -8.325992237983996300, -32.44896221892410900 ) ) ;
#1991 = COORDINATED_UNIVERSAL_TIME_OFFSET ( 8, 0, .AHEAD. ) ;
#1992 = CIRCLE ( 'NONE', #3480, 1.249999999999999300 ) ;
#1993 = CARTESIAN_POINT ( 'NONE',  ( 1.899999999999999900, 0.0000000000000000000, 4.750000000000000000 ) ) ;
#1994 = CARTESIAN_POINT ( 'NONE',  ( 8.999999999997102800, 5.714874662137150500, 3.708550148103732200 ) ) ;
#1995 = AXIS2_PLACEMENT_3D ( 'NONE', #6199, #857, #2424 ) ;
#1996 = VERTEX_POINT ( 'NONE', #4876 ) ;
#1997 = UNCERTAINTY_MEASURE_WITH_UNIT (LENGTH_MEASURE( 1.000000000000000100E-005 ), #9265, 'distance_accuracy_value', 'NONE');
#1998 = CARTESIAN_POINT ( 'NONE',  ( 1.288037624240597100, 30.79735777396071200, -5.521301798375168000 ) ) ;
#1999 = AXIS2_PLACEMENT_3D ( 'NONE', #5208, #3721, #7634 ) ;
#2000 = CALENDAR_DATE ( 2025, 28, 7 ) ;
#2001 = DIRECTION ( 'NONE',  ( -1.000000000000000000, 0.0000000000000000000, 0.0000000000000000000 ) ) ;
#2002 = DATE_AND_TIME ( #3815, #1883 ) ;
#2003 = CARTESIAN_POINT ( 'NONE',  ( 21.00000000000006000, 9.569680391767363400, -28.43276540042417000 ) ) ;
#2004 = CARTESIAN_POINT ( 'NONE',  ( -1.099999999866669000, 6.698906942988179300E-016, 4.749999999999928100 ) ) ;
#2005 = VERTEX_POINT ( 'NONE', #4199 ) ;
#2006 = CARTESIAN_POINT ( 'NONE',  ( 21.00000000000005700, 29.67361463507781100, 4.426443588254950400 ) ) ;
#2007 = CARTESIAN_POINT ( 'NONE',  ( -2.168404344971008400E-016, 20.07298931344042000, -23.86186268308791000 ) ) ;
#2008 = ORIENTED_EDGE ( 'NONE', *, *, #5532, .F. ) ;
#2009 = AXIS2_PLACEMENT_3D ( 'NONE', #597, #5234, #5998 ) ;
#2011 = CARTESIAN_POINT ( 'NONE',  ( 0.0000000000000000000, -15.55634918610412000, 14.30634918610503600 ) ) ;
#2010 = LINE ( 'NONE', #7968, #8316 ) ;
#2012 = DIRECTION ( 'NONE',  ( 1.000000000000000000, 6.071532165918826400E-018, 5.551115123125788900E-017 ) ) ;
#2013 = DIRECTION ( 'NONE',  ( -1.000000000000000000, -0.0000000000000000000, -0.0000000000000000000 ) ) ;
#2014 = AXIS2_PLACEMENT_3D ( 'NONE', #8125, #8158, #2652 ) ;
#2015 = ORIENTED_EDGE ( 'NONE', *, *, #4181, .T. ) ;
#2016 = DIRECTION ( 'NONE',  ( 1.000000000000000000, 0.0000000000000000000, 0.0000000000000000000 ) ) ;
#2017 = FACE_OUTER_BOUND ( 'NONE', #657, .T. ) ;
#2018 = CARTESIAN_POINT ( 'NONE',  ( 19.40000000000002700, 29.54996355189821200, -14.73241396041859200 ) ) ;
#2019 = ADVANCED_FACE ( 'NONE', ( #9396 ), #737, .F. ) ;
#2020 = CARTESIAN_POINT ( 'NONE',  ( 5.399999999999978200, 0.0000000000000000000, -32.19999999999984700 ) ) ;
#2021 = CARTESIAN_POINT ( 'NONE',  ( 19.40000000000003400, 27.41070651937949200, -19.25887542807964100 ) ) ;
#2022 = CARTESIAN_POINT ( 'NONE',  ( 8.999999999997104500, 6.488840304341396200, 2.033664520729680600 ) ) ;
#2023 = AXIS2_PLACEMENT_3D ( 'NONE', #7275, #3431, #7308 ) ;
#2024 = AXIS2_PLACEMENT_3D ( 'NONE', #8184, #9706, #3018 ) ;
#2025 = FACE_OUTER_BOUND ( 'NONE', #9138, .T. ) ;
#2026 = LINE ( 'NONE', #5744, #4306 ) ;
#2027 = CARTESIAN_POINT ( 'NONE',  ( 3.000000000000000000, -10.60660171779941200, -10.60660171779701200 ) ) ;
#2028 = DIRECTION ( 'NONE',  ( 0.0000000000000000000, 0.0000000000000000000, -1.000000000000000000 ) ) ;
#2029 = ORIENTED_EDGE ( 'NONE', *, *, #2463, .T. ) ;
#2030 = EDGE_CURVE ( 'NONE', #6612, #1497, #3155, .T. ) ;
#2031 = VERTEX_POINT ( 'NONE', #7909 ) ;
#2032 = CARTESIAN_POINT ( 'NONE',  ( 0.0000000000000000000, 26.50000000000000000, -6.000000000000003600 ) ) ;
#2033 = CARTESIAN_POINT ( 'NONE',  ( 11.17070943148337400, -1.092875789857602900E-016, -9.992007221555231900E-016 ) ) ;
#2034 = ORIENTED_EDGE ( 'NONE', *, *, #1731, .T. ) ;
#2035 = CARTESIAN_POINT ( 'NONE',  ( 21.00000000000006400, 29.73426877713615100, 3.987788483174188800 ) ) ;
#2036 = CARTESIAN_POINT ( 'NONE',  ( -2.168404344971009400E-016, 18.58968374106311600, -25.00436794155037000 ) ) ;
#2037 = FACE_OUTER_BOUND ( 'NONE', #7129, .T. ) ;
#2038 = FACE_OUTER_BOUND ( 'NONE', #7151, .T. ) ;
#2039 = CARTESIAN_POINT ( 'NONE',  ( -1.100000000000000100, 9.491012693391981900E-016, 7.499999999999992900 ) ) ;
#2040 = DIRECTION ( 'NONE',  ( 0.0000000000000000000, -1.000000000000000000, 0.0000000000000000000 ) ) ;
#2041 = DIRECTION ( 'NONE',  ( 0.0000000000000000000, 0.0000000000000000000, 1.000000000000000000 ) ) ;
#2042 = DIRECTION ( 'NONE',  ( -4.818676322157796400E-017, 1.000000000000000000, 0.0000000000000000000 ) ) ;
#2043 = ORIENTED_EDGE ( 'NONE', *, *, #3017, .T. ) ;
#2044 = CARTESIAN_POINT ( 'NONE',  ( 6.400000000000037700, -32.00338109879602700, 8.048885126191869700 ) ) ;
#2045 = EDGE_CURVE ( 'NONE', #5027, #3578, #485, .T. ) ;
#2046 = FACE_OUTER_BOUND ( 'NONE', #1499, .T. ) ;
#2047 = CIRCLE ( 'NONE', #6972, 0.7500000000000006700 ) ;
#2048 = CARTESIAN_POINT ( 'NONE',  ( 27.30496494509936100, 5.042386180099899500E-017, -25.99999999999989000 ) ) ;
#2049 = DIRECTION ( 'NONE',  ( 1.000000000000000000, 6.071532165918827900E-018, 5.551115123125788900E-017 ) ) ;
#2050 = LINE ( 'NONE', #6365, #2294 ) ;
#2051 = CARTESIAN_POINT ( 'NONE',  ( 1.299999999997001800, -16.86094788897901300, -14.13182353007332500 ) ) ;
#2052 = VERTEX_POINT ( 'NONE', #1304 ) ;
#2053 = CARTESIAN_POINT ( 'NONE',  ( 19.40000000000003800, 15.74353391994481500, 29.00245365150593500 ) ) ;
#2054 = DIRECTION ( 'NONE',  ( 1.000000000000000000, 4.436672166949062700E-017, 3.585467346377730400E-017 ) ) ;
#2055 = CIRCLE ( 'NONE', #6432, 5.249999999989539900 ) ;
#2056 = FACE_BOUND ( 'NONE', #5980, .T. ) ;
#2057 = DIRECTION ( 'NONE',  ( 0.0000000000000000000, 0.0000000000000000000, -1.000000000000000000 ) ) ;
#2058 = AXIS2_PLACEMENT_3D ( 'NONE', #8241, #522, #3664 ) ;
#2059 = CARTESIAN_POINT ( 'NONE',  ( 8.999999999997102800, 6.759063649465138800, 0.7471898622165194000 ) ) ;
#2060 = LINE ( 'NONE', #1398, #463 ) ;
#2061 = VERTEX_POINT ( 'NONE', #2974 ) ;
#2062 = ORIENTED_EDGE ( 'NONE', *, *, #4702, .F. ) ;
#2063 = DIRECTION ( 'NONE',  ( 1.000000000000000000, 6.071532165918827900E-018, 5.551115123125788900E-017 ) ) ;
#2064 = CARTESIAN_POINT ( 'NONE',  ( 6.499999999999998200, 21.50000000000000000, -2.999999999999985800 ) ) ;
#2065 = EDGE_CURVE ( 'NONE', #2810, #741, #3879, .T. ) ;
#2066 = CYLINDRICAL_SURFACE ( 'NONE', #1678, 1.000000000000000000 ) ;
#2067 = CARTESIAN_POINT ( 'NONE',  ( 21.00000000000006400, -3.662887500461859100, -29.79356190428483600 ) ) ;
#2068 = CARTESIAN_POINT ( 'NONE',  ( -1.099999999866669400, -1.092875789857602900E-016, -9.992007221555231900E-016 ) ) ;
#2069 = DIRECTION ( 'NONE',  ( 0.0000000000000000000, 0.0000000000000000000, 1.000000000000000000 ) ) ;
#2070 = CARTESIAN_POINT ( 'NONE',  ( 21.00000000000006400, 18.93730416350164700, 23.26768397324311300 ) ) ;
#2071 = CARTESIAN_POINT ( 'NONE',  ( -2.168404344971008400E-016, 28.57479347303784300, -12.44442691128044100 ) ) ;
#2072 = CYLINDRICAL_SURFACE ( 'NONE', #5649, 3.750000000001903800 ) ;
#2073 = VERTEX_POINT ( 'NONE', #6829 ) ;
#2074 = AXIS2_PLACEMENT_3D ( 'NONE', #2630, #4328, #3338 ) ;
#2075 = CARTESIAN_POINT ( 'NONE',  ( -1.999999999871762400, -6.250000000000000000, -2.282095908992510600E-014 ) ) ;
#2076 = CARTESIAN_POINT ( 'NONE',  ( -1.099999999866668700, 3.590352268658623600, 3.127109637709538000 ) ) ;
#2077 = CARTESIAN_POINT ( 'NONE',  ( 0.2000000000000008200, 25.40000000000000200, -0.7500000000000024400 ) ) ;
#2078 = CARTESIAN_POINT ( 'NONE',  ( 24.00000000000006000, -16.86094788897901300, -14.13182353007332500 ) ) ;
#2079 = CARTESIAN_POINT ( 'NONE',  ( 6.400000000000038500, 4.844685506482412600, -32.64251647885354400 ) ) ;
#2080 = ORIENTED_EDGE ( 'NONE', *, *, #1554, .T. ) ;
#2081 = EDGE_LOOP ( 'NONE', ( #2185, #2506 ) ) ;
#2082 = CARTESIAN_POINT ( 'NONE',  ( 2.000000000128237900, 6.965000000000010500, -0.6991244524402611100 ) ) ;
#2083 = CARTESIAN_POINT ( 'NONE',  ( 19.40000000000003100, -24.29268597982747100, 22.34549048066430600 ) ) ;
#2084 = EDGE_CURVE ( 'NONE', #6931, #1996, #4837, .T. ) ;
#2085 = CARTESIAN_POINT ( 'NONE',  ( 8.999999999997104500, -6.071532165920592400E-017, -5.551115123127392000E-016 ) ) ;
#2086 = EDGE_CURVE ( 'NONE', #6347, #1298, #2804, .T. ) ;
#2087 = CARTESIAN_POINT ( 'NONE',  ( 19.40000000000003800, 18.90567994328444000, 27.08494314347471000 ) ) ;
#2088 = ORIENTED_EDGE ( 'NONE', *, *, #9417, .F. ) ;
#2089 = ORIENTED_EDGE ( 'NONE', *, *, #8515, .F. ) ;
#2090 = VERTEX_POINT ( 'NONE', #7685 ) ;
#2091 = CARTESIAN_POINT ( 'NONE',  ( -1.099999999866668700, -2.867249597347498300, -3.787939934119699500 ) ) ;
#2092 = DIRECTION ( 'NONE',  ( 0.0000000000000000000, -0.6423556150033358200, 0.7664067222263164500 ) ) ;
#2093 = ORIENTED_EDGE ( 'NONE', *, *, #9567, .F. ) ;
#2094 = DIRECTION ( 'NONE',  ( -1.000000000000000000, -0.0000000000000000000, -0.0000000000000000000 ) ) ;
#2095 = CLOSED_SHELL ( 'NONE', ( #1924, #5318, #8779, #227, #3974, #5700, #8574, #9375, #1820, #6515, #9405, #177, #8687, #7184, #161, #6422, #1677, #3199, #8927, #3278, #2535, #858, #7954, #4851, #3328, #4604, #77, #1030, #383, #9466, #2571, #1721, #9564, #8872, #5552, #5466, #1658, #7862, #4046, #3988, #1003, #7961, #5628, #58, #4952, #802, #3925, #8669, #3146, #2682, #2019, #4797, #9527, #1630, #2587, #6328, #5766, #7077, #6522, #2594, #7941, #3374, #123, #4238, #5653, #1778, #4880, #2386 ) ) ;
#2096 = CARTESIAN_POINT ( 'NONE',  ( 8.999999999997102800, 3.288285847137968800, 5.952345099356909600 ) ) ;
#2097 = DIRECTION ( 'NONE',  ( 1.000000000000000000, -0.0000000000000000000, -0.0000000000000000000 ) ) ;
#2098 = DIRECTION ( 'NONE',  ( 1.000000000000000000, 0.0000000000000000000, 0.0000000000000000000 ) ) ;
#2099 = VECTOR ( 'NONE', #3704, 1000.000000000000000 ) ;
#2100 = EDGE_LOOP ( 'NONE', ( #2727, #6716, #7639, #4550, #1946, #2329, #864, #9404, #8417 ) ) ;
#2101 = ORIENTED_EDGE ( 'NONE', *, *, #8803, .F. ) ;
#2102 = DIRECTION ( 'NONE',  ( -1.000000000000000000, -6.071532165918827900E-018, -5.551115123125788900E-017 ) ) ;
#2103 = CARTESIAN_POINT ( 'NONE',  ( 21.00000000000006400, -27.24732554480852500, -12.61949978159543000 ) ) ;
#2104 = DIRECTION ( 'NONE',  ( 1.000000000000000000, 0.0000000000000000000, 0.0000000000000000000 ) ) ;
#2105 = DIRECTION ( 'NONE',  ( -1.000000000000000000, -0.0000000000000000000, -0.0000000000000000000 ) ) ;
#2106 = CARTESIAN_POINT ( 'NONE',  ( -2.168404344971008900E-016, 30.61765652907465100, 5.730087994399716500 ) ) ;
#2107 = VECTOR ( 'NONE', #8404, 1000.000000000000000 ) ;
#2108 = EDGE_CURVE ( 'NONE', #9740, #8395, #6830, .T. ) ;
#2109 = CARTESIAN_POINT ( 'NONE',  ( 20.00000000000006400, 10.17670625117382100, -8.871509788641601400 ) ) ;
#2110 = CARTESIAN_POINT ( 'NONE',  ( 6.500999999999997700, 18.91510639674020700, -18.91510639674008600 ) ) ;
#2111 = VERTEX_POINT ( 'NONE', #5699 ) ;
#2112 = CARTESIAN_POINT ( 'NONE',  ( 0.2000000000000007600, 26.62707314041903600, 8.000000000000000000 ) ) ;
#2113 = CARTESIAN_POINT ( 'NONE',  ( 6.400000000000038500, -8.201724226480207500, -31.96464916518365500 ) ) ;
#2114 = CARTESIAN_POINT ( 'NONE',  ( 19.40000000000003100, -32.78502433097824600, -3.761284301093192500 ) ) ;
#2115 = CARTESIAN_POINT ( 'NONE',  ( -1.099999999866668300, 4.749932597781281600, -0.6036725787784326100 ) ) ;
#2116 = APPROVAL_DATE_TIME ( #5376, #2668 ) ;
#2117 = DIRECTION ( 'NONE',  ( -1.000000000000000000, -0.0000000000000000000, -0.0000000000000000000 ) ) ;
#2118 = AXIS2_PLACEMENT_3D ( 'NONE', #5290, #9182, #6767 ) ;
#2119 = ORIENTED_EDGE ( 'NONE', *, *, #6701, .F. ) ;
#2120 = CARTESIAN_POINT ( 'NONE',  ( 0.2191311905569941200, 0.0000000000000000000, 0.0000000000000000000 ) ) ;
#2121 = CARTESIAN_POINT ( 'NONE',  ( 19.40000000000003400, 29.60683660003206100, 14.59278960510336800 ) ) ;
#2122 = CARTESIAN_POINT ( 'NONE',  ( 0.4999999999881765700, 18.91510639674002500, 18.91510639674027400 ) ) ;
#2123 = CARTESIAN_POINT ( 'NONE',  ( 1.282376982381094900E-010, -5.689999999999892900, -0.8284926070882686600 ) ) ;
#2124 = CARTESIAN_POINT ( 'NONE',  ( -1.100000000000000100, 0.0000000000000000000, 0.0000000000000000000 ) ) ;
#2125 = EDGE_CURVE ( 'NONE', #1232, #3491, #9993, .T. ) ;
#2126 = CARTESIAN_POINT ( 'NONE',  ( 8.999999999997102800, 3.429993627960136800, 5.871826980070400400 ) ) ;
#2127 = EDGE_CURVE ( 'NONE', #8689, #1604, #7755, .T. ) ;
#2128 = LINE ( 'NONE', #6464, #3105 ) ;
#2129 = AXIS2_PLACEMENT_3D ( 'NONE', #5227, #8903, #2872 ) ;
#2130 = DIRECTION ( 'NONE',  ( 1.000000000000000000, 0.0000000000000000000, 0.0000000000000000000 ) ) ;
#2131 = ORIENTED_EDGE ( 'NONE', *, *, #5875, .F. ) ;
#2132 = DIRECTION ( 'NONE',  ( 1.000000000000000000, 6.071532165918827900E-018, 5.551115123125788900E-017 ) ) ;
#2133 = CARTESIAN_POINT ( 'NONE',  ( -2.168404344971009400E-016, -5.550887149315547800, -30.65065030497371300 ) ) ;
#2134 = CARTESIAN_POINT ( 'NONE',  ( 21.00000000000006400, -26.59368771528065900, -13.91844341213536200 ) ) ;
#2135 = LINE ( 'NONE', #9188, #918 ) ;
#2136 = CARTESIAN_POINT ( 'NONE',  ( 1.282376982381094900E-010, 5.689999999999903600, -0.8284926070881906100 ) ) ;
#2137 = DIRECTION ( 'NONE',  ( -1.000000000000000000, -1.679403124341539000E-016, 1.865376329483171500E-017 ) ) ;
#2138 = AXIS2_PLACEMENT_3D ( 'NONE', #6934, #9298, #1669 ) ;
#2139 = ORIENTED_EDGE ( 'NONE', *, *, #7945, .F. ) ;
#2140 = CARTESIAN_POINT ( 'NONE',  ( 20.00000000000005700, 8.675171868609952600, 10.34369562856327500 ) ) ;
#2141 = DIRECTION ( 'NONE',  ( 0.0000000000000000000, -1.000000000000000000, 0.0000000000000000000 ) ) ;
#2142 = EDGE_CURVE ( 'NONE', #9566, #1758, #5205, .T. ) ;
#2143 = DIRECTION ( 'NONE',  ( -1.000000000000000000, 0.0000000000000000000, 0.0000000000000000000 ) ) ;
#2144 = DIRECTION ( 'NONE',  ( -1.000000000000000000, -6.123233995736766000E-017, 0.0000000000000000000 ) ) ;
#2145 = FACE_OUTER_BOUND ( 'NONE', #4527, .T. ) ;
#2146 = CARTESIAN_POINT ( 'NONE',  ( 6.400000000000035000, 3.050624450907905700, -32.86720801670628600 ) ) ;
#2147 = CIRCLE ( 'NONE', #442, 2.999999999964534600 ) ;
#2148 = DIRECTION ( 'NONE',  ( 6.123233995736767300E-017, -1.000000000000000000, 0.0000000000000000000 ) ) ;
#2149 = DIRECTION ( 'NONE',  ( 1.000000000000000000, 0.0000000000000000000, 0.0000000000000000000 ) ) ;
#2150 = DIRECTION ( 'NONE',  ( 0.0000000000000000000, 0.0000000000000000000, 1.000000000000000000 ) ) ;
#2151 = DIRECTION ( 'NONE',  ( 1.000000000000000000, 0.0000000000000000000, 0.0000000000000000000 ) ) ;
#2152 = ORIENTED_EDGE ( 'NONE', *, *, #4473, .T. ) ;
#2153 = CARTESIAN_POINT ( 'NONE',  ( -2.168404344971009400E-016, -11.67965702576094600, 28.87675955815100400 ) ) ;
#2154 = CARTESIAN_POINT ( 'NONE',  ( 19.40000000000003100, 10.03500595336615400, 31.43778022180791600 ) ) ;
#2155 = LINE ( 'NONE', #3126, #9590 ) ;
#2156 = CARTESIAN_POINT ( 'NONE',  ( 1.899999999999999900, 5.817072295949927400E-016, -4.750000000000000000 ) ) ;
#2157 = LINE ( 'NONE', #9822, #7960 ) ;
#2158 = DIRECTION ( 'NONE',  ( 0.0000000000000000000, 0.0000000000000000000, 1.000000000000000000 ) ) ;
#2159 = DIRECTION ( 'NONE',  ( 1.000000000000000000, 0.0000000000000000000, 0.0000000000000000000 ) ) ;
#2160 = AXIS2_PLACEMENT_3D ( 'NONE', #538, #2782, #3685 ) ;
#2161 = ORIENTED_EDGE ( 'NONE', *, *, #7765, .T. ) ;
#2162 = DIRECTION ( 'NONE',  ( 1.000000000000000000, 6.071532165918827900E-018, 5.551115123125788900E-017 ) ) ;
#2163 = CIRCLE ( 'NONE', #337, 31.77391398819611700 ) ;
#2164 = CIRCLE ( 'NONE', #8470, 1.000000000000000000 ) ;
#2165 = CARTESIAN_POINT ( 'NONE',  ( -2.168404344971009400E-016, -4.847442661863517800, -30.77138846960836100 ) ) ;
#2166 = EDGE_CURVE ( 'NONE', #2195, #1660, #5691, .T. ) ;
#2167 = CARTESIAN_POINT ( 'NONE',  ( 21.00000000000006000, -26.58958515891889700, 13.89327792351436300 ) ) ;
#2168 = CARTESIAN_POINT ( 'NONE',  ( 21.00000000000006000, 23.20994095747482100, -19.00788175668505500 ) ) ;
#2169 = CARTESIAN_POINT ( 'NONE',  ( 21.00000000000006000, 0.0000000000000000000, 0.0000000000000000000 ) ) ;
#2170 = ORIENTED_EDGE ( 'NONE', *, *, #9631, .F. ) ;
#2171 = CIRCLE ( 'NONE', #9194, 1.250000000000932600 ) ;
#2172 = CIRCLE ( 'NONE', #9448, 1.249999999999787700 ) ;
#2173 = CYLINDRICAL_SURFACE ( 'NONE', #572, 0.5000000000000004400 ) ;
#2174 = CARTESIAN_POINT ( 'NONE',  ( 20.00000000000006000, 13.51416210593811600, -0.02456631439280710900 ) ) ;
#2175 = CARTESIAN_POINT ( 'NONE',  ( 0.2000000000000005100, 26.75450302514602500, -8.000000000000005300 ) ) ;
#2176 = AXIS2_PLACEMENT_3D ( 'NONE', #4570, #6064, #725 ) ;
#2177 = CARTESIAN_POINT ( 'NONE',  ( 0.1500000000000010500, 24.40000000000000200, -0.7500000000000024400 ) ) ;
#2178 = CARTESIAN_POINT ( 'NONE',  ( 0.0000000000000000000, 0.0000000000000000000, 0.0000000000000000000 ) ) ;
#2179 = CARTESIAN_POINT ( 'NONE',  ( 6.400000000000035000, -8.048890488620445500, -32.00337976094120800 ) ) ;
#2180 = EDGE_CURVE ( 'NONE', #2278, #1275, #3516, .T. ) ;
#2181 = CARTESIAN_POINT ( 'NONE',  ( 19.40000000000003100, -32.97271886180202200, 1.760156411209078800 ) ) ;
#2182 = CARTESIAN_POINT ( 'NONE',  ( -1.099999999866668300, 1.625270760816799300, -4.463610776843220900 ) ) ;
#2183 = FACE_BOUND ( 'NONE', #6426, .T. ) ;
#2184 = B_SPLINE_CURVE_WITH_KNOTS ( 'NONE', 3,
 ( #840, #5436, #1632, #8444, #744, #4683, #6117, #2302, #6216, #45, #6146, #9986, #5339, #1501, #2235, #3090, #9256, #775, #6181, #6952 ),
 .UNSPECIFIED., .F., .F.,
 ( 4, 1, 1, 1, 2, 2, 2, 1, 1, 1, 2, 2, 4 ),
 ( 0.0000000000000000000, 0.1249999999999927800, 0.1874999999999896200, 0.2187499999999885100, 0.2343749999999885100, 0.2499999999999885100, 0.4999999999999996700, 0.6250000000000038900, 0.6875000000000047700, 0.7187500000000054400, 0.7343750000000072200, 0.7500000000000089900, 1.000000000000000000 ),
 .UNSPECIFIED. ) ;
#2185 = ORIENTED_EDGE ( 'NONE', *, *, #1172, .T. ) ;
#2186 = FACE_BOUND ( 'NONE', #6781, .T. ) ;
#2187 = CARTESIAN_POINT ( 'NONE',  ( -2.168404344971008400E-016, -17.10021191508899500, 26.03576097914146100 ) ) ;
#2188 = CARTESIAN_POINT ( 'NONE',  ( 19.40000000000003800, 28.75927479704887100, 16.18348521618467100 ) ) ;
#2189 = VERTEX_POINT ( 'NONE', #9630 ) ;
#2190 = AXIS2_PLACEMENT_3D ( 'NONE', #9903, #3035, #5623 ) ;
#2191 = CARTESIAN_POINT ( 'NONE',  ( 3.000000000000000900, -20.41510639674014300, -18.91510639674014300 ) ) ;
#2192 = CARTESIAN_POINT ( 'NONE',  ( -2.168404344971008900E-016, 17.50000000000000000, 0.0000000000000000000 ) ) ;
#2193 = ORIENTED_EDGE ( 'NONE', *, *, #603, .T. ) ;
#2194 = ORIENTED_EDGE ( 'NONE', *, *, #8315, .F. ) ;
#2195 = VERTEX_POINT ( 'NONE', #5886 ) ;
#2196 = DIRECTION ( 'NONE',  ( 1.000000000000000000, 1.679403124341539000E-016, -1.865376329483173100E-017 ) ) ;
#2197 = EDGE_LOOP ( 'NONE', ( #942, #2983, #7243, #4333 ) ) ;
#2198 = AXIS2_PLACEMENT_3D ( 'NONE', #3204, #9973, #2393 ) ;
#2199 = DIRECTION ( 'NONE',  ( 7.228014483236698300E-017, -1.000000000000000000, 0.0000000000000000000 ) ) ;
#2200 = CARTESIAN_POINT ( 'NONE',  ( 21.00000000000006800, -14.08913149480493800, -26.48591308842334500 ) ) ;
#2201 = CARTESIAN_POINT ( 'NONE',  ( 21.77120881839775600, -30.27556620127602500, -69.73801037592134800 ) ) ;
#2202 = VERTEX_POINT ( 'NONE', #4230 ) ;
#2203 = ORIENTED_EDGE ( 'NONE', *, *, #6207, .T. ) ;
#2204 = EDGE_LOOP ( 'NONE', ( #7039, #979, #2706, #5497 ) ) ;
#2205 = ORIENTED_EDGE ( 'NONE', *, *, #3043, .T. ) ;
#2206 = ORIENTED_EDGE ( 'NONE', *, *, #2260, .F. ) ;
#2207 = CARTESIAN_POINT ( 'NONE',  ( 20.00000000000006000, 12.82997844125336900, 4.200289803287599700 ) ) ;
#2208 = CARTESIAN_POINT ( 'NONE',  ( -2.168404344971008900E-016, 31.14921894064170300, 0.0000000000000000000 ) ) ;
#2209 = DIRECTION ( 'NONE',  ( 1.000000000000000000, 6.123233995736766000E-017, 0.0000000000000000000 ) ) ;
#2210 = DIRECTION ( 'NONE',  ( -1.000000000000000000, -0.0000000000000000000, -0.0000000000000000000 ) ) ;
#2211 = CARTESIAN_POINT ( 'NONE',  ( 24.00000000000006000, 64.22809626250703700, 15.30442503964910400 ) ) ;
#2212 = CARTESIAN_POINT ( 'NONE',  ( 6.400000000000038500, -18.97142964916144700, -27.00159139127842400 ) ) ;
#2213 = CARTESIAN_POINT ( 'NONE',  ( 6.399999999999979000, 18.91510639674004300, 20.16510639674024200 ) ) ;
#2214 = CYLINDRICAL_SURFACE ( 'NONE', #23, 1.249999999999999300 ) ;
#2215 = VERTEX_POINT ( 'NONE', #9695 ) ;
#2216 = CARTESIAN_POINT ( 'NONE',  ( 19.40000000000003100, -28.95512464212840000, 15.83041049965323100 ) ) ;
#2217 = CARTESIAN_POINT ( 'NONE',  ( 1.282376982381094900E-010, -0.8284926070882080400, -5.689999999999903600 ) ) ;
#2218 = ORIENTED_EDGE ( 'NONE', *, *, #1079, .T. ) ;
#2219 = ORIENTED_EDGE ( 'NONE', *, *, #8335, .T. ) ;
#2220 = EDGE_CURVE ( 'NONE', #1670, #5152, #7378, .T. ) ;
#2221 = AXIS2_PLACEMENT_3D ( 'NONE', #7532, #1353, #2989 ) ;
#2222 = CARTESIAN_POINT ( 'NONE',  ( 19.40000000000003800, 11.53417242819084100, 31.48112973553070400 ) ) ;
#2223 = CARTESIAN_POINT ( 'NONE',  ( 0.0000000000000000000, 0.0000000000000000000, 0.0000000000000000000 ) ) ;
#2224 = DIRECTION ( 'NONE',  ( 1.000000000000000000, 6.123233995736766000E-017, 0.0000000000000000000 ) ) ;
#2225 = DIRECTION ( 'NONE',  ( -1.000000000000000000, -0.0000000000000000000, -0.0000000000000000000 ) ) ;
#2226 = CARTESIAN_POINT ( 'NONE',  ( -0.6628243354502224600, -5.632201611226912900, -0.7894251520049452300 ) ) ;
#2227 = CONICAL_SURFACE ( 'NONE', #6649, 5.749999999977716500, 0.7853981633974482800 ) ;
#2228 = ORIENTED_EDGE ( 'NONE', *, *, #4877, .F. ) ;
#2229 = ORIENTED_EDGE ( 'NONE', *, *, #7682, .F. ) ;
#2230 = EDGE_CURVE ( 'NONE', #1201, #4634, #8282, .T. ) ;
#2231 = ADVANCED_FACE ( 'NONE', ( #1089 ), #724, .T. ) ;
#2232 = COORDINATED_UNIVERSAL_TIME_OFFSET ( 8, 0, .AHEAD. ) ;
#2233 = LINE ( 'NONE', #3343, #2486 ) ;
#2234 = CARTESIAN_POINT ( 'NONE',  ( -2.168404344971008900E-016, -16.82438091531986000, -26.21485713810610800 ) ) ;
#2235 = CARTESIAN_POINT ( 'NONE',  ( 0.2000000000000020900, 18.70015324762578500, 7.833205600377874900 ) ) ;
#2236 = CARTESIAN_POINT ( 'NONE',  ( 0.0000000000000000000, -1.092875789857602900E-016, 6.249999999999999100 ) ) ;
#2237 = EDGE_LOOP ( 'NONE', ( #5328, #6574 ) ) ;
#2238 = DIRECTION ( 'NONE',  ( 1.000000000000000000, -0.0000000000000000000, 0.0000000000000000000 ) ) ;
#2239 = AXIS2_PLACEMENT_3D ( 'NONE', #5825, #2802, #6528 ) ;
#2240 = CARTESIAN_POINT ( 'NONE',  ( 0.1000000000000013700, 23.00000000000000400, -2.581566074340896200E-015 ) ) ;
#2241 = EDGE_CURVE ( 'NONE', #7554, #5338, #5334, .T. ) ;
#2242 = CARTESIAN_POINT ( 'NONE',  ( 20.00000000000005700, 0.02456631436529202100, 13.51416210593776400 ) ) ;
#2244 = CARTESIAN_POINT ( 'NONE',  ( 0.1000000000000017800, 19.96667702163212600, -3.998403685112363000 ) ) ;
#2243 = DATE_AND_TIME ( #1273, #8174 ) ;
#2245 = CARTESIAN_POINT ( 'NONE',  ( 1.282376982381094900E-010, 6.249999999999999100, 6.446607438115323100E-014 ) ) ;
#2246 = CARTESIAN_POINT ( 'NONE',  ( 19.40000000000003400, -9.637322110073618800, -31.56147990111914200 ) ) ;
#2247 = ORIENTED_EDGE ( 'NONE', *, *, #8022, .T. ) ;
#2248 = CARTESIAN_POINT ( 'NONE',  ( 24.00000000000006000, 11.54999999999995300, 8.673617379884035500E-016 ) ) ;
#2249 = DIRECTION ( 'NONE',  ( 1.000000000000000000, 0.0000000000000000000, 0.0000000000000000000 ) ) ;
#2250 = DIRECTION ( 'NONE',  ( 1.000000000000000000, 0.0000000000000000000, 0.0000000000000000000 ) ) ;
#2251 = CARTESIAN_POINT ( 'NONE',  ( 19.40000000000003400, -15.74353391994734100, -29.00245365150496500 ) ) ;
#2252 = CARTESIAN_POINT ( 'NONE',  ( -1.099999999866668700, 3.127109637711242400, -3.590352268656659400 ) ) ;
#2253 = ORIENTED_EDGE ( 'NONE', *, *, #8935, .T. ) ;
#2254 = AXIS2_PLACEMENT_3D ( 'NONE', #7283, #2670, #382 ) ;
#2255 = LINE ( 'NONE', #2359, #176 ) ;
#2256 = DIRECTION ( 'NONE',  ( 0.0000000000000000000, 0.0000000000000000000, -1.000000000000000000 ) ) ;
#2257 = CARTESIAN_POINT ( 'NONE',  ( 1.350000000132411900, 0.0000000000000000000, 0.0000000000000000000 ) ) ;
#2258 = DIRECTION ( 'NONE',  ( 1.000000000000000000, 6.071532165918827900E-018, 5.551115123125788900E-017 ) ) ;
#2259 = DIRECTION ( 'NONE',  ( -1.000000000000000000, -6.123233995736766000E-017, -0.0000000000000000000 ) ) ;
#2260 = EDGE_CURVE ( 'NONE', #6446, #7845, #3629, .T. ) ;
#2261 = CARTESIAN_POINT ( 'NONE',  ( 8.999999999997104500, -4.368018182022542100, 5.211565711138788100 ) ) ;
#2262 = ORIENTED_EDGE ( 'NONE', *, *, #2693, .F. ) ;
#2263 = LINE ( 'NONE', #4339, #1665 ) ;
#2264 = LINE ( 'NONE', #6362, #6364 ) ;
#2265 = AXIS2_PLACEMENT_3D ( 'NONE', #232, #3330, #7958 ) ;
#2266 = CARTESIAN_POINT ( 'NONE',  ( -2.168404344971008900E-016, -29.27730359989571300, 10.64090942217382700 ) ) ;
#2267 = ORIENTED_EDGE ( 'NONE', *, *, #1799, .T. ) ;
#2268 = CARTESIAN_POINT ( 'NONE',  ( 1.699999999999999700, 1.040949779275250000E-016, 0.0000000000000000000 ) ) ;
#2269 = CARTESIAN_POINT ( 'NONE',  ( 2.999999999999998700, 15.55634918610283400, -16.80634918610531500 ) ) ;
#2270 = CARTESIAN_POINT ( 'NONE',  ( 6.500999999999997700, 10.60660171779823100, 9.356601717798191900 ) ) ;
#2271 = CIRCLE ( 'NONE', #1132, 31.50000000000000700 ) ;
#2272 = CARTESIAN_POINT ( 'NONE',  ( 20.00000000000006000, -1.191459630860973300, 13.44823423611025600 ) ) ;
#2273 = DIRECTION ( 'NONE',  ( 1.000000000000000000, 6.071532165918827900E-018, 5.551115123125788900E-017 ) ) ;
#2274 = EDGE_CURVE ( 'NONE', #7586, #5065, #236, .T. ) ;
#2275 = EDGE_CURVE ( 'NONE', #2052, #9003, #6411, .T. ) ;
#2276 = DIRECTION ( 'NONE',  ( 1.000000000000000000, 0.0000000000000000000, 0.0000000000000000000 ) ) ;
#2277 = ORIENTED_EDGE ( 'NONE', *, *, #4835, .T. ) ;
#2278 = VERTEX_POINT ( 'NONE', #6992 ) ;
#2279 = DIRECTION ( 'NONE',  ( -1.000000000000000000, -6.071532165918827900E-018, -5.551115123125788900E-017 ) ) ;
#2280 = VECTOR ( 'NONE', #5422, 1000.000000000000000 ) ;
#2281 = CARTESIAN_POINT ( 'NONE',  ( 19.40000000000003400, -28.74191458941761100, -16.21429328368404700 ) ) ;
#2282 = CARTESIAN_POINT ( 'NONE',  ( 0.2000000000000018700, 18.28085267801144200, -7.609174792222937400 ) ) ;
#2283 = CIRCLE ( 'NONE', #8961, 1.000000000000000200 ) ;
#2284 = VERTEX_POINT ( 'NONE', #7746 ) ;
#2285 = CARTESIAN_POINT ( 'NONE',  ( 19.40000000000003400, 33.51464577759563200, 1.130797072382332600 ) ) ;
#2286 = DIRECTION ( 'NONE',  ( 0.0000000000000000000, 0.0000000000000000000, -1.000000000000000000 ) ) ;
#2287 = EDGE_LOOP ( 'NONE', ( #4811, #2959, #6803, #3182 ) ) ;
#2288 = CARTESIAN_POINT ( 'NONE',  ( 0.1000000000000009100, 25.90000000000000200, -2.661168116285474200E-015 ) ) ;
#2289 = DIRECTION ( 'NONE',  ( -1.000000000000000000, -0.0000000000000000000, -0.0000000000000000000 ) ) ;
#2290 = DIRECTION ( 'NONE',  ( 0.7071067811865487900, 8.659560562354918100E-017, 0.7071067811865463500 ) ) ;
#2291 = VECTOR ( 'NONE', #1320, 1000.000000000000000 ) ;
#2292 = CIRCLE ( 'NONE', #2658, 1.250000000000849300 ) ;
#2293 = DIRECTION ( 'NONE',  ( -1.000000000000000000, -0.0000000000000000000, -0.0000000000000000000 ) ) ;
#2294 = VECTOR ( 'NONE', #5460, 1000.000000000000000 ) ;
#2295 = CARTESIAN_POINT ( 'NONE',  ( -1.099999999827110800, -0.09475699373041954200, 5.249999999999992000 ) ) ;
#2296 = AXIS2_PLACEMENT_3D ( 'NONE', #9460, #270, #4193 ) ;
#2297 = VERTEX_POINT ( 'NONE', #6860 ) ;
#2298 = VECTOR ( 'NONE', #997, 1000.000000000000200 ) ;
#2299 = CIRCLE ( 'NONE', #8239, 33.50000000000007100 ) ;
#2300 = CARTESIAN_POINT ( 'NONE',  ( -2.168404344971008900E-016, -30.44542260681805600, 6.661179728833710500 ) ) ;
#2301 = EDGE_CURVE ( 'NONE', #4358, #5065, #7499, .T. ) ;
#2302 = CARTESIAN_POINT ( 'NONE',  ( 0.2000000000000022600, 17.63408272265250800, 6.720161111133244000 ) ) ;
#2303 = VECTOR ( 'NONE', #778, 1000.000000000000000 ) ;
#2304 = CARTESIAN_POINT ( 'NONE',  ( 6.500000000128237900, -1.092875789857602900E-016, -6.249999999999661600 ) ) ;
#2305 = EDGE_LOOP ( 'NONE', ( #6307, #5242, #9687, #1652 ) ) ;
#2307 = ORIENTED_EDGE ( 'NONE', *, *, #2127, .F. ) ;
#2306 = DIRECTION ( 'NONE',  ( 1.000000000000000000, 6.071532165918827900E-018, 5.551115123125788900E-017 ) ) ;
#2308 = EDGE_CURVE ( 'NONE', #7884, #6398, #113, .T. ) ;
#2309 = CARTESIAN_POINT ( 'NONE',  ( 20.00000000000006000, -3.492161216141677300, 13.04409189338504200 ) ) ;
#2310 = ORIENTED_EDGE ( 'NONE', *, *, #2430, .T. ) ;
#2311 = VECTOR ( 'NONE', #4249, 1000.000000000000000 ) ;
#2312 = AXIS2_PLACEMENT_3D ( 'NONE', #4569, #4637, #815 ) ;
#2313 = CARTESIAN_POINT ( 'NONE',  ( 0.1000000000000013700, 23.00000000000000400, -2.581566074340896200E-015 ) ) ;
#2314 = ORIENTED_EDGE ( 'NONE', *, *, #4359, .T. ) ;
#2315 = DIRECTION ( 'NONE',  ( 0.7071067811865462400, 0.7071067811865489100, 6.821954186349553400E-017 ) ) ;
#2316 = CARTESIAN_POINT ( 'NONE',  ( 1.999999999999998200, 18.91510639674020700, -18.91510639674008600 ) ) ;
#2317 = CYLINDRICAL_SURFACE ( 'NONE', #3257, 17.99999999999990100 ) ;
#2318 = ORIENTED_EDGE ( 'NONE', *, *, #4538, .T. ) ;
#2319 = CARTESIAN_POINT ( 'NONE',  ( 19.40000000000003800, -11.41816335550774600, -30.97071548965715200 ) ) ;
#2320 = PLANE ( 'NONE',  #7164 ) ;
#2321 = EDGE_CURVE ( 'NONE', #6428, #8846, #8243, .T. ) ;
#2322 = CARTESIAN_POINT ( 'NONE',  ( 19.40000000000003400, 26.72529216809228100, 20.25509831256444900 ) ) ;
#2323 = CARTESIAN_POINT ( 'NONE',  ( -1.100000000000000100, 0.0000000000000000000, 0.0000000000000000000 ) ) ;
#2324 = EDGE_LOOP ( 'NONE', ( #9431, #9989 ) ) ;
#2325 = CARTESIAN_POINT ( 'NONE',  ( 0.0000000000000000000, 1.317710092897502400E-017, 7.249999999999999100 ) ) ;
#2326 = DIRECTION ( 'NONE',  ( 1.000000000000000000, 6.071532165918827900E-018, 5.551115123125788900E-017 ) ) ;
#2327 = VERTEX_POINT ( 'NONE', #6126 ) ;
#2328 = CARTESIAN_POINT ( 'NONE',  ( 1.282368308763715000E-010, -1.092875789857602900E-016, 6.249999999999999100 ) ) ;
#2329 = ORIENTED_EDGE ( 'NONE', *, *, #7059, .F. ) ;
#2330 = AXIS2_PLACEMENT_3D ( 'NONE', #114, #8562, #1789 ) ;
#2331 = CARTESIAN_POINT ( 'NONE',  ( 0.1000000000000011300, 24.40000000000000200, -2.201925566605216300E-015 ) ) ;
#2332 = ORIENTED_EDGE ( 'NONE', *, *, #1936, .T. ) ;
#2333 = VERTEX_POINT ( 'NONE', #4540 ) ;
#2334 = EDGE_CURVE ( 'NONE', #6304, #4849, #8694, .T. ) ;
#2335 = ORIENTED_EDGE ( 'NONE', *, *, #870, .F. ) ;
#2336 = APPROVAL ( #7851, '未指定' ) ;
#2337 = VERTEX_POINT ( 'NONE', #694 ) ;
#2338 = ADVANCED_FACE ( 'NONE', ( #8121 ), #7139, .F. ) ;
#2339 = CARTESIAN_POINT ( 'NONE',  ( -2.168404344971008900E-016, -30.70266789340552500, 5.257903867238605100 ) ) ;
#2340 = CARTESIAN_POINT ( 'NONE',  ( 1.500000000000029100, 3.857637417314163500E-015, 31.50000000000000700 ) ) ;
#2341 = DIRECTION ( 'NONE',  ( -1.000000000000000000, -6.123233995736766000E-017, 0.0000000000000000000 ) ) ;
#2342 = CARTESIAN_POINT ( 'NONE',  ( 6.400000000000037700, 31.79539628401031900, -8.841240372361578900 ) ) ;
#2343 = VECTOR ( 'NONE', #3951, 1000.000000000000000 ) ;
#2344 = CARTESIAN_POINT ( 'NONE',  ( 24.00000000000006000, -9.635334225049955800, 10.24610083339481500 ) ) ;
#2345 = ORIENTED_EDGE ( 'NONE', *, *, #1936, .F. ) ;
#2346 = CARTESIAN_POINT ( 'NONE',  ( 0.2000000000000009500, 24.90000000000000200, 2.894078711698372600 ) ) ;
#2347 = DIRECTION ( 'NONE',  ( 0.0000000000000000000, 0.0000000000000000000, 1.000000000000000000 ) ) ;
#2348 = PERSON_AND_ORGANIZATION_ROLE ( 'design_supplier' ) ;
#2349 = CARTESIAN_POINT ( 'NONE',  ( 6.400000000000037700, 28.19694129320734200, -17.26290936147823600 ) ) ;
#2350 = CARTESIAN_POINT ( 'NONE',  ( 1.500000000000029100, 3.857637417314163500E-015, 31.50000000000000700 ) ) ;
#2351 = CARTESIAN_POINT ( 'NONE',  ( 24.00000000000006000, 9.635334225050032200, -11.49610083339474900 ) ) ;
#2352 = CARTESIAN_POINT ( 'NONE',  ( 19.40000000000003400, -15.91839903384672000, -28.90696445449458500 ) ) ;
#2353 = FACE_OUTER_BOUND ( 'NONE', #4052, .T. ) ;
#2354 = ORIENTED_EDGE ( 'NONE', *, *, #8072, .T. ) ;
#2355 = AXIS2_PLACEMENT_3D ( 'NONE', #3529, #6628, #1747 ) ;
#2356 = VERTEX_POINT ( 'NONE', #3160 ) ;
#2357 = CARTESIAN_POINT ( 'NONE',  ( 19.40000000000003800, 28.34396866164727800, 17.85705378104414000 ) ) ;
#2358 = DIRECTION ( 'NONE',  ( 0.0000000000000000000, 0.0000000000000000000, 1.000000000000000000 ) ) ;
#2359 = CARTESIAN_POINT ( 'NONE',  ( 23.31307791393078300, 1.451207502099228900E-015, 11.85000853396763900 ) ) ;
#2360 = DIRECTION ( 'NONE',  ( -1.000000000000000000, 0.0000000000000000000, 0.0000000000000000000 ) ) ;
#2361 = DIRECTION ( 'NONE',  ( -1.000000000000000000, -0.0000000000000000000, -0.0000000000000000000 ) ) ;
#2362 = APPROVAL_DATE_TIME ( #2243, #3499 ) ;
#2363 = DATE_AND_TIME ( #41, #274 ) ;
#2364 = EDGE_CURVE ( 'NONE', #2111, #1856, #5994, .T. ) ;
#2365 = ORIENTED_EDGE ( 'NONE', *, *, #6451, .T. ) ;
#2366 = CARTESIAN_POINT ( 'NONE',  ( -2.168404344971008900E-016, -29.12231354726987600, 11.05412060888780300 ) ) ;
#2367 = DIRECTION ( 'NONE',  ( 1.000000000000000000, 0.0000000000000000000, 0.0000000000000000000 ) ) ;
#2368 = DIRECTION ( 'NONE',  ( -6.123233995736766000E-017, 1.000000000000000000, 0.0000000000000000000 ) ) ;
#2369 = PLANE ( 'NONE',  #5105 ) ;
#2370 = FACE_OUTER_BOUND ( 'NONE', #2673, .T. ) ;
#2371 = CARTESIAN_POINT ( 'NONE',  ( 0.4999999999881765700, -21.91510639681837300, -18.91510639674014300 ) ) ;
#2372 = AXIS2_PLACEMENT_3D ( 'NONE', #9902, #4566, #6855 ) ;
#2373 = DIRECTION ( 'NONE',  ( 0.0000000000000000000, 0.0000000000000000000, 1.000000000000000000 ) ) ;
#2374 = ORIENTED_EDGE ( 'NONE', *, *, #4974, .F. ) ;
#2375 = EDGE_CURVE ( 'NONE', #6214, #3249, #6058, .T. ) ;
#2376 = ORIENTED_EDGE ( 'NONE', *, *, #6209, .T. ) ;
#2377 = CARTESIAN_POINT ( 'NONE',  ( 20.00000000000006000, -4.200289803288926600, 12.82997844125300600 ) ) ;
#2378 = DIRECTION ( 'NONE',  ( -1.000000000000000000, -0.0000000000000000000, -0.0000000000000000000 ) ) ;
#2379 = DIRECTION ( 'NONE',  ( 6.123233995736766000E-017, -1.000000000000000000, -0.0000000000000000000 ) ) ;
#2380 = MECHANICAL_CONTEXT ( 'NONE', #7025, 'mechanical' ) ;
#2381 = FACE_OUTER_BOUND ( 'NONE', #9303, .T. ) ;
#2382 = CARTESIAN_POINT ( 'NONE',  ( 0.1000000000000013700, 23.00000000000000400, -2.581566074340896200E-015 ) ) ;
#2383 = DIRECTION ( 'NONE',  ( 0.0000000000000000000, 0.0000000000000000000, 1.000000000000000000 ) ) ;
#2384 = DIRECTION ( 'NONE',  ( 7.228014483236698300E-017, -1.000000000000000000, 0.0000000000000000000 ) ) ;
#2385 = CARTESIAN_POINT ( 'NONE',  ( 19.40000000000003100, -32.63656857689450400, -5.009869791172700800 ) ) ;
#2386 = ADVANCED_FACE ( 'N', ( #6655 ), #4121, .F. ) ;
#2387 = AXIS2_PLACEMENT_3D ( 'NONE', #8955, #504, #5943 ) ;
#2388 = ORIENTED_EDGE ( 'NONE', *, *, #146, .T. ) ;
#2389 = CARTESIAN_POINT ( 'NONE',  ( 19.40000000000003400, -25.12980010221327000, 22.19963095147766200 ) ) ;
#2390 = CARTESIAN_POINT ( 'NONE',  ( 2.480624847486558400, 0.0000000000000000000, -33.99999999999982900 ) ) ;
#2391 = CIRCLE ( 'NONE', #7343, 5.749999999999886300 ) ;
#2392 = DIRECTION ( 'NONE',  ( 0.0000000000000000000, 0.0000000000000000000, 1.000000000000000000 ) ) ;
#2393 = DIRECTION ( 'NONE',  ( 0.0000000000000000000, 0.0000000000000000000, -1.000000000000000000 ) ) ;
#2394 = CIRCLE ( 'NONE', #110, 7.499999999999992900 ) ;
#2395 = CARTESIAN_POINT ( 'NONE',  ( -0.9852105226039614700, -5.347297179856871800, -0.4378138376087364300 ) ) ;
#2396 = EDGE_CURVE ( 'NONE', #5065, #7586, #1590, .T. ) ;
#2397 = EDGE_CURVE ( 'NONE', #5836, #2005, #5443, .T. ) ;
#2398 = AXIS2_PLACEMENT_3D ( 'NONE', #9463, #1814, #7142 ) ;
#2399 = ORIENTED_EDGE ( 'NONE', *, *, #7395, .F. ) ;
#2400 = DIRECTION ( 'NONE',  ( -1.000000000000000000, -0.0000000000000000000, -0.0000000000000000000 ) ) ;
#2401 = VERTEX_POINT ( 'NONE', #6517 ) ;
#2402 = FACE_BOUND ( 'NONE', #9847, .T. ) ;
#2403 = AXIS2_PLACEMENT_3D ( 'NONE', #5692, #8711, #9559 ) ;
#2404 = LINE ( 'NONE', #8752, #322 ) ;
#2405 = CARTESIAN_POINT ( 'NONE',  ( -1.099999999832333500, 1.187298658375952600E-014, -5.249999999994771300 ) ) ;
#2406 = PLANE ( 'NONE',  #4947 ) ;
#2407 = DIRECTION ( 'NONE',  ( 0.0000000000000000000, 0.0000000000000000000, -1.000000000000000000 ) ) ;
#2408 = CARTESIAN_POINT ( 'NONE',  ( 1.282376982381094900E-010, 4.353422915655340400E-014, -7.250000000000000000 ) ) ;
#2409 = CARTESIAN_POINT ( 'NONE',  ( 6.400000000000037700, 31.01129835634508700, -11.36187364210616300 ) ) ;
#2410 = ORIENTED_EDGE ( 'NONE', *, *, #2829, .F. ) ;
#2411 = EDGE_LOOP ( 'NONE', ( #1910, #8756 ) ) ;
#2412 = CIRCLE ( 'NONE', #7603, 11.85000853396763900 ) ;
#2413 = CIRCLE ( 'NONE', #4524, 1.249999999999999300 ) ;
#2414 = DIRECTION ( 'NONE',  ( 0.0000000000000000000, 0.0000000000000000000, -1.000000000000000000 ) ) ;
#2415 = EDGE_CURVE ( 'NONE', #3665, #8129, #9885, .T. ) ;
#2416 = EDGE_CURVE ( 'NONE', #74, #7686, #3052, .T. ) ;
#2417 = VERTEX_POINT ( 'NONE', #1045 ) ;
#2418 = MECHANICAL_CONTEXT ( 'NONE', #813, 'mechanical' ) ;
#2419 = CARTESIAN_POINT ( 'NONE',  ( -1.084202172485504400E-015, 18.91510639674020700, -18.91510639674008600 ) ) ;
#2420 = EDGE_LOOP ( 'NONE', ( #8399, #2689, #377, #3247, #5789 ) ) ;
#2421 = ADVANCED_FACE ( 'NONE', ( #7628 ), #6423, .F. ) ;
#2422 = CARTESIAN_POINT ( 'NONE',  ( 20.00000000000006400, -10.87664905670653300, -8.039208349354275600 ) ) ;
#2423 = DIRECTION ( 'NONE',  ( 0.0000000000000000000, 0.0000000000000000000, 1.000000000000000000 ) ) ;
#2424 = DIRECTION ( 'NONE',  ( 0.0000000000000000000, 0.0000000000000000000, 1.000000000000000000 ) ) ;
#2425 = CIRCLE ( 'NONE', #8911, 1.000000000000000200 ) ;
#2426 = CYLINDRICAL_SURFACE ( 'NONE', #1545, 2.999999999999999100 ) ;
#2427 = DIRECTION ( 'NONE',  ( -1.000000000000000000, 0.0000000000000000000, 0.0000000000000000000 ) ) ;
#2428 = FACE_BOUND ( 'NONE', #3770, .T. ) ;
#2429 = ORIENTED_EDGE ( 'NONE', *, *, #9278, .F. ) ;
#2430 = EDGE_CURVE ( 'NONE', #4970, #644, #3396, .T. ) ;
#2431 = CARTESIAN_POINT ( 'NONE',  ( 19.40000000000003400, -28.62416879286396200, 17.52446614352095700 ) ) ;
#2432 = CARTESIAN_POINT ( 'NONE',  ( 0.0000000000000000000, 15.55634918610326000, -15.55634918610396900 ) ) ;
#2433 = DIRECTION ( 'NONE',  ( 1.000000000000000000, 1.679403124341539000E-016, -1.865376329483173100E-017 ) ) ;
#2434 = CARTESIAN_POINT ( 'NONE',  ( 1.200000000000000000, 28.50000000000000000, -5.999999999999989300 ) ) ;
#2435 = DIRECTION ( 'NONE',  ( 1.000000000000000000, 1.151085483283491600E-016, 9.647700132223467600E-017 ) ) ;
#2436 = FACE_BOUND ( 'NONE', #1521, .T. ) ;
#2437 = DIRECTION ( 'NONE',  ( 0.0000000000000000000, 0.0000000000000000000, -1.000000000000000000 ) ) ;
#2438 = AXIS2_PLACEMENT_3D ( 'NONE', #9588, #7276, #6490 ) ;
#2439 = EDGE_LOOP ( 'NONE', ( #1737, #5594, #4496, #3 ) ) ;
#2440 = VECTOR ( 'NONE', #8305, 1000.000000000000000 ) ;
#2441 = VERTEX_POINT ( 'NONE', #2557 ) ;
#2442 = ADVANCED_FACE ( 'NONE', ( #2562 ), #2066, .F. ) ;
#2443 = CARTESIAN_POINT ( 'NONE',  ( 2.480624847486558900, 67.99999999999964500, 33.99999999999982200 ) ) ;
#2444 = EDGE_CURVE ( 'NONE', #4998, #8510, #9634, .T. ) ;
#2445 = CARTESIAN_POINT ( 'NONE',  ( 24.00000000000006400, 19.16773975851184600, -22.86939548388913200 ) ) ;
#2446 = CARTESIAN_POINT ( 'NONE',  ( 6.400000000000034100, 0.0000000000000000000, 0.0000000000000000000 ) ) ;
#2447 = DIRECTION ( 'NONE',  ( 1.000000000000000000, 0.0000000000000000000, 0.0000000000000000000 ) ) ;
#2448 = CARTESIAN_POINT ( 'NONE',  ( 6.400000000000034100, 2.599612139372719600, 32.89941972890685700 ) ) ;
#2449 = VERTEX_POINT ( 'NONE', #4349 ) ;
#2450 = ORIENTED_EDGE ( 'NONE', *, *, #398, .T. ) ;
#2451 = VERTEX_POINT ( 'NONE', #8222 ) ;
#2452 = CARTESIAN_POINT ( 'NONE',  ( 0.0000000000000000000, 0.0000000000000000000, 0.0000000000000000000 ) ) ;
#2453 = DIRECTION ( 'NONE',  ( -1.000000000000000000, -1.084202172482923000E-016, 0.0000000000000000000 ) ) ;
#2454 = APPROVAL_ROLE ( '' ) ;
#2455 = CARTESIAN_POINT ( 'NONE',  ( 8.999999999997102800, -6.462175795545699800, -2.116840630405998300 ) ) ;
#2456 = CARTESIAN_POINT ( 'NONE',  ( 2.000000000128237900, -6.250000000000000000, -2.282095908992510600E-014 ) ) ;
#2457 = ORIENTED_EDGE ( 'NONE', *, *, #6414, .T. ) ;
#2458 = CARTESIAN_POINT ( 'NONE',  ( 20.00000000000006000, -11.08010299840322300, 7.734291965269429500 ) ) ;
#2459 = VERTEX_POINT ( 'NONE', #2788 ) ;
#2460 = CARTESIAN_POINT ( 'NONE',  ( 0.2000000000000019500, 17.66679439962176100, -6.799846752374068400 ) ) ;
#2461 = ORIENTED_EDGE ( 'NONE', *, *, #4812, .T. ) ;
#2462 = ORIENTED_EDGE ( 'NONE', *, *, #6029, .T. ) ;
#2463 = EDGE_CURVE ( 'NONE', #357, #1973, #8467, .T. ) ;
#2464 = B_SPLINE_CURVE_WITH_KNOTS ( 'NONE', 3,
 ( #7277, #6529, #551, #8200 ),
 .UNSPECIFIED., .F., .F.,
 ( 4, 4 ),
 ( 0.0000000000000000000, 1.000000000000000000 ),
 .UNSPECIFIED. ) ;
#2465 = EDGE_CURVE ( 'NONE', #7104, #7150, #5924, .T. ) ;
#2466 = DIRECTION ( 'NONE',  ( -1.000000000000000000, -0.0000000000000000000, -0.0000000000000000000 ) ) ;
#2467 = CARTESIAN_POINT ( 'NONE',  ( 19.40000000000003100, -17.85705378104101400, 28.34396866164981100 ) ) ;
#2468 = DIRECTION ( 'NONE',  ( 0.0000000000000000000, 0.0000000000000000000, 1.000000000000000000 ) ) ;
#2469 = CARTESIAN_POINT ( 'NONE',  ( 0.2000000000000008400, 24.90000000000000600, -3.248403685112362500 ) ) ;
#2470 = CONICAL_SURFACE ( 'NONE', #1072, 33.44721359549988200, 1.107148717794090400 ) ;
#2471 = AXIS2_PLACEMENT_3D ( 'NONE', #5401, #6312, #2407 ) ;
#2472 = EDGE_LOOP ( 'NONE', ( #552, #1163, #9764, #688 ) ) ;
#2473 = ORIENTED_EDGE ( 'NONE', *, *, #7583, .F. ) ;
#2474 = ORIENTED_EDGE ( 'NONE', *, *, #676, .T. ) ;
#2475 = ADVANCED_FACE ( 'NONE', ( #730, #9623, #2436, #353, #4471, #8566 ), #9709, .T. ) ;
#2476 = PRODUCT_RELATED_PRODUCT_CATEGORY ( 'detail', '', ( #893 ) ) ;
#2477 = CIRCLE ( 'NONE', #3683, 31.50000000000000700 ) ;
#2478 = ORIENTED_EDGE ( 'NONE', *, *, #996, .F. ) ;
#2479 = DIRECTION ( 'NONE',  ( 0.0000000000000000000, 0.0000000000000000000, -1.000000000000000000 ) ) ;
#2480 = DIRECTION ( 'NONE',  ( 0.0000000000000000000, 0.0000000000000000000, -1.000000000000000000 ) ) ;
#2481 = VERTEX_POINT ( 'NONE', #1256 ) ;
#2482 = DIRECTION ( 'NONE',  ( 1.000000000000000000, 0.0000000000000000000, 0.0000000000000000000 ) ) ;
#2483 = CARTESIAN_POINT ( 'NONE',  ( 6.400000000000035900, 19.67670190516704300, 26.49447458095435700 ) ) ;
#2484 = DIRECTION ( 'NONE',  ( 7.228014483236698300E-017, -1.000000000000000000, 0.0000000000000000000 ) ) ;
#2485 = APPROVAL_PERSON_ORGANIZATION ( #770, #3883, #9998 ) ;
#2486 = VECTOR ( 'NONE', #4044, 1000.000000000000000 ) ;
#2487 = APPLICATION_PROTOCOL_DEFINITION ( 'international standard', 'config_control_design', 1994, #122 ) ;
#2488 = ADVANCED_FACE ( 'NONE', ( #2551 ), #3754, .F. ) ;
#2489 = ORIENTED_EDGE ( 'NONE', *, *, #4271, .T. ) ;
#2490 = CARTESIAN_POINT ( 'NONE',  ( 8.999999999997104500, -6.776263401457180500, -0.5709087852109510100 ) ) ;
#2491 = CARTESIAN_POINT ( 'NONE',  ( 1.000000000128238500, 1.040949779275250100E-015, 8.500000000000000000 ) ) ;
#2492 = CARTESIAN_POINT ( 'NONE',  ( 20.00000000000006000, -10.17670625117585500, 8.871509788639885500 ) ) ;
#2493 = DIRECTION ( 'NONE',  ( 1.020425574104007600E-016, 0.0000000000000000000, -1.000000000000000000 ) ) ;
#2494 = ADVANCED_FACE ( 'NONE', ( #8231, #473 ), #540, .T. ) ;
#2495 = CARTESIAN_POINT ( 'NONE',  ( 1.288362582756796200, 30.79755502958657600, 5.522019373964560900 ) ) ;
#2496 = PERSON_AND_ORGANIZATION ( #6260, #2732 ) ;
#2497 = CARTESIAN_POINT ( 'NONE',  ( 19.40000000000003400, -34.00000000000000000, 4.012531229995824900E-015 ) ) ;
#2498 = ORIENTED_EDGE ( 'NONE', *, *, #669, .T. ) ;
#2499 = AXIS2_PLACEMENT_3D ( 'NONE', #9207, #4600, #9955 ) ;
#2500 = CARTESIAN_POINT ( 'NONE',  ( 0.07589598640058846400, -63.18973996600122700, 31.59486998300063100 ) ) ;
#2501 = DIRECTION ( 'NONE',  ( 1.679403124341539000E-016, -1.000000000000000000, 0.0000000000000000000 ) ) ;
#2502 = ORIENTED_EDGE ( 'NONE', *, *, #4647, .F. ) ;
#2503 = EDGE_CURVE ( 'NONE', #8550, #3415, #7125, .T. ) ;
#2504 = CIRCLE ( 'NONE', #2009, 1.250000000001236300 ) ;
#2505 = CARTESIAN_POINT ( 'NONE',  ( 21.38196601125016400, -21.84009091011333900, 26.05782855569468400 ) ) ;
#2506 = ORIENTED_EDGE ( 'NONE', *, *, #362, .T. ) ;
#2507 = DIRECTION ( 'NONE',  ( 1.000000000000000000, 0.0000000000000000000, 0.0000000000000000000 ) ) ;
#2508 = CARTESIAN_POINT ( 'NONE',  ( 6.399999999999979000, 18.91510639673938200, -17.66510639673908800 ) ) ;
#2509 = AXIS2_PLACEMENT_3D ( 'NONE', #2674, #447, #9537 ) ;
#2510 = CARTESIAN_POINT ( 'NONE',  ( 6.400000000000032300, -17.40824518847229600, 28.03495213840745500 ) ) ;
#2511 = FACE_OUTER_BOUND ( 'NONE', #761, .T. ) ;
#2512 = LINE ( 'NONE', #5907, #8871 ) ;
#2513 = CARTESIAN_POINT ( 'NONE',  ( 0.4999999999999990600, 15.91510639674020800, -18.91510639674008600 ) ) ;
#2514 = CARTESIAN_POINT ( 'NONE',  ( 22.27639320225006300, 1.116095129610790300E-032, 1.267471785265814400E-031 ) ) ;
#2515 = EDGE_CURVE ( 'NONE', #3288, #7356, #6045, .T. ) ;
#2516 = ORIENTED_EDGE ( 'NONE', *, *, #9633, .T. ) ;
#2517 = AXIS2_PLACEMENT_3D ( 'NONE', #2051, #9043, #7584 ) ;
#2518 = CARTESIAN_POINT ( 'NONE',  ( 8.999999999997102800, -6.794380685391058900, 0.3628413872790108300 ) ) ;
#2519 = CARTESIAN_POINT ( 'NONE',  ( -1.099999999827112600, 5.249999999999990200, 0.09475699372922698200 ) ) ;
#2520 = LINE ( 'NONE', #7705, #1303 ) ;
#2521 = ADVANCED_FACE ( 'NONE', ( #6163 ), #8362, .T. ) ;
#2522 = CARTESIAN_POINT ( 'NONE',  ( 20.00000000000006000, -11.84495089728933300, -6.477072663115112800 ) ) ;
#2523 = CARTESIAN_POINT ( 'NONE',  ( 0.2000000000000019300, 17.64627437278659600, -6.750957539182538300 ) ) ;
#2524 = CIRCLE ( 'NONE', #972, 0.8000000000000003800 ) ;
#2525 = DIRECTION ( 'NONE',  ( -1.000000000000000000, -6.123233995736766000E-017, -0.0000000000000000000 ) ) ;
#2526 = AXIS2_PLACEMENT_3D ( 'NONE', #2236, #9095, #6816 ) ;
#2527 = DIRECTION ( 'NONE',  ( 0.0000000000000000000, 0.0000000000000000000, 1.000000000000000000 ) ) ;
#2528 = ORIENTED_EDGE ( 'NONE', *, *, #8891, .F. ) ;
#2529 = ORIENTED_EDGE ( 'NONE', *, *, #5936, .T. ) ;
#2530 = DIRECTION ( 'NONE',  ( 0.0000000000000000000, 0.6423556150033360400, -0.7664067222263163400 ) ) ;
#2531 = DIRECTION ( 'NONE',  ( 1.000000000000000000, 0.0000000000000000000, 0.0000000000000000000 ) ) ;
#2532 = CIRCLE ( 'NONE', #3142, 3.000000000007142700 ) ;
#2533 = FACE_BOUND ( 'NONE', #2411, .T. ) ;
#2534 = AXIS2_PLACEMENT_3D ( 'NONE', #8896, #4981, #4195 ) ;
#2535 = ADVANCED_FACE ( 'NONE', ( #9383 ), #1703, .F. ) ;
#2536 = DIRECTION ( 'NONE',  ( 0.0000000000000000000, 0.0000000000000000000, -1.000000000000000000 ) ) ;
#2537 = ORIENTED_EDGE ( 'NONE', *, *, #9296, .F. ) ;
#2538 = EDGE_LOOP ( 'NONE', ( #8489, #3580, #9020, #2194 ) ) ;
#2539 = VECTOR ( 'NONE', #4386, 1000.000000000000000 ) ;
#2540 = FACE_OUTER_BOUND ( 'NONE', #8585, .T. ) ;
#2541 = ADVANCED_FACE ( 'NONE', ( #6768 ), #6283, .T. ) ;
#2542 = DIRECTION ( 'NONE',  ( -1.000000000000000000, -0.0000000000000000000, -0.0000000000000000000 ) ) ;
#2543 = CARTESIAN_POINT ( 'NONE',  ( 1.200000000000000000, 19.50000000000000400, -6.000000000000005300 ) ) ;
#2544 = VECTOR ( 'NONE', #3876, 1000.000000000000000 ) ;
#2545 = CARTESIAN_POINT ( 'NONE',  ( 19.40000000000003800, -24.30553258728618700, -23.05428622554998300 ) ) ;
#2546 = DIRECTION ( 'NONE',  ( -0.0000000000000000000, -1.000000000000000000, -0.0000000000000000000 ) ) ;
#2547 = ORIENTED_EDGE ( 'NONE', *, *, #565, .F. ) ;
#2548 = CARTESIAN_POINT ( 'NONE',  ( 6.400000000000035000, 18.94248298804110000, 27.02190406323104100 ) ) ;
#2549 = DIRECTION ( 'NONE',  ( 0.0000000000000000000, 0.0000000000000000000, 1.000000000000000000 ) ) ;
#2550 = VECTOR ( 'NONE', #5347, 1000.000000000000000 ) ;
#2551 = FACE_OUTER_BOUND ( 'NONE', #6243, .T. ) ;
#2552 = CARTESIAN_POINT ( 'NONE',  ( 0.1000000000000009200, 25.90000000000000200, -2.661168116285474200E-015 ) ) ;
#2553 = AXIS2_PLACEMENT_3D ( 'NONE', #1266, #3589, #9624 ) ;
#2554 = VECTOR ( 'NONE', #745, 1000.000000000000100 ) ;
#2555 = AXIS2_PLACEMENT_3D ( 'NONE', #8675, #3265, #1125 ) ;
#2556 = ORIENTED_EDGE ( 'NONE', *, *, #1133, .T. ) ;
#2557 = CARTESIAN_POINT ( 'NONE',  ( 24.00000000000006000, -11.49610083339478300, -10.88533422504999300 ) ) ;
#2558 = CARTESIAN_POINT ( 'NONE',  ( 1.000000000128238500, 8.307983328475955900, -1.817580703122238800 ) ) ;
#2559 = CARTESIAN_POINT ( 'NONE',  ( 20.00000000000006000, -8.258358681959135700, -10.68838198540265200 ) ) ;
#2560 = CARTESIAN_POINT ( 'NONE',  ( 21.00000000000006400, 8.575330479200387000, 28.74835462545044300 ) ) ;
#2561 = CARTESIAN_POINT ( 'NONE',  ( 0.2000000000000020700, 17.68752855891006300, -6.846953049991598500 ) ) ;
#2562 = FACE_OUTER_BOUND ( 'NONE', #9887, .T. ) ;
#2563 = EDGE_CURVE ( 'NONE', #1369, #1792, #4104, .T. ) ;
#2564 = ORIENTED_EDGE ( 'NONE', *, *, #874, .T. ) ;
#2565 = CARTESIAN_POINT ( 'NONE',  ( 0.07589598640058845000, 3.869255639415850900E-015, 31.59486998300062400 ) ) ;
#2566 = CYLINDRICAL_SURFACE ( 'NONE', #3350, 4.750000000000000000 ) ;
#2567 = CARTESIAN_POINT ( 'NONE',  ( 1.282376982381094900E-010, -6.250000000000000000, -1.000000000000022400 ) ) ;
#2568 = VERTEX_POINT ( 'NONE', #428 ) ;
#2569 = CARTESIAN_POINT ( 'NONE',  ( 11.17070943148337400, 6.561166704812939100E-016, 6.249999999999659800 ) ) ;
#2570 = AXIS2_PLACEMENT_3D ( 'NONE', #1824, #6443, #7216 ) ;
#2571 = ADVANCED_FACE ( 'NONE', ( #9984 ), #4956, .F. ) ;
#2572 = VERTEX_POINT ( 'NONE', #1430 ) ;
#2573 = EDGE_LOOP ( 'NONE', ( #4501, #5809, #1033, #981 ) ) ;
#2574 = EDGE_CURVE ( 'NONE', #5550, #3670, #4824, .T. ) ;
#2575 = ORIENTED_EDGE ( 'NONE', *, *, #8450, .F. ) ;
#2576 = ORIENTED_EDGE ( 'NONE', *, *, #1715, .T. ) ;
#2577 = CARTESIAN_POINT ( 'NONE',  ( 0.4999999999881765700, -18.91510639674033800, 18.91510639673995400 ) ) ;
#2578 = CARTESIAN_POINT ( 'NONE',  ( 19.40000000000003100, -32.76677515620731600, 7.054755709766220100 ) ) ;
#2579 = CARTESIAN_POINT ( 'NONE',  ( 22.27639320225006600, 21.48500545928525100, -25.63416933933055500 ) ) ;
#2580 = CARTESIAN_POINT ( 'NONE',  ( 6.400000000000035900, -4.499995123822657200, 32.69228370187748600 ) ) ;
#2581 = ORIENTED_EDGE ( 'NONE', *, *, #7447, .F. ) ;
#2582 = ORIENTED_EDGE ( 'NONE', *, *, #547, .F. ) ;
#2583 = VERTEX_POINT ( 'NONE', #9923 ) ;
#2584 = AXIS2_PLACEMENT_3D ( 'NONE', #2924, #2102, #4528 ) ;
#2585 = DIRECTION ( 'NONE',  ( -1.626303258728255200E-016, 1.000000000000000000, 0.0000000000000000000 ) ) ;
#2586 =( REPRESENTATION_RELATIONSHIP ('NONE','NONE', #6585, #4133 ) REPRESENTATION_RELATIONSHIP_WITH_TRANSFORMATION ( #9557 )SHAPE_REPRESENTATION_RELATIONSHIP( ) );
#2587 = ADVANCED_FACE ( 'NONE', ( #4221, #4714, #2056, #5325, #7369, #8459, #222, #6882, #7618, #6526, #9161, #9042, #6644, #2183 ), #573, .F. ) ;
#2588 = DIRECTION ( 'NONE',  ( 6.123233995736766000E-017, -1.000000000000000000, -0.0000000000000000000 ) ) ;
#2589 = CARTESIAN_POINT ( 'NONE',  ( 1.000000000128238500, 7.192286245345004000, -4.530583542576382100 ) ) ;
#2590 = CARTESIAN_POINT ( 'NONE',  ( 20.00000000000006400, 8.038822372082750100, -10.87701486628773800 ) ) ;
#2591 = CARTESIAN_POINT ( 'NONE',  ( 21.00000000000006000, 13.49996264034395200, 26.79305586600131100 ) ) ;
#2592 = CARTESIAN_POINT ( 'NONE',  ( 24.00000000000006000, 18.96738926836104600, -22.63035349707299600 ) ) ;
#2593 = FACE_OUTER_BOUND ( 'NONE', #1738, .T. ) ;
#2594 = ADVANCED_FACE ( 'NONE', ( #8796 ), #7008, .F. ) ;
#2595 = EDGE_CURVE ( 'NONE', #6436, #203, #8684, .T. ) ;
#2596 = EDGE_LOOP ( 'NONE', ( #9850, #6280, #9896, #8715 ) ) ;
#2597 = CARTESIAN_POINT ( 'NONE',  ( 0.2000000000000016800, 19.50000000000001800, -8.000000000000003600 ) ) ;
#2598 = EDGE_LOOP ( 'NONE', ( #6296, #8176 ) ) ;
#2599 = DIRECTION ( 'NONE',  ( 0.0000000000000000000, 0.0000000000000000000, -1.000000000000000000 ) ) ;
#2600 = DIRECTION ( 'NONE',  ( 0.0000000000000000000, 0.0000000000000000000, 1.000000000000000000 ) ) ;
#2601 = CARTESIAN_POINT ( 'NONE',  ( 0.1000000000000011300, 24.40000000000000200, -3.998403685112363000 ) ) ;
#2602 = AXIS2_PLACEMENT_3D ( 'NONE', #3402, #2049, #4067 ) ;
#2603 = APPROVAL_DATE_TIME ( #4639, #9030 ) ;
#2604 = CIRCLE ( 'NONE', #9849, 1.250000000000001100 ) ;
#2605 = ORIENTED_EDGE ( 'NONE', *, *, #808, .T. ) ;
#2606 = EDGE_LOOP ( 'NONE', ( #7517, #7222, #9418, #2868 ) ) ;
#2607 = CARTESIAN_POINT ( 'NONE',  ( -1.099999999866668300, -2.463826740276331900, 4.061838708009199600 ) ) ;
#2608 = CARTESIAN_POINT ( 'NONE',  ( 19.40000000000003400, -32.18690551032011600, -9.570659228256797500 ) ) ;
#2609 = CALENDAR_DATE ( 2025, 28, 7 ) ;
#2610 = EDGE_CURVE ( 'NONE', #4994, #1442, #3869, .T. ) ;
#2611 = CARTESIAN_POINT ( 'NONE',  ( 1.000000000128238500, -7.267691410561396600, 4.408649422411914800 ) ) ;
#2612 = EDGE_CURVE ( 'NONE', #4497, #732, #2677, .T. ) ;
#2613 = CARTESIAN_POINT ( 'NONE',  ( 6.400000000000036800, -17.59053071909695000, 27.92092425185921900 ) ) ;
#2614 = CONTEXT_DEPENDENT_SHAPE_REPRESENTATION ( #4086, #1597 ) ;
#2615 = EDGE_LOOP ( 'NONE', ( #1975, #2771 ) ) ;
#2616 = DIRECTION ( 'NONE',  ( -1.000000000000000000, -6.123233995736766000E-017, -0.0000000000000000000 ) ) ;
#2617 = CIRCLE ( 'NONE', #3938, 5.749999999999886300 ) ;
#2618 = CARTESIAN_POINT ( 'NONE',  ( 8.999999999997104500, 1.370555956085729700, -6.667440768438912500 ) ) ;
#2619 = CARTESIAN_POINT ( 'NONE',  ( 1.000000000128238800, 6.425060948548898300, -5.595701791462564900 ) ) ;
#2620 = DIRECTION ( 'NONE',  ( -1.626303258728255200E-016, 1.000000000000000000, 0.0000000000000000000 ) ) ;
#2621 = ADVANCED_FACE ( 'NONE', ( #5570 ), #105, .F. ) ;
#2622 = EDGE_LOOP ( 'NONE', ( #3739, #8799, #7888, #8583 ) ) ;
#2623 = CARTESIAN_POINT ( 'NONE',  ( 20.00000000000006000, -7.091580457912870700, -11.49110162725212300 ) ) ;
#2624 = CARTESIAN_POINT ( 'NONE',  ( 21.00000000000006000, -3.799398919608789200, 29.75850982343605700 ) ) ;
#2625 =( BOUNDED_SURFACE ( )  B_SPLINE_SURFACE ( 3, 3, ( 
 ( #5391, #9435, #1684, #998 ),
 ( #2565, #2500, #3270, #4841 ),
 ( #239, #137, #4771, #5567 ),
 ( #964, #6399, #6333, #5600 ) ),
 .UNSPECIFIED., .F., .F., .T. ) 
 B_SPLINE_SURFACE_WITH_KNOTS ( ( 4, 4 ),
 ( 4, 4 ),
 ( 0.0000000000000000000, 1.000000000000000000 ),
 ( 0.0000000000000000000, 1.000000000000000000 ),
 .UNSPECIFIED. ) 
 GEOMETRIC_REPRESENTATION_ITEM ( )  RATIONAL_B_SPLINE_SURFACE ( (
 ( 1.000000000000000000, 0.3333333333333334300, 0.3333333333333334300, 1.000000000000000000),
 ( 0.9624188794402763800, 0.3208062931467589000, 0.3208062931467589000, 0.9624188794402763800),
 ( 0.9624188794402763800, 0.3208062931467589000, 0.3208062931467589000, 0.9624188794402763800),
 ( 1.000000000000000000, 0.3333333333333334300, 0.3333333333333334300, 1.000000000000000000) ) ) 
 REPRESENTATION_ITEM ( '' )  SURFACE ( )  );
#2626 = CARTESIAN_POINT ( 'NONE',  ( -1.099999999866668500, 1.822854349018012200, 4.386353002417381600 ) ) ;
#2627 = VECTOR ( 'NONE', #7038, 1000.000000000000000 ) ;
#2628 = AXIS2_PLACEMENT_3D ( 'NONE', #7575, #8373, #1372 ) ;
#2629 = CARTESIAN_POINT ( 'NONE',  ( 1.699756038043516400, 0.0000000000000000000, -33.62469504755424100 ) ) ;
#2630 = CARTESIAN_POINT ( 'NONE',  ( -1.100000000000000100, 6.249999999999999100, 6.446607438115323100E-014 ) ) ;
#2631 = CARTESIAN_POINT ( 'NONE',  ( 19.40000000000003400, -30.48569849038048600, 13.88784315700641500 ) ) ;
#2632 = EDGE_CURVE ( 'NONE', #9190, #7738, #2795, .T. ) ;
#2633 = ORIENTED_EDGE ( 'NONE', *, *, #2740, .F. ) ;
#2634 = ADVANCED_FACE ( 'NONE', ( #3508 ), #3272, .F. ) ;
#2635 = VECTOR ( 'NONE', #6099, 1000.000000000000000 ) ;
#2636 = LINE ( 'NONE', #8885, #4784 ) ;
#2637 = DIRECTION ( 'NONE',  ( 1.000000000000000000, 6.123233995736766000E-017, 0.0000000000000000000 ) ) ;
#2638 = CARTESIAN_POINT ( 'NONE',  ( 19.40000000000003800, -28.45972384948935400, -17.67200706416568300 ) ) ;
#2639 = CARTESIAN_POINT ( 'NONE',  ( 1.000000000128238500, -6.425060948544844700, 5.595701791465677900 ) ) ;
#2640 = AXIS2_PLACEMENT_3D ( 'NONE', #5547, #8567, #1769 ) ;
#2641 = ORIENTED_EDGE ( 'NONE', *, *, #4109, .T. ) ;
#2642 = ORIENTED_EDGE ( 'NONE', *, *, #2647, .T. ) ;
#2643 = FACE_OUTER_BOUND ( 'NONE', #8945, .T. ) ;
#2644 = CIRCLE ( 'NONE', #9591, 1.999999999999999100 ) ;
#2645 = DIRECTION ( 'NONE',  ( 1.000000000000000000, 0.0000000000000000000, 0.0000000000000000000 ) ) ;
#2646 = EDGE_CURVE ( 'NONE', #3295, #7904, #8112, .T. ) ;
#2647 = EDGE_CURVE ( 'NONE', #8033, #8529, #6403, .T. ) ;
#2648 = AXIS2_PLACEMENT_3D ( 'NONE', #5889, #2837, #7521 ) ;
#2649 = CARTESIAN_POINT ( 'NONE',  ( 8.999999999997106300, 4.049117024955594800, -5.478849312563835600 ) ) ;
#2650 = EDGE_LOOP ( 'NONE', ( #1255, #2314, #6509, #914 ) ) ;
#2651 = CARTESIAN_POINT ( 'NONE',  ( 1.000000000128238500, 8.352184978300540400, 1.578615266281550000 ) ) ;
#2652 = DIRECTION ( 'NONE',  ( 0.0000000000000000000, 0.0000000000000000000, 1.000000000000000000 ) ) ;
#2653 = CARTESIAN_POINT ( 'NONE',  ( 20.00000000000006400, -6.476099184006182300, -11.84528830479255200 ) ) ;
#2654 = ORIENTED_EDGE ( 'NONE', *, *, #2988, .F. ) ;
#2655 = CARTESIAN_POINT ( 'NONE',  ( -3.469446951953614200E-016, 0.0000000000000000000, -31.14921894064168800 ) ) ;
#2656 = CARTESIAN_POINT ( 'NONE',  ( -2.168404344971008900E-016, 27.44093195714753700, 14.80619068785552500 ) ) ;
#2657 = FACE_OUTER_BOUND ( 'NONE', #5273, .T. ) ;
#2658 = AXIS2_PLACEMENT_3D ( 'NONE', #7776, #7809, #6119 ) ;
#2659 = CARTESIAN_POINT ( 'NONE',  ( -1.099999999866668700, 2.465050495840420500, 4.063484528704099000 ) ) ;
#2660 = VECTOR ( 'NONE', #2531, 1000.000000000000000 ) ;
#2661 = ORIENTED_EDGE ( 'NONE', *, *, #34, .F. ) ;
#2662 = CARTESIAN_POINT ( 'NONE',  ( -1.099999999837564200, -1.092875789857602900E-016, -8.673617379884035500E-016 ) ) ;
#2663 = DIRECTION ( 'NONE',  ( 1.000000000000000000, 0.0000000000000000000, 0.0000000000000000000 ) ) ;
#2664 = VERTEX_POINT ( 'NONE', #8247 ) ;
#2665 = CARTESIAN_POINT ( 'NONE',  ( -1.100000000000000100, 0.0000000000000000000, 0.0000000000000000000 ) ) ;
#2666 = CARTESIAN_POINT ( 'NONE',  ( 19.40000000000003800, -14.40407497468033800, 30.28418077766399500 ) ) ;
#2667 = VECTOR ( 'NONE', #9354, 1000.000000000000000 ) ;
#2668 = APPROVAL ( #8632, '未指定' ) ;
#2669 = VECTOR ( 'NONE', #5224, 1000.000000000000000 ) ;
#2670 = DIRECTION ( 'NONE',  ( -1.000000000000000000, -3.642919299551294900E-017, -2.775557561562891400E-017 ) ) ;
#2671 = CYLINDRICAL_SURFACE ( 'NONE', #7359, 1.249999999999999300 ) ;
#2672 = EDGE_CURVE ( 'NONE', #2401, #9637, #5078, .T. ) ;
#2673 = EDGE_LOOP ( 'NONE', ( #9784, #6453, #6989, #510 ) ) ;
#2674 = CARTESIAN_POINT ( 'NONE',  ( 24.00000000000006000, -11.49610083339478300, -9.635334225049993200 ) ) ;
#2675 = CARTESIAN_POINT ( 'NONE',  ( 21.38196601125015700, 30.27556620127601800, 69.73801037592133400 ) ) ;
#2676 = CARTESIAN_POINT ( 'NONE',  ( 19.40000000000003400, -9.835020519383881800, -32.03111379343808100 ) ) ;
#2677 = LINE ( 'NONE', #8349, #3985 ) ;
#2678 = CARTESIAN_POINT ( 'NONE',  ( 1.000000000128238300, -3.095440396973526500, -7.916406969206352800 ) ) ;
#2679 = CONICAL_SURFACE ( 'NONE', #4922, 31.50000000000000700, 0.7853981633974482800 ) ;
#2680 = ORIENTED_EDGE ( 'NONE', *, *, #2396, .F. ) ;
#2681 = AXIS2_PLACEMENT_3D ( 'NONE', #9052, #2955, #9851 ) ;
#2682 = ADVANCED_FACE ( 'NONE', ( #3041 ), #4592, .F. ) ;
#2683 = CARTESIAN_POINT ( 'NONE',  ( 8.999999999997104500, 0.3959148961615094900, -6.790284991403996900 ) ) ;
#2684 = CARTESIAN_POINT ( 'NONE',  ( 21.00000000000006000, -13.89327792351011400, -26.58958515892309600 ) ) ;
#2685 = CARTESIAN_POINT ( 'NONE',  ( 19.00000000000000000, -18.91510639674090700, -17.66510639673872200 ) ) ;
#2686 = PLANE ( 'NONE',  #9915 ) ;
#2687 = ORIENTED_EDGE ( 'NONE', *, *, #9496, .F. ) ;
#2689 = ORIENTED_EDGE ( 'NONE', *, *, #9944, .T. ) ;
#2688 = CARTESIAN_POINT ( 'NONE',  ( 21.00000000000006800, -17.47708016017156400, 24.41379233008255100 ) ) ;
#2690 = CARTESIAN_POINT ( 'NONE',  ( -2.168404344971008900E-016, 8.130791273900946700, 30.09921705119914000 ) ) ;
#2691 = FACE_OUTER_BOUND ( 'NONE', #6670, .T. ) ;
#2692 = EDGE_LOOP ( 'NONE', ( #7973, #501, #6571, #7199 ) ) ;
#2693 = EDGE_CURVE ( 'NONE', #3882, #9364, #968, .T. ) ;
#2694 = CARTESIAN_POINT ( 'NONE',  ( 3.000000000000000000, -10.60660171779819200, 10.60660171779940900 ) ) ;
#2695 = DIRECTION ( 'NONE',  ( -1.626303258728255200E-016, 1.000000000000000000, 0.0000000000000000000 ) ) ;
#2696 = CARTESIAN_POINT ( 'NONE',  ( 6.500999999999997700, 18.91510639674002500, 18.91510639674027400 ) ) ;
#2697 = VERTEX_POINT ( 'NONE', #1916 ) ;
#2698 = ORIENTED_EDGE ( 'NONE', *, *, #4721, .F. ) ;
#2699 = VERTEX_POINT ( 'NONE', #2767 ) ;
#2700 = CARTESIAN_POINT ( 'NONE',  ( 6.400000000000035900, -32.75673559454232000, -4.017172659200257500 ) ) ;
#2701 = ORIENTED_EDGE ( 'NONE', *, *, #4800, .T. ) ;
#2702 = ORIENTED_EDGE ( 'NONE', *, *, #1265, .F. ) ;
#2703 = AXIS2_PLACEMENT_3D ( 'NONE', #4729, #887, #57 ) ;
#2704 = EDGE_CURVE ( 'NONE', #5338, #7554, #1943, .T. ) ;
#2705 = DIRECTION ( 'NONE',  ( 1.000000000000000000, 6.071532165918827900E-018, 5.551115123125788900E-017 ) ) ;
#2706 = ORIENTED_EDGE ( 'NONE', *, *, #7549, .T. ) ;
#2707 = FACE_OUTER_BOUND ( 'NONE', #1452, .T. ) ;
#2708 = CARTESIAN_POINT ( 'NONE',  ( -1.099999999866669000, -1.252283810583878300, 4.586721231376817100 ) ) ;
#2709 = DIRECTION ( 'NONE',  ( -0.4472135954999580400, -2.877305361606270400E-018, 0.8944271909999157400 ) ) ;
#2710 = VERTEX_POINT ( 'NONE', #6496 ) ;
#2711 = CARTESIAN_POINT ( 'NONE',  ( 19.40000000000003400, 26.32467147088351200, -20.73141736399060500 ) ) ;
#2712 = VERTEX_POINT ( 'NONE', #5733 ) ;
#2713 = CARTESIAN_POINT ( 'NONE',  ( 1.000000000128238800, -7.271562279049545600, -4.411019706534801800 ) ) ;
#2714 = CARTESIAN_POINT ( 'NONE',  ( -1.084202172485504400E-016, 17.50000000000000000, 5.999999999999986700 ) ) ;
#2715 = CARTESIAN_POINT ( 'NONE',  ( 0.4999999999881763500, 21.91510639674753600, -18.91510639674008600 ) ) ;
#2716 = CIRCLE ( 'NONE', #6262, 11.04999999999995300 ) ;
#2717 = AXIS2_PLACEMENT_3D ( 'NONE', #3757, #9125, #8445 ) ;
#2718 = ORIENTED_EDGE ( 'NONE', *, *, #4418, .T. ) ;
#2719 = ORIENTED_EDGE ( 'NONE', *, *, #4098, .F. ) ;
#2720 = DIRECTION ( 'NONE',  ( -1.000000000000000000, 0.0000000000000000000, 0.0000000000000000000 ) ) ;
#2721 = CARTESIAN_POINT ( 'NONE',  ( 21.00000000000006000, 7.032599006971577400, -29.19512216355483500 ) ) ;
#2722 = DIRECTION ( 'NONE',  ( -1.000000000000000000, -0.0000000000000000000, -0.0000000000000000000 ) ) ;
#2723 = CARTESIAN_POINT ( 'NONE',  ( 21.00000000000006000, 28.19354942702448600, 10.25821600447015800 ) ) ;
#2724 = CARTESIAN_POINT ( 'NONE',  ( -2.168404344971009400E-016, 4.025158350376938400, 30.89462349779485400 ) ) ;
#2725 = CALENDAR_DATE ( 2025, 28, 7 ) ;
#2726 = VECTOR ( 'NONE', #3141, 1000.000000000000000 ) ;
#2727 = ORIENTED_EDGE ( 'NONE', *, *, #9889, .F. ) ;
#2728 = CARTESIAN_POINT ( 'NONE',  ( 0.2000000000000009500, 25.90000000000000200, -3.998403685112363000 ) ) ;
#2729 = ORIENTED_EDGE ( 'NONE', *, *, #15, .T. ) ;
#2730 = AXIS2_PLACEMENT_3D ( 'NONE', #2223, #1454, #7622 ) ;
#2731 = DIRECTION ( 'NONE',  ( -1.000000000000000000, -0.0000000000000000000, -0.0000000000000000000 ) ) ;
#2732 = ORGANIZATION ( '未指定', '未指定', '' ) ;
#2733 = ORIENTED_EDGE ( 'NONE', *, *, #6238, .F. ) ;
#2734 = DIRECTION ( 'NONE',  ( 0.0000000000000000000, 0.0000000000000000000, -1.000000000000000000 ) ) ;
#2735 = ADVANCED_FACE ( 'NONE', ( #4342 ), #845, .F. ) ;
#2736 = CARTESIAN_POINT ( 'NONE',  ( 21.77120881839775600, -21.84009091011333200, 26.05782855569468400 ) ) ;
#2737 = VERTEX_POINT ( 'NONE', #8204 ) ;
#2738 = CARTESIAN_POINT ( 'NONE',  ( -1.100000000000000100, 4.353422915655340400E-014, -6.250000000000000900 ) ) ;
#2739 = CARTESIAN_POINT ( 'NONE',  ( 19.40000000000003400, -8.542840298825476400, -32.39289173672146700 ) ) ;
#2740 = EDGE_CURVE ( 'NONE', #4625, #9003, #1207, .T. ) ;
#2741 = CARTESIAN_POINT ( 'NONE',  ( 1.000000000128238500, -3.261893060566260600, 7.849292605573277900 ) ) ;
#2742 = EDGE_CURVE ( 'NONE', #6062, #8807, #7870, .T. ) ;
#2743 = CARTESIAN_POINT ( 'NONE',  ( 8.999999999997102800, 4.527332516242467800, -5.078038102143644000 ) ) ;
#2744 = AXIS2_PLACEMENT_3D ( 'NONE', #6176, #9981, #5395 ) ;
#2745 = CIRCLE ( 'NONE', #4258, 2.000000000000000900 ) ;
#2746 = ORIENTED_EDGE ( 'NONE', *, *, #1423, .T. ) ;
#2747 = CARTESIAN_POINT ( 'NONE',  ( 18.00000000000000700, 0.0000000000000000000, 0.0000000000000000000 ) ) ;
#2748 = EDGE_CURVE ( 'NONE', #2756, #2697, #9876, .T. ) ;
#2749 = CARTESIAN_POINT ( 'NONE',  ( 21.00000000000006000, 9.656091610639666800, -28.40363544405767000 ) ) ;
#2750 = DIRECTION ( 'NONE',  ( 0.0000000000000000000, 0.0000000000000000000, -1.000000000000000000 ) ) ;
#2751 = VECTOR ( 'NONE', #2709, 1000.000000000000100 ) ;
#2752 = CARTESIAN_POINT ( 'NONE',  ( 6.500999999999997700, 15.55634918610283400, -16.80634918610531500 ) ) ;
#2753 = CARTESIAN_POINT ( 'NONE',  ( 21.00000000000006000, 18.77208450238275000, 23.40161567810438800 ) ) ;
#2754 = CARTESIAN_POINT ( 'NONE',  ( -2.168404344971008400E-016, 5.636970309627916900, 30.63493706880029400 ) ) ;
#2755 = VECTOR ( 'NONE', #9221, 1000.000000000000000 ) ;
#2756 = VERTEX_POINT ( 'NONE', #1162 ) ;
#2757 = CARTESIAN_POINT ( 'NONE',  ( 1.699756038043517500, -8.235675032458632400E-015, -33.62469504755424100 ) ) ;
#2758 = DIRECTION ( 'NONE',  ( 0.0000000000000000000, 0.0000000000000000000, -1.000000000000000000 ) ) ;
#2759 = AXIS2_PLACEMENT_3D ( 'NONE', #1058, #1812, #2600 ) ;
#2760 = ORIENTED_EDGE ( 'NONE', *, *, #3682, .F. ) ;
#2761 = DIRECTION ( 'NONE',  ( -1.000000000000000000, -0.0000000000000000000, -0.0000000000000000000 ) ) ;
#2762 = CARTESIAN_POINT ( 'NONE',  ( 21.00000000000006000, -14.13182353007326400, 15.61094788897905900 ) ) ;
#2763 = CIRCLE ( 'NONE', #6497, 0.8000000000000003800 ) ;
#2764 = CARTESIAN_POINT ( 'NONE',  ( 5.999999999999998200, 29.90401310861136300, -6.000000000000000000 ) ) ;
#2765 = EDGE_CURVE ( 'NONE', #9895, #9627, #607, .T. ) ;
#2766 = CIRCLE ( 'NONE', #5827, 11.04999999999995300 ) ;
#2767 = CARTESIAN_POINT ( 'NONE',  ( -1.100000000000000100, 4.353422915655340400E-014, -7.250000000000000000 ) ) ;
#2768 = ORIENTED_EDGE ( 'NONE', *, *, #9337, .F. ) ;
#2769 = EDGE_CURVE ( 'NONE', #6763, #7904, #9270, .T. ) ;
#2770 = VERTEX_POINT ( 'NONE', #8068 ) ;
#2771 = ORIENTED_EDGE ( 'NONE', *, *, #9782, .T. ) ;
#2772 = DIRECTION ( 'NONE',  ( -1.000000000000000000, -0.0000000000000000000, -0.0000000000000000000 ) ) ;
#2773 = LINE ( 'NONE', #1653, #2280 ) ;
#2774 = CARTESIAN_POINT ( 'NONE',  ( -1.099999999866668500, -2.258054064013235600, -4.184397135487472500 ) ) ;
#2775 = CARTESIAN_POINT ( 'NONE',  ( 21.38196601125016400, 1.446218325543067200E-017, 1.322256754782244100E-016 ) ) ;
#2776 = CYLINDRICAL_SURFACE ( 'NONE', #5177, 32.19999999999984700 ) ;
#2777 = CARTESIAN_POINT ( 'NONE',  ( 19.40000000000003100, -8.141656363223960500, -32.49560813533965100 ) ) ;
#2778 = CARTESIAN_POINT ( 'NONE',  ( 1.000000000128238500, -3.160822777723548200, 7.890522775366776800 ) ) ;
#2779 = AXIS2_PLACEMENT_3D ( 'NONE', #3896, #4510, #7616 ) ;
#2780 = CARTESIAN_POINT ( 'NONE',  ( 8.999999999997106300, 5.972918644031861600, 3.250385001804495700 ) ) ;
#2781 = ORIENTED_EDGE ( 'NONE', *, *, #9514, .T. ) ;
#2782 = DIRECTION ( 'NONE',  ( 1.000000000000000000, -0.0000000000000000000, -0.0000000000000000000 ) ) ;
#2783 = CARTESIAN_POINT ( 'NONE',  ( 0.9535206993936833400, 30.51446191913853300, -5.195636483712384300 ) ) ;
#2784 = CIRCLE ( 'NONE', #5075, 1.250000000001236300 ) ;
#2785 = CYLINDRICAL_SURFACE ( 'NONE', #8881, 31.50000000000000700 ) ;
#2786 = EDGE_CURVE ( 'NONE', #7668, #4375, #6512, .T. ) ;
#2787 = CONICAL_SURFACE ( 'NONE', #5883, 5.749999999977716500, 0.7853981633974482800 ) ;
#2788 = CARTESIAN_POINT ( 'NONE',  ( 20.00000000000006000, -9.635334225049955800, 12.74610083339482000 ) ) ;
#2789 = CARTESIAN_POINT ( 'NONE',  ( 1.000000000128238500, 3.590557665655876200, -7.706809493145059700 ) ) ;
#2790 = DIRECTION ( 'NONE',  ( -1.000000000000000000, -0.0000000000000000000, -0.0000000000000000000 ) ) ;
#2791 = CARTESIAN_POINT ( 'NONE',  ( 21.00000000000006000, 21.81371482904426900, 20.67669305985869600 ) ) ;
#2792 = CARTESIAN_POINT ( 'NONE',  ( -2.168404344971009400E-016, 12.31702094400217700, -28.61277362789873300 ) ) ;
#2793 = AXIS2_PLACEMENT_3D ( 'NONE', #3885, #46, #8530 ) ;
#2794 = FACE_OUTER_BOUND ( 'NONE', #2606, .T. ) ;
#2795 = CIRCLE ( 'NONE', #7225, 31.77391398819611700 ) ;
#2796 = CIRCLE ( 'NONE', #9222, 1.499999999999990900 ) ;
#2797 = DIRECTION ( 'NONE',  ( 1.000000000000000000, 0.0000000000000000000, 0.0000000000000000000 ) ) ;
#2798 = DIRECTION ( 'NONE',  ( 0.0000000000000000000, -2.602085213965210200E-015, -1.000000000000000000 ) ) ;
#2799 = DIRECTION ( 'NONE',  ( -7.228014483236694600E-017, 1.000000000000000000, 0.0000000000000000000 ) ) ;
#2800 = VERTEX_POINT ( 'NONE', #1889 ) ;
#2801 = EDGE_LOOP ( 'NONE', ( #9080, #3324, #8555, #4747 ) ) ;
#2802 = DIRECTION ( 'NONE',  ( -1.000000000000000000, 0.0000000000000000000, 0.0000000000000000000 ) ) ;
#2803 = CARTESIAN_POINT ( 'NONE',  ( 6.400000000000036800, -31.55306463975785600, 9.688118949274283400 ) ) ;
#2804 = CIRCLE ( 'NONE', #8347, 32.19999999999984700 ) ;
#2805 = EDGE_CURVE ( 'NONE', #2992, #6066, #6758, .T. ) ;
#2806 = EDGE_CURVE ( 'NONE', #6331, #1963, #2172, .T. ) ;
#2807 = VERTEX_POINT ( 'NONE', #7315 ) ;
#2808 = ORIENTED_EDGE ( 'NONE', *, *, #9335, .F. ) ;
#2809 = CYLINDRICAL_SURFACE ( 'NONE', #8052, 1.250000000000001100 ) ;
#2810 = VERTEX_POINT ( 'NONE', #3501 ) ;
#2811 = CARTESIAN_POINT ( 'NONE',  ( -1.099999999866668500, -4.708370780696931500, -0.7467697402347178700 ) ) ;
#2812 = CARTESIAN_POINT ( 'NONE',  ( 19.40000000000003400, 27.43132521356867700, -19.22949266143653400 ) ) ;
#2813 = CARTESIAN_POINT ( 'NONE',  ( 1.000000000128238500, -1.682006765308377200, 8.331990669844735500 ) ) ;
#2814 = CARTESIAN_POINT ( 'NONE',  ( 8.999999999997104500, 4.369757590491270900, 5.210169000119419600 ) ) ;
#2815 = DIRECTION ( 'NONE',  ( -7.228014483236694600E-017, 1.000000000000000000, 0.0000000000000000000 ) ) ;
#2816 = ORIENTED_EDGE ( 'NONE', *, *, #4703, .F. ) ;
#2817 = ORIENTED_EDGE ( 'NONE', *, *, #1895, .T. ) ;
#2818 = CARTESIAN_POINT ( 'NONE',  ( 0.0000000000000000000, -15.55634918610412000, 16.80634918610461200 ) ) ;
#2819 = OPEN_SHELL ( 'NONE', ( #1870, #210, #4095, #4701 ) ) ;
#2820 = DIRECTION ( 'NONE',  ( 0.0000000000000000000, 0.0000000000000000000, 1.000000000000000000 ) ) ;
#2821 = CARTESIAN_POINT ( 'NONE',  ( 21.00000000000005300, 8.492373289681312400, -28.79076347226555700 ) ) ;
#2822 = AXIS2_PLACEMENT_3D ( 'NONE', #2027, #5940, #8217 ) ;
#2823 = CARTESIAN_POINT ( 'NONE',  ( 21.00000000000006400, 23.58144508566212100, 18.56765614522074200 ) ) ;
#2824 = CARTESIAN_POINT ( 'NONE',  ( -2.168404344971008900E-016, 14.80619068786381100, -27.44093195714811600 ) ) ;
#2825 = ORIENTED_EDGE ( 'NONE', *, *, #341, .T. ) ;
#2826 = EDGE_LOOP ( 'NONE', ( #7182, #1689 ) ) ;
#2827 = EDGE_LOOP ( 'NONE', ( #2960, #3601 ) ) ;
#2828 = ORIENTED_EDGE ( 'NONE', *, *, #1100, .F. ) ;
#2829 = EDGE_CURVE ( 'NONE', #4381, #6001, #343, .T. ) ;
#2830 = CARTESIAN_POINT ( 'NONE',  ( -1.100000000000000100, 0.0000000000000000000, 0.0000000000000000000 ) ) ;
#2831 = DIRECTION ( 'NONE',  ( 1.000000000000000000, 0.0000000000000000000, 0.0000000000000000000 ) ) ;
#2832 = DIRECTION ( 'NONE',  ( -1.000000000000000000, -0.0000000000000000000, -0.0000000000000000000 ) ) ;
#2833 = CARTESIAN_POINT ( 'NONE',  ( 6.400000000000035000, -32.64251647885306100, -4.844685506491424000 ) ) ;
#2834 = VECTOR ( 'NONE', #3305, 1000.000000000000000 ) ;
#2835 = CARTESIAN_POINT ( 'NONE',  ( 1.500000000000029100, 0.0000000000000000000, 0.0000000000000000000 ) ) ;
#2836 = CARTESIAN_POINT ( 'NONE',  ( 0.0000000000000000000, 21.50000000000000000, 0.0000000000000000000 ) ) ;
#2837 = DIRECTION ( 'NONE',  ( 1.000000000000000000, 6.123233995736766000E-017, 0.0000000000000000000 ) ) ;
#2838 = VERTEX_POINT ( 'NONE', #7413 ) ;
#2839 = AXIS2_PLACEMENT_3D ( 'NONE', #2419, #9330, #919 ) ;
#2840 = CARTESIAN_POINT ( 'NONE',  ( -2.168404344971009400E-016, -6.101923432660112400, 30.54618222958509600 ) ) ;
#2841 = CARTESIAN_POINT ( 'NONE',  ( 19.40000000000003800, 28.95428247711651100, 15.83293912107712800 ) ) ;
#2842 = CARTESIAN_POINT ( 'NONE',  ( -1.099999999866668300, -4.061838708008726200, -2.463826740277117000 ) ) ;
#2843 = CARTESIAN_POINT ( 'NONE',  ( 1.200000000000000000, 28.50000000000000000, 5.999999999999983100 ) ) ;
#2844 = DIRECTION ( 'NONE',  ( 1.000000000000000000, 6.071532165918827900E-018, 5.551115123125788900E-017 ) ) ;
#2845 = APPROVAL_DATE_TIME ( #5615, #3695 ) ;
#2846 = CIRCLE ( 'NONE', #9338, 1.499999999999990900 ) ;
#2847 = CARTESIAN_POINT ( 'NONE',  ( 1.000000000128238800, -3.590557665655147000, 7.706809493145834200 ) ) ;
#2848 = CARTESIAN_POINT ( 'NONE',  ( 8.999999999997104500, 6.732604824617642900, -1.063751759711680300 ) ) ;
#2849 = EDGE_CURVE ( 'NONE', #2807, #357, #5200, .T. ) ;
#2850 = ORIENTED_EDGE ( 'NONE', *, *, #5520, .T. ) ;
#2851 = CARTESIAN_POINT ( 'NONE',  ( 0.1000000000000013700, 23.00000000000000400, -2.581566074340896200E-015 ) ) ;
#2852 = CARTESIAN_POINT ( 'NONE',  ( 0.1500000000000008800, 25.90000000000000900, -3.248403685112363400 ) ) ;
#2853 = AXIS2_PLACEMENT_3D ( 'NONE', #4491, #1471, #3791 ) ;
#2854 = CARTESIAN_POINT ( 'NONE',  ( 1.282376982381094900E-010, 9.500000000000000000, -9.992007221555231900E-016 ) ) ;
#2855 = ITEM_DEFINED_TRANSFORMATION ( 'NONE', 'NONE', #43,  #7241 ) ;
#2856 = CARTESIAN_POINT ( 'NONE',  ( 21.00000000000006400, -26.01563460114978100, -14.93963143265141900 ) ) ;
#2857 = CARTESIAN_POINT ( 'NONE',  ( -4.336808689942017700E-016, 62.29843788128334800, -31.14921894064168100 ) ) ;
#2858 = ORIENTED_EDGE ( 'NONE', *, *, #148, .F. ) ;
#2859 = DIRECTION ( 'NONE',  ( 7.228014483236698300E-017, -1.000000000000000000, 0.0000000000000000000 ) ) ;
#2860 = CARTESIAN_POINT ( 'NONE',  ( 21.00000000000006000, 18.43949073868726500, 23.66627109345314800 ) ) ;
#2861 = CARTESIAN_POINT ( 'NONE',  ( -2.168404344971008900E-016, 13.15746169046285600, -28.24276381760253700 ) ) ;
#2862 = CC_DESIGN_PERSON_AND_ORGANIZATION_ASSIGNMENT ( #4269, #2348, ( #771 ) ) ;
#2863 = CARTESIAN_POINT ( 'NONE',  ( 20.00000000000005700, 13.41199954437071200, 1.539953547714057800 ) ) ;
#2865 = CARTESIAN_POINT ( 'NONE',  ( 20.00000000000005700, 2.143131898507833900E-015, 16.99999999999971900 ) ) ;
#2864 = CIRCLE ( 'NONE', #6525, 1.250000000000660400 ) ;
#2866 = DIRECTION ( 'NONE',  ( -5.880418562633243500E-017, 1.000000000000000000, 0.0000000000000000000 ) ) ;
#2867 = CARTESIAN_POINT ( 'NONE',  ( 0.1999999999999987900, 0.0000000000000000000, 0.0000000000000000000 ) ) ;
#2868 = ORIENTED_EDGE ( 'NONE', *, *, #8565, .F. ) ;
#2869 = CARTESIAN_POINT ( 'NONE',  ( 6.400000000000035000, -20.42199582742913200, -25.93176369520977100 ) ) ;
#2870 = CARTESIAN_POINT ( 'NONE',  ( 21.00000000000006000, 14.13182353007338300, -16.86094788897896300 ) ) ;
#2871 = ORIENTED_EDGE ( 'NONE', *, *, #269, .F. ) ;
#2872 = DIRECTION ( 'NONE',  ( 0.0000000000000000000, 0.0000000000000000000, 1.000000000000000000 ) ) ;
#2873 = CARTESIAN_POINT ( 'NONE',  ( -2.168404344971009400E-016, -29.00843721136019900, 11.34836638811986200 ) ) ;
#2874 = CARTESIAN_POINT ( 'NONE',  ( 19.40000000000003400, 16.12311001505407800, 28.79371058819414500 ) ) ;
#2875 = CARTESIAN_POINT ( 'NONE',  ( -1.099999999866668300, -4.306699797924031800, 2.006578532135083300 ) ) ;
#2876 = DIRECTION ( 'NONE',  ( -1.000000000000000000, -0.0000000000000000000, 0.0000000000000000000 ) ) ;
#2877 = DIRECTION ( 'NONE',  ( -1.000000000000000000, 0.0000000000000000000, 0.0000000000000000000 ) ) ;
#2878 = CARTESIAN_POINT ( 'NONE',  ( 8.999999999997106300, -1.758902845176610400, 6.570382497704271100 ) ) ;
#2879 = ORIENTED_EDGE ( 'NONE', *, *, #3596, .T. ) ;
#2880 = AXIS2_PLACEMENT_3D ( 'NONE', #9610, #1319, #6715 ) ;
#2881 = CIRCLE ( 'NONE', #5612, 1.250000000000002900 ) ;
#2882 = CYLINDRICAL_SURFACE ( 'NONE', #7701, 1.249999999999999300 ) ;
#2883 = DIRECTION ( 'NONE',  ( -1.000000000000000000, -6.123233995736766000E-017, -0.0000000000000000000 ) ) ;
#2884 = CARTESIAN_POINT ( 'NONE',  ( -2.168404344971008900E-016, -20.50548430696143500, -23.54611101279387200 ) ) ;
#2885 = EDGE_CURVE ( 'NONE', #2189, #8476, #9736, .T. ) ;
#2886 = CARTESIAN_POINT ( 'NONE',  ( 21.00000000000005700, -14.22870144585446000, -26.41107770024753200 ) ) ;
#2887 = CARTESIAN_POINT ( 'NONE',  ( 24.00000000000006000, 9.635334225050032200, -12.74610083339475100 ) ) ;
#2888 = EDGE_LOOP ( 'NONE', ( #2537, #7287, #2781, #1357 ) ) ;
#2889 = CARTESIAN_POINT ( 'NONE',  ( 2.999999999999998200, 23.50000000000000700, 5.000000000000000900 ) ) ;
#2890 = CARTESIAN_POINT ( 'NONE',  ( -2.168404344971008900E-016, 26.10852194079539900, -16.98891890168038200 ) ) ;
#2891 = CIRCLE ( 'NONE', #8447, 0.9999999999999991100 ) ;
#2892 = CIRCLE ( 'NONE', #1367, 0.9999999999999995600 ) ;
#2893 = CARTESIAN_POINT ( 'NONE',  ( 20.00000000000006400, 10.68838198539863900, -8.258358681965049200 ) ) ;
#2894 = CARTESIAN_POINT ( 'NONE',  ( 0.2000000000000004300, 27.34695304999220900, -7.812471441088995900 ) ) ;
#2895 = AXIS2_PLACEMENT_3D ( 'NONE', #6311, #4779, #1696 ) ;
#2896 = CARTESIAN_POINT ( 'NONE',  ( 20.00000000000006000, -11.49610083339478300, -10.88533422504999300 ) ) ;
#2897 = DIRECTION ( 'NONE',  ( 0.0000000000000000000, 0.0000000000000000000, 1.000000000000000000 ) ) ;
#2898 = ORIENTED_EDGE ( 'NONE', *, *, #2632, .F. ) ;
#2899 = CARTESIAN_POINT ( 'NONE',  ( 23.78885438199990400, 2.907568341821367900E-017, 2.658348198236691200E-016 ) ) ;
#2900 = ORIENTED_EDGE ( 'NONE', *, *, #3110, .F. ) ;
#2901 = CARTESIAN_POINT ( 'NONE',  ( 6.400000000000037700, -1.899635688655033000, -32.94540037735856700 ) ) ;
#2902 = EDGE_CURVE ( 'NONE', #4229, #6547, #600, .T. ) ;
#2903 = CIRCLE ( 'NONE', #6755, 2.500000000000000000 ) ;
#2904 = CARTESIAN_POINT ( 'NONE',  ( 19.40000000000004100, -29.54996355193219800, 14.73241396033478200 ) ) ;
#2905 = CARTESIAN_POINT ( 'NONE',  ( 1.299999999997001800, 9.635334225050032200, -10.24610083339475100 ) ) ;
#2906 = FACE_OUTER_BOUND ( 'NONE', #7109, .T. ) ;
#2907 = ORIENTED_EDGE ( 'NONE', *, *, #3503, .T. ) ;
#2908 = ORIENTED_EDGE ( 'NONE', *, *, #2805, .F. ) ;
#2909 = CARTESIAN_POINT ( 'NONE',  ( -2.168404344971008900E-016, -13.15746169045895000, 28.24276381760215000 ) ) ;
#2910 = CARTESIAN_POINT ( 'NONE',  ( 19.40000000000003800, 21.06059981031038600, 25.40574914956784300 ) ) ;
#2911 = CARTESIAN_POINT ( 'NONE',  ( 6.899999999999971000, 1.281707966963490900E-047, -8.673617379884035500E-016 ) ) ;
#2912 = CARTESIAN_POINT ( 'NONE',  ( -0.5999999998493876800, -1.092875789857602900E-016, -8.673617379884035500E-016 ) ) ;
#2913 = FACE_OUTER_BOUND ( 'NONE', #9750, .T. ) ;
#2914 = CIRCLE ( 'NONE', #2779, 0.5000000000000004400 ) ;
#2915 = AXIS2_PLACEMENT_3D ( 'NONE', #1323, #3552, #6685 ) ;
#2916 = CARTESIAN_POINT ( 'NONE',  ( 8.999999999997104500, -1.951476053497994900, 6.514418231913533800 ) ) ;
#2917 = FACE_OUTER_BOUND ( 'NONE', #9275, .T. ) ;
#2918 = ORIENTED_EDGE ( 'NONE', *, *, #8042, .F. ) ;
#2919 = DIRECTION ( 'NONE',  ( 1.000000000000000000, 6.071532165918827900E-018, 5.551115123125788900E-017 ) ) ;
#2920 = CARTESIAN_POINT ( 'NONE',  ( -0.9852105226014619100, 0.4378138376133169400, -5.347297179859007900 ) ) ;
#2921 = EDGE_CURVE ( 'NONE', #8943, #9067, #9031, .T. ) ;
#2922 = AXIS2_PLACEMENT_3D ( 'NONE', #3743, #4480, #701 ) ;
#2923 = VECTOR ( 'NONE', #1276, 1000.000000000000000 ) ;
#2924 = CARTESIAN_POINT ( 'NONE',  ( 24.00000000000006000, 14.13182353007338300, -16.86094788897896300 ) ) ;
#2925 = CARTESIAN_POINT ( 'NONE',  ( 21.00000000000006000, -28.46132834913252200, -9.484395564898250100 ) ) ;
#2926 = CARTESIAN_POINT ( 'NONE',  ( 0.07589598640058846400, 63.18973996600122700, 31.59486998300061300 ) ) ;
#2927 = CARTESIAN_POINT ( 'NONE',  ( 22.10231852694309000, -30.09334553444772500, -69.31827564100353800 ) ) ;
#2928 = CARTESIAN_POINT ( 'NONE',  ( -2.168404344971008400E-016, 30.89464478116689600, -4.025043326800045000 ) ) ;
#2929 = FACE_OUTER_BOUND ( 'NONE', #4530, .T. ) ;
#2930 = ORIENTED_EDGE ( 'NONE', *, *, #9458, .T. ) ;
#2931 = AXIS2_PLACEMENT_3D ( 'NONE', #7433, #3691, #3583 ) ;
#2932 = CARTESIAN_POINT ( 'NONE',  ( 20.00000000000006000, 8.258358681964169900, 10.68838198539911800 ) ) ;
#2933 = CARTESIAN_POINT ( 'NONE',  ( 0.2000000000000002900, 27.65886946834970300, -7.640566902676363600 ) ) ;
#2934 = CARTESIAN_POINT ( 'NONE',  ( 0.2000000000000004800, 28.31247144108958800, 6.846953049991772600 ) ) ;
#2935 = DIRECTION ( 'NONE',  ( 1.000000000000000000, 0.0000000000000000000, 0.0000000000000000000 ) ) ;
#2936 = ORIENTED_EDGE ( 'NONE', *, *, #2988, .T. ) ;
#2937 = ORIENTED_EDGE ( 'NONE', *, *, #8952, .F. ) ;
#2938 = CARTESIAN_POINT ( 'NONE',  ( 6.400000000000037700, -12.76231706296555800, -30.44901483364598200 ) ) ;
#2939 = EDGE_LOOP ( 'NONE', ( #3325, #2478 ) ) ;
#2940 = ORIENTED_EDGE ( 'NONE', *, *, #6963, .F. ) ;
#2941 = CARTESIAN_POINT ( 'NONE',  ( 1.282376982381094900E-010, 6.249999999999999100, -0.9999999999999358300 ) ) ;
#2942 = CARTESIAN_POINT ( 'NONE',  ( -1.099999999866668500, 1.729813541151350200, -4.423870039718391200 ) ) ;
#2943 = EDGE_CURVE ( 'NONE', #7075, #6673, #3029, .T. ) ;
#2944 = EDGE_CURVE ( 'NONE', #513, #592, #1818, .T. ) ;
#2945 = CARTESIAN_POINT ( 'NONE',  ( -3.469446951953614200E-016, 3.676586257077263200E-015, 31.14921894064168800 ) ) ;
#2946 = CARTESIAN_POINT ( 'NONE',  ( 19.40000000000003100, 32.95283928264666400, 1.922259292595947200 ) ) ;
#2947 = VERTEX_POINT ( 'NONE', #2941 ) ;
#2948 = ORIENTED_EDGE ( 'NONE', *, *, #6261, .F. ) ;
#2949 = CARTESIAN_POINT ( 'NONE',  ( 2.900000000133330600, 3.499549706947303600E-016, 3.750000000001902900 ) ) ;
#2950 = CARTESIAN_POINT ( 'NONE',  ( 6.500999999999997700, -15.55634918610401500, 16.80634918610494200 ) ) ;
#2951 = ORIENTED_EDGE ( 'NONE', *, *, #6946, .F. ) ;
#2952 = ORIENTED_EDGE ( 'NONE', *, *, #1918, .F. ) ;
#2953 = DIRECTION ( 'NONE',  ( -1.000000000000000000, -0.0000000000000000000, -0.0000000000000000000 ) ) ;
#2954 = EDGE_CURVE ( 'NONE', #4948, #7824, #6274, .T. ) ;
#2955 = DIRECTION ( 'NONE',  ( 1.000000000000000000, -0.0000000000000000000, -0.0000000000000000000 ) ) ;
#2956 = CARTESIAN_POINT ( 'NONE',  ( -1.100000000000000100, 5.817072295949927400E-016, -4.750000000000000000 ) ) ;
#2957 = ORIENTED_EDGE ( 'NONE', *, *, #6879, .F. ) ;
#2958 = VECTOR ( 'NONE', #6250, 1000.000000000000000 ) ;
#2959 = ORIENTED_EDGE ( 'NONE', *, *, #996, .T. ) ;
#2960 = ORIENTED_EDGE ( 'NONE', *, *, #8821, .T. ) ;
#2961 = CARTESIAN_POINT ( 'NONE',  ( 21.00000000000006800, -29.73426877712935800, -3.987788483200857700 ) ) ;
#2962 = DIRECTION ( 'NONE',  ( 0.0000000000000000000, 0.0000000000000000000, 1.000000000000000000 ) ) ;
#2963 = CARTESIAN_POINT ( 'NONE',  ( 6.399999999999979000, -18.91510639674024200, 18.91510639674090300 ) ) ;
#2964 = CARTESIAN_POINT ( 'NONE',  ( 3.000000000000000000, -10.60660171779819200, 9.356601717799408700 ) ) ;
#2965 = CARTESIAN_POINT ( 'NONE',  ( 6.399999999999979000, 3.943362693254458800E-015, 32.19999999999984700 ) ) ;
#2966 = EDGE_CURVE ( 'NONE', #4869, #8196, #956, .T. ) ;
#2967 = FACE_OUTER_BOUND ( 'NONE', #3934, .T. ) ;
#2968 = EDGE_CURVE ( 'NONE', #2664, #869, #9374, .T. ) ;
#2969 = CARTESIAN_POINT ( 'NONE',  ( 19.40000000000003400, -9.936001231102428800, 31.46921137157658400 ) ) ;
#2970 = DIRECTION ( 'NONE',  ( 1.000000000000000000, 0.0000000000000000000, 0.0000000000000000000 ) ) ;
#2971 = EDGE_LOOP ( 'NONE', ( #6308, #2015, #5246 ) ) ;
#2972 = DIRECTION ( 'NONE',  ( 0.0000000000000000000, 0.0000000000000000000, 1.000000000000000000 ) ) ;
#2973 = CARTESIAN_POINT ( 'NONE',  ( 0.2000000000000009000, 24.90000000000000200, -0.7500000000000024400 ) ) ;
#2974 = CARTESIAN_POINT ( 'NONE',  ( -1.099999999832333500, 1.187298658375952600E-014, -5.249999999994771300 ) ) ;
#2975 = CARTESIAN_POINT ( 'NONE',  ( 6.400000000000035900, -0.5523157345149009000, -33.01422896795849500 ) ) ;
#2976 = DIRECTION ( 'NONE',  ( 1.000000000000000000, 0.0000000000000000000, 0.0000000000000000000 ) ) ;
#2977 = CARTESIAN_POINT ( 'NONE',  ( 6.399999999999979000, 18.91510639673938200, -18.91510639674004000 ) ) ;
#2978 = CARTESIAN_POINT ( 'NONE',  ( -1.099999999866668300, 3.931850753080459600, -2.666344244948968300 ) ) ;
#2979 = PERSON_AND_ORGANIZATION ( #6260, #2732 ) ;
#2980 = LINE ( 'NONE', #5529, #7924 ) ;
#2981 = AXIS2_PLACEMENT_3D ( 'NONE', #26, #9239, #10000 ) ;
#2982 = B_SPLINE_CURVE_WITH_KNOTS ( 'NONE', 3,
 ( #9323, #4755, #8626, #186, #1699, #9379, #152, #3448, #4150, #6507, #5775, #7292, #8014, #6545, #2678, #4208, #1171, #4916, #9545, #1896, #9573, #4113, #8048, #8078, #1140, #8812, #3379, #5676, #6581, #2713, #6447, #8751, #4175, #8851, #5030, #9605, #5002, #354, #1958, #6472, #1036, #285, #3472, #1929, #1828, #7219, #7259, #7323, #5805, #9505, #7980, #8114, #7352, #4240, #1865, #5742, #5708, #394, #3349, #1071, #1106, #8785, #2611, #3413, #8725, #9472, #2639, #316, #4957, #4885, #250, #4272, #421, #3509, #8150, #2847, #8875, #2741, #5869, #2778, #9676, #7454, #7424, #454, #2813, #1250, #8946, #9642, #6645, #8252 ),
 .UNSPECIFIED., .F., .F.,
 ( 4, 1, 1, 1, 2, 2, 1, 1, 1, 2, 2, 1, 1, 2, 2, 2, 1, 1, 2, 2, 1, 1, 1, 2, 2, 1, 1, 1, 2, 2, 2, 1, 1, 1, 2, 2, 1, 1, 1, 2, 2, 1, 1, 2, 2, 2, 1, 1, 2, 2, 1, 1, 1, 2, 2, 1, 1, 1, 2, 2, 4 ),
 ( 0.0000000000000000000, 0.03124999999999894500, 0.04687499999999843200, 0.05468749999999817500, 0.05859374999999804300, 0.06249999999999791800, 0.09374999999999700200, 0.1093749999999966000, 0.1171874999999964300, 0.1210937499999963100, 0.1249999999999962000, 0.1562499999999956400, 0.1718749999999954200, 0.1796874999999952500, 0.1874999999999951200, 0.2499999999999942300, 0.2812499999999938400, 0.2968749999999936200, 0.3046874999999936200, 0.3124999999999935600, 0.3437499999999933900, 0.3593749999999932300, 0.3671874999999931700, 0.3710937499999930600, 0.3749999999999930100, 0.4062499999999928400, 0.4218749999999927800, 0.4296874999999928400, 0.4335937499999928400, 0.4374999999999928900, 0.4999999999999934500, 0.5312499999999936700, 0.5468749999999938900, 0.5546874999999938900, 0.5585937499999940000, 0.5624999999999941200, 0.5937499999999944500, 0.6093749999999947800, 0.6171874999999947800, 0.6210937499999948900, 0.6249999999999950000, 0.6562499999999956700, 0.6718749999999961100, 0.6796874999999962300, 0.6874999999999964500, 0.7499999999999975600, 0.7812499999999981100, 0.7968749999999984500, 0.8046874999999985600, 0.8124999999999987800, 0.8437499999999994400, 0.8593749999999998900, 0.8671875000000000000, 0.8710937500000000000, 0.8750000000000000000, 0.9062499999999997800, 0.9218749999999997800, 0.9296874999999996700, 0.9335937499999996700, 0.9374999999999996700, 1.000000000000000000 ),
 .UNSPECIFIED. ) ;
#2983 = ORIENTED_EDGE ( 'NONE', *, *, #4631, .T. ) ;
#2984 = CARTESIAN_POINT ( 'NONE',  ( -2.168404344971008900E-016, -26.21485713810784900, 16.82438091531845700 ) ) ;
#2985 = CARTESIAN_POINT ( 'NONE',  ( 19.40000000000003400, 1.760156411138369400, 32.97271886180091400 ) ) ;
#2986 = DIRECTION ( 'NONE',  ( -6.123233995736766000E-017, 1.000000000000000000, 0.0000000000000000000 ) ) ;
#2987 = EDGE_CURVE ( 'NONE', #6021, #4259, #838, .T. ) ;
#2988 = EDGE_CURVE ( 'NONE', #4579, #9196, #3145, .T. ) ;
#2989 = DIRECTION ( 'NONE',  ( -1.626303258728255200E-016, 1.000000000000000000, 0.0000000000000000000 ) ) ;
#2990 = ORIENTED_EDGE ( 'NONE', *, *, #4934, .T. ) ;
#2991 = AXIS2_PLACEMENT_3D ( 'NONE', #9288, #7734, #4684 ) ;
#2992 = VERTEX_POINT ( 'NONE', #3735 ) ;
#2993 = CARTESIAN_POINT ( 'NONE',  ( -2.168404344971008900E-016, -13.87576178502199500, -27.92295119319692600 ) ) ;
#2994 = CARTESIAN_POINT ( 'NONE',  ( 21.00000000000006000, -23.66627109345230200, 18.43949073869216800 ) ) ;
#2995 = DIRECTION ( 'NONE',  ( 0.0000000000000000000, 0.0000000000000000000, 1.000000000000000000 ) ) ;
#2996 = CIRCLE ( 'NONE', #1688, 0.7500000000000006700 ) ;
#2997 = PRODUCT_DEFINITION ( '未知', '', #4534, #7250 ) ;
#2998 = EDGE_LOOP ( 'NONE', ( #3533, #620, #8050, #4107 ) ) ;
#2999 = CARTESIAN_POINT ( 'NONE',  ( 20.00000000000006800, 11.77857577367831600, 6.596655747912214100 ) ) ;
#3000 = EDGE_CURVE ( 'NONE', #2697, #3718, #4213, .T. ) ;
#3001 = CARTESIAN_POINT ( 'NONE',  ( 2.000000000000001800, -17.41510639674034900, 18.91510639673995400 ) ) ;
#3002 = DIRECTION ( 'NONE',  ( 1.000000000000000000, 0.0000000000000000000, 0.0000000000000000000 ) ) ;
#3003 = CIRCLE ( 'NONE', #7766, 0.9999999999999991100 ) ;
#3004 = CARTESIAN_POINT ( 'NONE',  ( 1.699756038043516400, 4.117837516229316200E-015, 33.62469504755424100 ) ) ;
#3005 = CIRCLE ( 'NONE', #243, 3.000000000007326600 ) ;
#3006 = CARTESIAN_POINT ( 'NONE',  ( 19.40000000000004500, 5.009869791242858900, -32.63656857687934800 ) ) ;
#3007 = CARTESIAN_POINT ( 'NONE',  ( -1.099999999866668700, 2.463826740276645400, -4.061838708008987300 ) ) ;
#3008 = EDGE_LOOP ( 'NONE', ( #3788, #7102 ) ) ;
#3009 = CARTESIAN_POINT ( 'NONE',  ( 19.40000000000003400, 32.48828084704137400, -8.170837855122625700 ) ) ;
#3010 = DIRECTION ( 'NONE',  ( 1.000000000000000000, 0.0000000000000000000, 0.0000000000000000000 ) ) ;
#3011 = FACE_OUTER_BOUND ( 'NONE', #9877, .T. ) ;
#3012 = DIRECTION ( 'NONE',  ( 0.0000000000000000000, 0.0000000000000000000, -1.000000000000000000 ) ) ;
#3013 = DIRECTION ( 'NONE',  ( -1.000000000000000000, -6.071532165918827900E-018, -5.551115123125788900E-017 ) ) ;
#3014 = FACE_OUTER_BOUND ( 'NONE', #1242, .T. ) ;
#3015 = CARTESIAN_POINT ( 'NONE',  ( -0.7229395576410092600, -5.577847384873460400, -0.7440161512310263800 ) ) ;
#3016 = DIRECTION ( 'NONE',  ( -1.000000000000000000, -0.0000000000000000000, -0.0000000000000000000 ) ) ;
#3017 = EDGE_CURVE ( 'NONE', #6915, #8816, #3384, .T. ) ;
#3018 = DIRECTION ( 'NONE',  ( 0.0000000000000000000, 0.0000000000000000000, 1.000000000000000000 ) ) ;
#3019 = AXIS2_PLACEMENT_3D ( 'NONE', #3984, #7055, #7848 ) ;
#3020 = ORIENTED_EDGE ( 'NONE', *, *, #6499, .T. ) ;
#3021 = CIRCLE ( 'NONE', #5858, 2.500000000000000000 ) ;
#3022 = CIRCLE ( 'NONE', #6212, 1.250000000000955200 ) ;
#3023 = CARTESIAN_POINT ( 'NONE',  ( 24.00000000000006000, -9.635334225049955800, 11.49610083339481600 ) ) ;
#3024 = VERTEX_POINT ( 'NONE', #2082 ) ;
#3025 = EDGE_CURVE ( 'NONE', #2297, #2838, #98, .T. ) ;
#3026 = CARTESIAN_POINT ( 'NONE',  ( 5.000000000000000000, -9.024091943764450000, -11.18103027596421300 ) ) ;
#3027 = CARTESIAN_POINT ( 'NONE',  ( 21.00000000000006000, 20.67712071182927500, -21.81339871353315400 ) ) ;
#3028 = VECTOR ( 'NONE', #2883, 1000.000000000000000 ) ;
#3029 = CIRCLE ( 'NONE', #822, 4.750000000000000000 ) ;
#3030 = CYLINDRICAL_SURFACE ( 'NONE', #2991, 5.749999999999886300 ) ;
#3031 = CARTESIAN_POINT ( 'NONE',  ( 0.0000000000000000000, -15.55634918610401500, 15.55634918610525100 ) ) ;
#3032 = AXIS2_PLACEMENT_3D ( 'NONE', #282, #4173, #1825 ) ;
#3033 = DIRECTION ( 'NONE',  ( 1.000000000000000000, -0.0000000000000000000, 0.0000000000000000000 ) ) ;
#3034 = CARTESIAN_POINT ( 'NONE',  ( 1.299999999997001800, 16.86094788897911200, 12.88182353007320200 ) ) ;
#3035 = DIRECTION ( 'NONE',  ( -1.000000000000000000, -0.0000000000000000000, -0.0000000000000000000 ) ) ;
#3036 = DIRECTION ( 'NONE',  ( 0.7071067811865474600, 0.0000000000000000000, -0.7071067811865474600 ) ) ;
#3037 = DIRECTION ( 'NONE',  ( -1.000000000000000000, -6.123233995736766000E-017, -0.0000000000000000000 ) ) ;
#3038 = CARTESIAN_POINT ( 'NONE',  ( 19.40000000000003800, -30.98123640679186500, -11.41530169731152200 ) ) ;
#3039 = CARTESIAN_POINT ( 'NONE',  ( -1.099999999866668700, 4.386353002417569000, -1.822854349017871000 ) ) ;
#3040 = CIRCLE ( 'NONE', #2296, 0.9999999999999991100 ) ;
#3041 = FACE_OUTER_BOUND ( 'NONE', #5203, .T. ) ;
#3042 = B_SPLINE_CURVE_WITH_KNOTS ( 'NONE', 3,
 ( #5217, #3590, #8966, #4465, #4361, #5180, #8271, #3658, #5984, #5915, #9690, #2933, #6664, #2894, #1371, #1333, #3624, #9717, #2175, #6018 ),
 .UNSPECIFIED., .F., .F.,
 ( 4, 1, 1, 1, 2, 2, 2, 1, 1, 1, 2, 2, 4 ),
 ( 0.0000000000000000000, 0.1249999999999884500, 0.1874999999999826800, 0.2187499999999797900, 0.2343749999999789100, 0.2499999999999780200, 0.4999999999999769100, 0.6249999999999765700, 0.6874999999999775700, 0.7187499999999793500, 0.7343749999999814600, 0.7499999999999835700, 1.000000000000000000 ),
 .UNSPECIFIED. ) ;
#3043 = EDGE_CURVE ( 'NONE', #6179, #4459, #8790, .T. ) ;
#3044 = VECTOR ( 'NONE', #6345, 1000.000000000000000 ) ;
#3045 = ORIENTED_EDGE ( 'NONE', *, *, #1283, .F. ) ;
#3046 = ORIENTED_EDGE ( 'NONE', *, *, #9845, .F. ) ;
#3047 = CARTESIAN_POINT ( 'NONE',  ( 19.40000000000003400, 30.91038600275308600, -12.95559649289505600 ) ) ;
#3048 = DIRECTION ( 'NONE',  ( -3.771135192754710700E-017, 0.0000000000000000000, 1.000000000000000000 ) ) ;
#3049 = DIRECTION ( 'NONE',  ( 0.0000000000000000000, 0.0000000000000000000, 1.000000000000000000 ) ) ;
#3050 = AXIS2_PLACEMENT_3D ( 'NONE', #5250, #7565, #8364 ) ;
#3051 = CARTESIAN_POINT ( 'NONE',  ( 8.999999999997104500, -3.324163192939299200, 5.932165435916761700 ) ) ;
#3052 = CIRCLE ( 'NONE', #5870, 1.000000000000000200 ) ;
#3053 = LINE ( 'NONE', #8837, #5459 ) ;
#3054 = ORIENTED_EDGE ( 'NONE', *, *, #892, .T. ) ;
#3055 = AXIS2_PLACEMENT_3D ( 'NONE', #2665, #8866, #8170 ) ;
#3056 = CARTESIAN_POINT ( 'NONE',  ( -2.168404344971008100E-016, -28.93791167482305600, -11.52701856134662800 ) ) ;
#3057 = DIRECTION ( 'NONE',  ( 1.000000000000000000, 6.123233995736766000E-017, 0.0000000000000000000 ) ) ;
#3058 = CARTESIAN_POINT ( 'NONE',  ( -0.5999999998666412100, -1.092875789857602900E-016, -9.992007221555231900E-016 ) ) ;
#3059 = AXIS2_PLACEMENT_3D ( 'NONE', #6072, #6967, #3107 ) ;
#3060 = ORIENTED_EDGE ( 'NONE', *, *, #5658, .T. ) ;
#3061 = ORIENTED_EDGE ( 'NONE', *, *, #7058, .F. ) ;
#3062 = ORIENTED_EDGE ( 'NONE', *, *, #8554, .T. ) ;
#3063 = VERTEX_POINT ( 'NONE', #3863 ) ;
#3064 = CARTESIAN_POINT ( 'NONE',  ( 20.00000000000006000, -6.621891246170469500, 11.76440370770870700 ) ) ;
#3065 = CARTESIAN_POINT ( 'NONE',  ( 6.500999999999997700, -10.60660171779941200, -11.85660171779701200 ) ) ;
#3066 = CARTESIAN_POINT ( 'NONE',  ( 24.00000000000006000, 26.29331772578494200, 60.56513203379510200 ) ) ;
#3067 = DIRECTION ( 'NONE',  ( -7.228014483236694600E-017, 1.000000000000000000, 0.0000000000000000000 ) ) ;
#3068 = DIRECTION ( 'NONE',  ( -1.000000000000000000, -6.071532165918827900E-018, -5.551115123125788900E-017 ) ) ;
#3069 = ORIENTED_EDGE ( 'NONE', *, *, #7606, .F. ) ;
#3070 = ORIENTED_EDGE ( 'NONE', *, *, #2672, .T. ) ;
#3071 = CARTESIAN_POINT ( 'NONE',  ( 22.27639320225006600, 1.989272671565901200E-017, 1.818763585431693200E-016 ) ) ;
#3072 = CARTESIAN_POINT ( 'NONE',  ( 19.40000000000003100, -28.79201524191718100, -16.12516649986747200 ) ) ;
#3073 = CARTESIAN_POINT ( 'NONE',  ( 0.2000000000000019800, 17.73973189582942200, -6.954320935151647700 ) ) ;
#3074 = ORIENTED_EDGE ( 'NONE', *, *, #4522, .T. ) ;
#3075 = EDGE_LOOP ( 'NONE', ( #6161, #6858, #370, #7905, #9635, #6910, #4605, #6406 ) ) ;
#3076 = AXIS2_PLACEMENT_3D ( 'NONE', #915, #4785, #88 ) ;
#3077 = AXIS2_PLACEMENT_3D ( 'NONE', #3031, #1508, #6057 ) ;
#3078 = CARTESIAN_POINT ( 'NONE',  ( 19.40000000000003100, 33.12686515920576400, 4.986576912571198500 ) ) ;
#3079 = DIRECTION ( 'NONE',  ( -1.000000000000000000, -6.123233995736766000E-017, -0.0000000000000000000 ) ) ;
#3080 = CARTESIAN_POINT ( 'NONE',  ( 20.00000000000006000, -11.49610083339478300, -9.635334225049993200 ) ) ;
#3081 = DIRECTION ( 'NONE',  ( 0.0000000000000000000, 0.0000000000000000000, -1.000000000000000000 ) ) ;
#3082 = FACE_BOUND ( 'NONE', #5962, .T. ) ;
#3083 = CARTESIAN_POINT ( 'NONE',  ( 6.499999999999998200, 23.50000000000000000, 3.000000000000000000 ) ) ;
#3084 = ORIENTED_EDGE ( 'NONE', *, *, #8765, .F. ) ;
#3085 = EDGE_CURVE ( 'NONE', #5757, #1155, #6038, .T. ) ;
#3086 = PERSON_AND_ORGANIZATION ( #6260, #2732 ) ;
#3087 = LINE ( 'NONE', #9119, #7180 ) ;
#3088 = ORIENTED_EDGE ( 'NONE', *, *, #4056, .T. ) ;
#3089 = CARTESIAN_POINT ( 'NONE',  ( -2.168404344971008900E-016, -28.24276381762328100, -13.15746169042424000 ) ) ;
#3090 = CARTESIAN_POINT ( 'NONE',  ( 0.2000000000000021500, 18.73179999930239200, 7.846664217816598200 ) ) ;
#3091 = EDGE_LOOP ( 'NONE', ( #4182, #6114, #4389, #1235 ) ) ;
#3092 = AXIS2_PLACEMENT_3D ( 'NONE', #3080, #7590, #3012 ) ;
#3093 = CARTESIAN_POINT ( 'NONE',  ( 6.400000000000035000, 31.55306463975666300, -9.688118949276910600 ) ) ;
#3094 = EDGE_CURVE ( 'NONE', #4820, #5488, #6999, .T. ) ;
#3095 = CARTESIAN_POINT ( 'NONE',  ( 20.00000000000005300, -5.969653420107761100, 12.11194260129169800 ) ) ;
#3096 = PERSON_AND_ORGANIZATION ( #6260, #2732 ) ;
#3097 = CARTESIAN_POINT ( 'NONE',  ( 2.000000000128237900, -1.092875789857602900E-016, 5.249999999999999100 ) ) ;
#3098 = ORIENTED_EDGE ( 'NONE', *, *, #5171, .T. ) ;
#3099 = CARTESIAN_POINT ( 'NONE',  ( 6.400000000000038500, 26.96308758050821900, -19.02611480216343400 ) ) ;
#3100 = DIRECTION ( 'NONE',  ( 0.0000000000000000000, -1.000000000000000000, 0.0000000000000000000 ) ) ;
#3101 = CARTESIAN_POINT ( 'NONE',  ( 19.40000000000003800, -30.40432608670355900, -12.90719904676957900 ) ) ;
#3102 = DIRECTION ( 'NONE',  ( 1.000000000000000000, 1.679403124341539000E-016, -1.865376329483173100E-017 ) ) ;
#3103 = AXIS2_PLACEMENT_3D ( 'NONE', #1083, #8055, #9450 ) ;
#3104 = B_SPLINE_CURVE_WITH_KNOTS ( 'NONE', 3,
 ( #3827, #2346, #1640, #7672 ),
 .UNSPECIFIED., .F., .F.,
 ( 4, 4 ),
 ( 0.0000000000000000000, 1.000000000000000000 ),
 .UNSPECIFIED. ) ;
#3105 = VECTOR ( 'NONE', #5794, 1000.000000000000000 ) ;
#3106 = CARTESIAN_POINT ( 'NONE',  ( 19.40000000000003800, 32.39290058552902000, -8.542804830740731600 ) ) ;
#3107 = DIRECTION ( 'NONE',  ( 0.0000000000000000000, 0.0000000000000000000, -1.000000000000000000 ) ) ;
#3108 = ORIENTED_EDGE ( 'NONE', *, *, #2885, .F. ) ;
#3109 = CARTESIAN_POINT ( 'NONE',  ( 5.000000000128238800, 0.0000000000000000000, 11.50000000000000200 ) ) ;
#3110 = EDGE_CURVE ( 'NONE', #4237, #3417, #7249, .T. ) ;
#3111 = DIRECTION ( 'NONE',  ( 1.000000000000000000, 6.071532165918827900E-018, 5.551115123125788900E-017 ) ) ;
#3112 = VERTEX_POINT ( 'NONE', #758 ) ;
#3113 = FACE_BOUND ( 'NONE', #8697, .T. ) ;
#3114 = AXIS2_PLACEMENT_3D ( 'NONE', #8682, #999, #1815 ) ;
#3115 = CARTESIAN_POINT ( 'NONE',  ( -2.168404344971008600E-016, -26.03576097914044900, -17.10021191509064300 ) ) ;
#3116 = ORIENTED_EDGE ( 'NONE', *, *, #6301, .F. ) ;
#3117 = CARTESIAN_POINT ( 'NONE',  ( 21.00000000000006400, -21.96445887409866800, 20.51660005043036300 ) ) ;
#3118 = DIRECTION ( 'NONE',  ( -6.086749038515113000E-017, 1.000000000000000000, 0.0000000000000000000 ) ) ;
#3119 = CARTESIAN_POINT ( 'NONE',  ( 0.2000000000000009500, 25.90000000000000200, -2.663033492614957100E-015 ) ) ;
#3120 = CARTESIAN_POINT ( 'NONE',  ( 6.400000000000037700, 31.90942423177409300, -8.415300776278723300 ) ) ;
#3121 = VECTOR ( 'NONE', #2249, 1000.000000000000000 ) ;
#3122 = LINE ( 'NONE', #673, #6733 ) ;
#3123 = CARTESIAN_POINT ( 'NONE',  ( 20.00000000000006000, -6.548862438989697700, 11.80521681783383200 ) ) ;
#3124 = EDGE_CURVE ( 'NONE', #2061, #5220, #8354, .T. ) ;
#3125 = EDGE_CURVE ( 'NONE', #1931, #4129, #7730, .T. ) ;
#3126 = CARTESIAN_POINT ( 'NONE',  ( 2.999999999999997800, 28.05797569319640100, -5.000000000000004400 ) ) ;
#3127 = APPLICATION_CONTEXT ( 'configuration controlled 3d designs of mechanical parts and assemblies' ) ;
#3128 = EDGE_LOOP ( 'NONE', ( #4616, #2474, #7942, #824 ) ) ;
#3129 = CARTESIAN_POINT ( 'NONE',  ( 0.0000000000000000000, 10.60660171779701100, -10.60660171779823500 ) ) ;
#3130 = DIRECTION ( 'NONE',  ( 0.0000000000000000000, 0.0000000000000000000, 1.000000000000000000 ) ) ;
#3131 = VECTOR ( 'NONE', #2832, 1000.000000000000000 ) ;
#3132 = CARTESIAN_POINT ( 'NONE',  ( 19.40000000000003800, -1.760156411210813000, -32.97271886180922000 ) ) ;
#3133 = DIRECTION ( 'NONE',  ( 1.000000000000000000, 6.123233995736766000E-017, 0.0000000000000000000 ) ) ;
#3134 = CYLINDRICAL_SURFACE ( 'NONE', #8832, 1.250000000000849300 ) ;
#3135 = ORIENTED_EDGE ( 'NONE', *, *, #2444, .F. ) ;
#3136 = CARTESIAN_POINT ( 'NONE',  ( 19.40000000000003400, 33.25304967054370300, 4.078040947910397000 ) ) ;
#3137 = DIRECTION ( 'NONE',  ( -1.000000000000000000, -0.0000000000000000000, -0.0000000000000000000 ) ) ;
#3138 = LINE ( 'NONE', #3742, #6380 ) ;
#3139 = LINE ( 'NONE', #314, #4818 ) ;
#3140 = ORIENTED_EDGE ( 'NONE', *, *, #2987, .F. ) ;
#3141 = DIRECTION ( 'NONE',  ( -1.000000000000000000, -6.123233995736766000E-017, -0.0000000000000000000 ) ) ;
#3142 = AXIS2_PLACEMENT_3D ( 'NONE', #2122, #531, #5965 ) ;
#3143 = ORIENTED_EDGE ( 'NONE', *, *, #3279, .F. ) ;
#3144 = CYLINDRICAL_SURFACE ( 'NONE', #4871, 1.250000000000002900 ) ;
#3145 = CIRCLE ( 'NONE', #1351, 1.249999999999690700 ) ;
#3146 = ADVANCED_FACE ( 'NONE', ( #9613 ), #4700, .F. ) ;
#3147 = CARTESIAN_POINT ( 'NONE',  ( -0.7229395576339126000, 0.7440161512368760300, -5.577847384879840200 ) ) ;
#3148 = EDGE_CURVE ( 'NONE', #6340, #1602, #4943, .T. ) ;
#3149 = DIRECTION ( 'NONE',  ( 1.000000000000000000, 0.0000000000000000000, 0.0000000000000000000 ) ) ;
#3150 = CIRCLE ( 'NONE', #3228, 0.7500000000000006700 ) ;
#3151 = CARTESIAN_POINT ( 'NONE',  ( 22.27639320225006300, 1.116095129610790300E-032, 1.267471785265814400E-031 ) ) ;
#3152 = EDGE_LOOP ( 'NONE', ( #3798, #36, #7497, #4624, #2937, #2816, #7883, #1682 ) ) ;
#3153 = CARTESIAN_POINT ( 'NONE',  ( -1.999999999871762400, 0.8284926070882874200, -5.689999999999891100 ) ) ;
#3154 = EDGE_LOOP ( 'NONE', ( #3088, #5518 ) ) ;
#3155 = CIRCLE ( 'NONE', #7156, 1.250000000001236300 ) ;
#3156 = AXIS2_PLACEMENT_3D ( 'NONE', #7373, #5857, #2799 ) ;
#3157 = DIRECTION ( 'NONE',  ( 1.000000000000000000, 0.0000000000000000000, 0.0000000000000000000 ) ) ;
#3158 = PERSON_AND_ORGANIZATION_ROLE ( 'creator' ) ;
#3159 = EDGE_LOOP ( 'NONE', ( #8787, #4282 ) ) ;
#3160 = CARTESIAN_POINT ( 'NONE',  ( 3.000000000000000000, -10.60660171779941200, -9.356601717797014200 ) ) ;
#3161 = CARTESIAN_POINT ( 'NONE',  ( 1.000000000128238800, 0.6480941902362492600, 8.482261953942613200 ) ) ;
#3162 = VECTOR ( 'NONE', #5101, 1000.000000000000000 ) ;
#3163 = ORIENTED_EDGE ( 'NONE', *, *, #4384, .T. ) ;
#3164 = CARTESIAN_POINT ( 'NONE',  ( 20.00000000000006000, -8.671800802545211800, 10.34649075005549400 ) ) ;
#3165 = DIRECTION ( 'NONE',  ( 1.000000000000000000, 6.123233995736766000E-017, 0.0000000000000000000 ) ) ;
#3166 = EDGE_CURVE ( 'NONE', #9054, #6317, #1580, .T. ) ;
#3167 = B_SPLINE_CURVE_WITH_KNOTS ( 'NONE', 3,
 ( #2177, #2973, #2077, #6764 ),
 .UNSPECIFIED., .F., .F.,
 ( 4, 4 ),
 ( 0.0000000000000000000, 1.000000000000000000 ),
 .UNSPECIFIED. ) ;
#3168 = EDGE_CURVE ( 'NONE', #3665, #5703, #2914, .T. ) ;
#3169 = CARTESIAN_POINT ( 'NONE',  ( 0.2000000000000019000, 19.46667702163212600, -2.521266422548269900E-015 ) ) ;
#3170 = CARTESIAN_POINT ( 'NONE',  ( 19.40000000000003800, 5.462083730113596900, 33.08317029523004000 ) ) ;
#3171 = CARTESIAN_POINT ( 'NONE',  ( 5.399999999999978200, 0.0000000000000000000, 0.0000000000000000000 ) ) ;
#3172 = ORIENTED_EDGE ( 'NONE', *, *, #4151, .T. ) ;
#3173 = DIRECTION ( 'NONE',  ( -1.000000000000000000, -0.0000000000000000000, -0.0000000000000000000 ) ) ;
#3174 = ORIENTED_EDGE ( 'NONE', *, *, #4330, .T. ) ;
#3175 = DIRECTION ( 'NONE',  ( 0.0000000000000000000, 1.224646799147349500E-016, 1.000000000000000000 ) ) ;
#3176 = EDGE_LOOP ( 'NONE', ( #2206, #5017, #2170, #1831 ) ) ;
#3177 = ORIENTED_EDGE ( 'NONE', *, *, #9370, .T. ) ;
#3178 = ADVANCED_FACE ( 'NONE', ( #5679 ), #5911, .T. ) ;
#3179 = ORIENTED_EDGE ( 'NONE', *, *, #3168, .F. ) ;
#3180 = VERTEX_POINT ( 'NONE', #8512 ) ;
#3181 = CC_DESIGN_PERSON_AND_ORGANIZATION_ASSIGNMENT ( #6219, #7744, ( #1236 ) ) ;
#3182 = ORIENTED_EDGE ( 'NONE', *, *, #8863, .F. ) ;
#3183 = CARTESIAN_POINT ( 'NONE',  ( 0.1000000000000017800, 19.96667702163212600, -2.581566074340896200E-015 ) ) ;
#3184 = CARTESIAN_POINT ( 'NONE',  ( 0.0000000000000000000, 21.50000000000000000, -2.999999999999993300 ) ) ;
#3185 = EDGE_CURVE ( 'NONE', #2807, #5441, #3746, .T. ) ;
#3186 = ORIENTED_EDGE ( 'NONE', *, *, #7337, .T. ) ;
#3187 = LINE ( 'NONE', #9489, #4601 ) ;
#3188 = ORIENTED_EDGE ( 'NONE', *, *, #4721, .T. ) ;
#3189 = ORIENTED_EDGE ( 'NONE', *, *, #2944, .T. ) ;
#3190 = DIRECTION ( 'NONE',  ( 1.000000000000000000, 0.0000000000000000000, 0.0000000000000000000 ) ) ;
#3191 = ORIENTED_EDGE ( 'NONE', *, *, #6278, .F. ) ;
#3192 =( NAMED_UNIT ( * ) PLANE_ANGLE_UNIT ( ) SI_UNIT ( $, .RADIAN. ) );
#3193 = CARTESIAN_POINT ( 'NONE',  ( 8.999999999997104500, -6.237058728159171400, 2.726219938695674000 ) ) ;
#3194 = DIRECTION ( 'NONE',  ( -1.000000000000000000, -0.0000000000000000000, -0.0000000000000000000 ) ) ;
#3195 = CARTESIAN_POINT ( 'NONE',  ( 20.00000000000006000, -10.39229015512965800, 8.616903421916726200 ) ) ;
#3196 = CARTESIAN_POINT ( 'NONE',  ( 19.40000000000003400, 15.42184579702583500, -29.17698499500242100 ) ) ;
#3197 = CARTESIAN_POINT ( 'NONE',  ( -1.100000000000000100, -6.250000000000000000, 0.9999999999999768000 ) ) ;
#3198 = CIRCLE ( 'NONE', #7684, 1.499999999999990900 ) ;
#3199 = ADVANCED_FACE ( 'NONE', ( #8557 ), #2426, .F. ) ;
#3200 = CARTESIAN_POINT ( 'NONE',  ( 0.4474703796565139800, 30.03412913594580000, 4.999999999999999100 ) ) ;
#3201 = AXIS2_PLACEMENT_3D ( 'NONE', #5256, #1300, #6730 ) ;
#3202 = VERTEX_POINT ( 'NONE', #889 ) ;
#3203 = CARTESIAN_POINT ( 'NONE',  ( 19.40000000000003400, -3.096849524273700600, 33.36519584608247900 ) ) ;
#3204 = CARTESIAN_POINT ( 'NONE',  ( -1.999999999871762400, -1.092875789857602900E-016, 6.249999999999999100 ) ) ;
#3205 = DIRECTION ( 'NONE',  ( 0.0000000000000000000, 1.000000000000000000, 0.0000000000000000000 ) ) ;
#3206 = LOCAL_TIME ( 11, 40, 0.0000000000000000000, #2232 ) ;
#3207 = VECTOR ( 'NONE', #2117, 1000.000000000000000 ) ;
#3208 = EDGE_CURVE ( 'NONE', #7391, #8521, #3977, .T. ) ;
#3209 = EDGE_LOOP ( 'NONE', ( #3299, #8312 ) ) ;
#3210 = CARTESIAN_POINT ( 'NONE',  ( 1.699756038043517500, 4.117837516229316200E-015, 33.62469504755424100 ) ) ;
#3211 = DIRECTION ( 'NONE',  ( 1.000000000000000000, -0.0000000000000000000, -0.0000000000000000000 ) ) ;
#3212 = VECTOR ( 'NONE', #1480, 1000.000000000000000 ) ;
#3213 = DIRECTION ( 'NONE',  ( -0.7071067811865474600, -0.7071067811865474600, 0.0000000000000000000 ) ) ;
#3214 = AXIS2_PLACEMENT_3D ( 'NONE', #351, #8012, #1136 ) ;
#3215 = CARTESIAN_POINT ( 'NONE',  ( 6.400000000000034100, 29.83218016774038600, 14.18908458348170500 ) ) ;
#3216 = VERTEX_POINT ( 'NONE', #1712 ) ;
#3217 = EDGE_CURVE ( 'NONE', #2481, #6237, #1488, .T. ) ;
#3218 = ORIENTED_EDGE ( 'NONE', *, *, #120, .T. ) ;
#3219 = DIRECTION ( 'NONE',  ( 1.000000000000000000, 0.0000000000000000000, 0.0000000000000000000 ) ) ;
#3220 = APPLICATION_PROTOCOL_DEFINITION ( 'international standard', 'config_control_design', 1994, #3127 ) ;
#3221 = CYLINDRICAL_SURFACE ( 'NONE', #3753, 1.499999999999990900 ) ;
#3222 = CARTESIAN_POINT ( 'NONE',  ( 8.999999999997106300, -5.126018729959171500, 4.468634046009914800 ) ) ;
#3223 = CARTESIAN_POINT ( 'NONE',  ( -0.7229395576410095900, 5.577847384873455100, 0.7440161512310647900 ) ) ;
#3224 = ADVANCED_FACE ( 'NONE', ( #7491 ), #5311, .F. ) ;
#3225 = CARTESIAN_POINT ( 'NONE',  ( 20.00000000000006000, -10.29393691604798600, 8.734389385928194500 ) ) ;
#3226 = DIRECTION ( 'NONE',  ( 1.000000000000000000, 1.679403124341539000E-016, -1.865376329483173100E-017 ) ) ;
#3227 = CARTESIAN_POINT ( 'NONE',  ( 0.2000000000000020400, 17.50000000000000000, -5.999999999999990200 ) ) ;
#3228 = AXIS2_PLACEMENT_3D ( 'NONE', #3821, #712, #1502 ) ;
#3229 = B_SPLINE_CURVE_WITH_KNOTS ( 'NONE', 3,
 ( #9829, #7409, #3661, #5219 ),
 .UNSPECIFIED., .F., .F.,
 ( 4, 4 ),
 ( 0.0000000000000000000, 0.0004545039609514799400 ),
 .UNSPECIFIED. ) ;
#3230 = ORIENTED_EDGE ( 'NONE', *, *, #3613, .F. ) ;
#3231 = CARTESIAN_POINT ( 'NONE',  ( 19.40000000000003800, 2.428612866367665700E-018, -33.99999999999988600 ) ) ;
#3232 = CARTESIAN_POINT ( 'NONE',  ( 19.40000000000003100, -23.20874819785328600, 24.15792053056739500 ) ) ;
#3233 = DIRECTION ( 'NONE',  ( -5.178279032766577400E-017, 1.000000000000000000, 0.0000000000000000000 ) ) ;
#3234 = CIRCLE ( 'NONE', #3214, 12.46509829663151700 ) ;
#3235 = CARTESIAN_POINT ( 'NONE',  ( 1.200000000000000000, 26.50000000000000000, -6.000000000000003600 ) ) ;
#3236 = VECTOR ( 'NONE', #3079, 1000.000000000000000 ) ;
#3237 = AXIS2_PLACEMENT_3D ( 'NONE', #4039, #4907, #2530 ) ;
#3238 = EDGE_LOOP ( 'NONE', ( #8145, #8043, #5916, #7972 ) ) ;
#3239 = ADVANCED_FACE ( 'NONE', ( #1330, #7861 ), #2686, .T. ) ;
#3240 = DIRECTION ( 'NONE',  ( 1.000000000000000000, 6.071532165918827900E-018, 5.551115123125788900E-017 ) ) ;
#3241 = CIRCLE ( 'NONE', #3649, 1.000000000000000900 ) ;
#3242 = LINE ( 'NONE', #5776, #3838 ) ;
#3243 = ADVANCED_FACE ( 'NONE', ( #5798 ), #7608, .T. ) ;
#3244 = DIRECTION ( 'NONE',  ( 0.0000000000000000000, 0.0000000000000000000, -1.000000000000000000 ) ) ;
#3245 = DIRECTION ( 'NONE',  ( -1.000000000000000000, -6.071532165918826400E-018, -5.551115123125788900E-017 ) ) ;
#3246 = CARTESIAN_POINT ( 'NONE',  ( 6.400000000000035900, 27.92092425185907700, 17.59053071909745800 ) ) ;
#3247 = ORIENTED_EDGE ( 'NONE', *, *, #2987, .T. ) ;
#3248 = ORIENTED_EDGE ( 'NONE', *, *, #1614, .T. ) ;
#3249 = VERTEX_POINT ( 'NONE', #7332 ) ;
#3250 = CIRCLE ( 'NONE', #8133, 1.250000000000641300 ) ;
#3251 = FACE_OUTER_BOUND ( 'NONE', #8267, .T. ) ;
#3252 = CARTESIAN_POINT ( 'NONE',  ( -1.100000000000000100, 6.249999999999999100, 6.446607438115323100E-014 ) ) ;
#3253 = EDGE_CURVE ( 'NONE', #8650, #6062, #3500, .T. ) ;
#3254 = EDGE_CURVE ( 'NONE', #6179, #7404, #7358, .T. ) ;
#3255 = ORIENTED_EDGE ( 'NONE', *, *, #8622, .F. ) ;
#3256 = DATE_TIME_ROLE ( 'creation_date' ) ;
#3257 = AXIS2_PLACEMENT_3D ( 'NONE', #9755, #9795, #3561 ) ;
#3258 = CARTESIAN_POINT ( 'NONE',  ( 1.000000000128238800, 0.2598619697419118900, 8.500000000000001800 ) ) ;
#3259 = CARTESIAN_POINT ( 'NONE',  ( 20.00000000000006000, -12.38251315606323500, 5.412068936932005400 ) ) ;
#3260 = VERTEX_POINT ( 'NONE', #8886 ) ;
#3261 = CARTESIAN_POINT ( 'NONE',  ( 19.40000000000003800, 11.41530169735142800, -30.98123640677082900 ) ) ;
#3262 = CARTESIAN_POINT ( 'NONE',  ( -1.099999999866668500, 4.586765464082757800, 1.252172045549238000 ) ) ;
#3263 = CIRCLE ( 'NONE', #4612, 17.99999999999971900 ) ;
#3264 = VECTOR ( 'NONE', #6619, 1000.000000000000000 ) ;
#3265 = DIRECTION ( 'NONE',  ( -1.000000000000000000, -6.123233995736766000E-017, -0.0000000000000000000 ) ) ;
#3266 = CARTESIAN_POINT ( 'NONE',  ( 0.2000000000000018200, 19.96667702163212600, 3.644078711698373500 ) ) ;
#3267 = CYLINDRICAL_SURFACE ( 'NONE', #5942, 1.250000000001236300 ) ;
#3268 = EDGE_CURVE ( 'NONE', #9607, #2770, #9154, .T. ) ;
#3269 = CARTESIAN_POINT ( 'NONE',  ( 22.27639320225006600, -21.48500545928524400, 25.63416933933055500 ) ) ;
#3270 = CARTESIAN_POINT ( 'NONE',  ( 0.07589598640058846400, -63.18973996600124800, -31.59486998300061000 ) ) ;
#3271 = CIRCLE ( 'NONE', #8500, 4.700000000000000200 ) ;
#3272 = CYLINDRICAL_SURFACE ( 'NONE', #1209, 1.250000000000641300 ) ;
#3273 = CARTESIAN_POINT ( 'NONE',  ( 6.500999999999997700, 15.55634918610407200, 16.80634918610401500 ) ) ;
#3274 = CIRCLE ( 'NONE', #4713, 1.250000000000001100 ) ;
#3275 = AXIS2_PLACEMENT_3D ( 'NONE', #4076, #4110, #2479 ) ;
#3276 = EDGE_LOOP ( 'NONE', ( #4154, #3668, #5724, #9149 ) ) ;
#3277 = VERTEX_POINT ( 'NONE', #6557 ) ;
#3278 = ADVANCED_FACE ( 'NONE', ( #9495 ), #5068, .F. ) ;
#3279 = EDGE_CURVE ( 'NONE', #5938, #9079, #1694, .T. ) ;
#3280 = DIRECTION ( 'NONE',  ( 1.000000000000000000, 6.071532165918827900E-018, 5.551115123125788900E-017 ) ) ;
#3281 = EDGE_CURVE ( 'NONE', #7148, #5833, #8901, .T. ) ;
#3282 = CARTESIAN_POINT ( 'NONE',  ( 23.78885438199989700, 27.08976742088312400, 62.39970770222027600 ) ) ;
#3283 = VERTEX_POINT ( 'NONE', #9654 ) ;
#3284 = CIRCLE ( 'NONE', #6957, 1.250000000000001100 ) ;
#3285 = CARTESIAN_POINT ( 'NONE',  ( 6.400000000000035900, 30.50953113909017800, 12.62801842747211200 ) ) ;
#3286 = ORIENTED_EDGE ( 'NONE', *, *, #7461, .F. ) ;
#3287 = FACE_OUTER_BOUND ( 'NONE', #7882, .T. ) ;
#3288 = VERTEX_POINT ( 'NONE', #8224 ) ;
#3289 = AXIS2_PLACEMENT_3D ( 'NONE', #7094, #7856, #8542 ) ;
#3290 = DATE_TIME_ROLE ( 'classification_date' ) ;
#3291 = ADVANCED_FACE ( 'NONE', ( #7127 ), #9725, .F. ) ;
#3292 = CARTESIAN_POINT ( 'NONE',  ( 8.999999999997108100, -6.759063649465322700, -0.7471898622158494900 ) ) ;
#3293 = CARTESIAN_POINT ( 'NONE',  ( 1.000000000128238300, 7.876547097708826300, 3.195507051173653900 ) ) ;
#3294 = CARTESIAN_POINT ( 'NONE',  ( 20.00000000000005700, -11.80521681783443600, -6.548862438988329900 ) ) ;
#3295 = VERTEX_POINT ( 'NONE', #6592 ) ;
#3297 = EDGE_LOOP ( 'NONE', ( #3179, #5589 ) ) ;
#3296 = CARTESIAN_POINT ( 'NONE',  ( 19.40000000000003400, 16.18348521618894200, -28.75927479704660100 ) ) ;
#3298 = DIRECTION ( 'NONE',  ( 6.123233995736767300E-017, -1.000000000000000000, 0.0000000000000000000 ) ) ;
#3299 = ORIENTED_EDGE ( 'NONE', *, *, #4950, .F. ) ;
#3300 = DIRECTION ( 'NONE',  ( -1.626303258728255200E-016, 1.000000000000000000, 0.0000000000000000000 ) ) ;
#3301 = ORIENTED_EDGE ( 'NONE', *, *, #6054, .T. ) ;
#3302 = ADVANCED_FACE ( 'NONE', ( #5326 ), #8452, .T. ) ;
#3303 = EDGE_CURVE ( 'NONE', #3670, #1497, #5558, .T. ) ;
#3304 = CARTESIAN_POINT ( 'NONE',  ( 6.399999999999979000, 18.91510639674004300, 18.91510639674024600 ) ) ;
#3305 = DIRECTION ( 'NONE',  ( 1.000000000000000000, 0.0000000000000000000, 0.0000000000000000000 ) ) ;
#3306 = DIRECTION ( 'NONE',  ( 0.0000000000000000000, 0.0000000000000000000, -1.000000000000000000 ) ) ;
#3307 = CARTESIAN_POINT ( 'NONE',  ( 2.000000000000001800, -18.91510639674033800, 18.91510639673995400 ) ) ;
#3308 = VERTEX_POINT ( 'NONE', #8264 ) ;
#3309 = ORIENTED_EDGE ( 'NONE', *, *, #299, .F. ) ;
#3310 = AXIS2_PLACEMENT_3D ( 'NONE', #5470, #2341, #3118 ) ;
#3311 = ORIENTED_EDGE ( 'NONE', *, *, #8113, .F. ) ;
#3312 = ORIENTED_EDGE ( 'NONE', *, *, #9200, .T. ) ;
#3313 = DIRECTION ( 'NONE',  ( 1.000000000000000000, 0.0000000000000000000, 0.0000000000000000000 ) ) ;
#3314 = FACE_OUTER_BOUND ( 'NONE', #1445, .T. ) ;
#3315 = DIRECTION ( 'NONE',  ( -1.000000000000000000, 0.0000000000000000000, 0.0000000000000000000 ) ) ;
#3316 = CARTESIAN_POINT ( 'NONE',  ( 19.40000000000003800, -24.18341135853209400, -23.18218783971732600 ) ) ;
#3317 = EDGE_CURVE ( 'NONE', #4295, #4026, #474, .T. ) ;
#3318 = ORIENTED_EDGE ( 'NONE', *, *, #7935, .T. ) ;
#3319 = EDGE_CURVE ( 'NONE', #6630, #5923, #1808, .T. ) ;
#3320 = CARTESIAN_POINT ( 'NONE',  ( 6.400000000000035000, 9.688232447009404800, 31.55303632357392400 ) ) ;
#3321 = DIRECTION ( 'NONE',  ( 0.0000000000000000000, 0.0000000000000000000, 1.000000000000000000 ) ) ;
#3322 = PERSON_AND_ORGANIZATION ( #6260, #2732 ) ;
#3323 = LINE ( 'NONE', #738, #6338 ) ;
#3324 = ORIENTED_EDGE ( 'NONE', *, *, #9296, .T. ) ;
#3325 = ORIENTED_EDGE ( 'NONE', *, *, #6568, .F. ) ;
#3326 = CARTESIAN_POINT ( 'NONE',  ( 8.999999999997104500, 0.5709087852126135700, -6.776263401457167200 ) ) ;
#3327 = CARTESIAN_POINT ( 'NONE',  ( 1.000000000128238300, 8.345343225972550600, 1.614434768016661300 ) ) ;
#3328 = ADVANCED_FACE ( 'NONE', ( #4595 ), #213, .T. ) ;
#3329 = CARTESIAN_POINT ( 'NONE',  ( 20.00000000000006000, 1.539953547713136800, -13.41199954437103000 ) ) ;
#3330 = DIRECTION ( 'NONE',  ( 1.000000000000000000, 6.071532165918827900E-018, 5.551115123125788900E-017 ) ) ;
#3331 = CARTESIAN_POINT ( 'NONE',  ( 24.00000000000006000, -64.90653072629008600, -15.46608403313453600 ) ) ;
#3332 = DATE_AND_TIME ( #2609, #4649 ) ;
#3333 = APPROVAL_PERSON_ORGANIZATION ( #6224, #9800, #4156 ) ;
#3334 = VERTEX_POINT ( 'NONE', #5850 ) ;
#3335 = AXIS2_PLACEMENT_3D ( 'NONE', #1287, #9779, #6681 ) ;
#3336 = DIRECTION ( 'NONE',  ( 1.000000000000000000, 6.071532165918827900E-018, 5.551115123125788900E-017 ) ) ;
#3337 = DIRECTION ( 'NONE',  ( -0.7071067811865364700, 0.0000000000000000000, 0.7071067811865584500 ) ) ;
#3338 = DIRECTION ( 'NONE',  ( 0.0000000000000000000, 0.0000000000000000000, -1.000000000000000000 ) ) ;
#3339 = CARTESIAN_POINT ( 'NONE',  ( 0.3191358715913166200, 29.90401310861159300, -5.000000000000000000 ) ) ;
#3340 = EDGE_CURVE ( 'NONE', #5845, #762, #4094, .T. ) ;
#3341 = CIRCLE ( 'NONE', #6007, 11.85000853396763900 ) ;
#3342 = ADVANCED_FACE ( 'NONE', ( #4584 ), #6392, .T. ) ;
#3343 = CARTESIAN_POINT ( 'NONE',  ( 1.299999999997001800, 14.13182353007338300, -15.61094788897896300 ) ) ;
#3344 = ORIENTED_EDGE ( 'NONE', *, *, #9782, .F. ) ;
#3345 = ADVANCED_FACE ( 'NONE', ( #4327 ), #6876, .F. ) ;
#3346 = CARTESIAN_POINT ( 'NONE',  ( 19.40000000000003400, -10.26739367138910500, 31.36210905133603100 ) ) ;
#3347 = ORIENTED_EDGE ( 'NONE', *, *, #8142, .T. ) ;
#3348 = CARTESIAN_POINT ( 'NONE',  ( 19.40000000000003800, -33.25304967054675800, -4.078040947854153100 ) ) ;
#3349 = CARTESIAN_POINT ( 'NONE',  ( 1.000000000128238800, -7.916406969206356300, 3.095440396973528200 ) ) ;
#3350 = AXIS2_PLACEMENT_3D ( 'NONE', #4836, #7825, #9394 ) ;
#3351 = CARTESIAN_POINT ( 'NONE',  ( 6.400000000000036800, 19.29851906588730500, 26.76937796886331400 ) ) ;
#3352 = LINE ( 'NONE', #3573, #6002 ) ;
#3353 = DIRECTION ( 'NONE',  ( 0.0000000000000000000, 0.0000000000000000000, 1.000000000000000000 ) ) ;
#3354 = DIRECTION ( 'NONE',  ( -1.000000000000000000, -0.0000000000000000000, -0.0000000000000000000 ) ) ;
#3355 = EDGE_CURVE ( 'NONE', #6789, #9252, #226, .T. ) ;
#3356 = ORIENTED_EDGE ( 'NONE', *, *, #9536, .F. ) ;
#3357 = CARTESIAN_POINT ( 'NONE',  ( 8.999999999997106300, -0.3628413872770405200, -6.794380685391044700 ) ) ;
#3358 = CARTESIAN_POINT ( 'NONE',  ( 1.000000000128238500, 8.430547259539642000, -1.098185498084145700 ) ) ;
#3359 = CYLINDRICAL_SURFACE ( 'NONE', #278, 11.50000000000000200 ) ;
#3360 = CARTESIAN_POINT ( 'NONE',  ( 20.00000000000006000, -9.663767457336497600, -9.442557513971124200 ) ) ;
#3361 = CARTESIAN_POINT ( 'NONE',  ( 21.00000000000005700, -14.81511757446658700, 26.08664550839093700 ) ) ;
#3362 = FACE_OUTER_BOUND ( 'NONE', #9888, .T. ) ;
#3363 = AXIS2_PLACEMENT_3D ( 'NONE', #1281, #4262, #1487 ) ;
#3364 = CARTESIAN_POINT ( 'NONE',  ( -1.099999999866668500, 4.430286079266266200, 1.713306961514522900 ) ) ;
#3365 = CARTESIAN_POINT ( 'NONE',  ( -1.267899192357607400E-015, 21.91510639674020700, -18.91510639674008600 ) ) ;
#3366 = ORIENTED_EDGE ( 'NONE', *, *, #2415, .F. ) ;
#3367 = CARTESIAN_POINT ( 'NONE',  ( 2.480624847486558400, 4.041334437186244100E-015, 32.99999999999982900 ) ) ;
#3368 = DIRECTION ( 'NONE',  ( 0.0000000000000000000, 0.0000000000000000000, 1.000000000000000000 ) ) ;
#3369 = DIRECTION ( 'NONE',  ( 1.000000000000000000, 1.679403124341539000E-016, -1.865376329483173100E-017 ) ) ;
#3370 = LINE ( 'NONE', #3034, #817 ) ;
#3371 = CIRCLE ( 'NONE', #1227, 0.9999999999999991100 ) ;
#3372 = SECURITY_CLASSIFICATION ( '', '', #191 ) ;
#3373 = CARTESIAN_POINT ( 'NONE',  ( 6.500999999999997700, 10.60660171779701100, -10.60660171779823500 ) ) ;
#3374 = ADVANCED_FACE ( 'NONE', ( #8219 ), #2785, .T. ) ;
#3375 = CYLINDRICAL_SURFACE ( 'NONE', #7078, 1.000000000000000200 ) ;
#3376 = DIRECTION ( 'NONE',  ( 0.0000000000000000000, 0.0000000000000000000, 1.000000000000000000 ) ) ;
#3377 = FACE_OUTER_BOUND ( 'NONE', #368, .T. ) ;
#3378 = CARTESIAN_POINT ( 'NONE',  ( 19.40000000000002700, -23.38103107919801400, -24.01579668958701700 ) ) ;
#3379 = CARTESIAN_POINT ( 'NONE',  ( 1.000000000128238500, -6.950149218416068000, -4.893998744697256600 ) ) ;
#3380 = CARTESIAN_POINT ( 'NONE',  ( 6.400000000000033200, -26.90521664907989700, 19.10804367670696300 ) ) ;
#3381 = EDGE_LOOP ( 'NONE', ( #9948, #3301, #9523, #3880 ) ) ;
#3382 = DIRECTION ( 'NONE',  ( 0.0000000000000000000, 0.0000000000000000000, -1.000000000000000000 ) ) ;
#3383 = LINE ( 'NONE', #7023, #599 ) ;
#3384 = CIRCLE ( 'NONE', #8947, 6.249999999999660700 ) ;
#3385 = DIRECTION ( 'NONE',  ( 0.0000000000000000000, 0.0000000000000000000, 1.000000000000000000 ) ) ;
#3386 = CIRCLE ( 'NONE', #8032, 2.500000000000000000 ) ;
#3387 = ADVANCED_FACE ( 'NONE', ( #1566, #718 ), #4531, .F. ) ;
#3388 = EDGE_LOOP ( 'NONE', ( #4983, #9826 ) ) ;
#3389 = CARTESIAN_POINT ( 'NONE',  ( 8.999999999997106300, -3.035898833257574500, -6.089029458957450700 ) ) ;
#3390 = CARTESIAN_POINT ( 'NONE',  ( 1.000000000128238300, 3.000284323784305800, 7.952956208293686700 ) ) ;
#3391 = CARTESIAN_POINT ( 'NONE',  ( 20.00000000000006400, -8.734417569028870800, -10.29391364200452200 ) ) ;
#3392 = CARTESIAN_POINT ( 'NONE',  ( 21.00000000000006000, -18.56757856350559200, 23.58148895173668800 ) ) ;
#3393 = CARTESIAN_POINT ( 'NONE',  ( 21.00000000000006000, -16.86094788897901300, -14.13182353007332500 ) ) ;
#3394 = ADVANCED_FACE ( 'NONE', ( #4827, #3612 ), #9748, .F. ) ;
#3395 = CARTESIAN_POINT ( 'NONE',  ( -1.099999999866668500, 4.020532266145489000, 2.530699329002974900 ) ) ;
#3396 = CIRCLE ( 'NONE', #6712, 0.8000000000000003800 ) ;
#3397 = EDGE_CURVE ( 'NONE', #4850, #2090, #5671, .T. ) ;
#3398 = EDGE_LOOP ( 'NONE', ( #4618, #4643, #9759, #3098, #7508 ) ) ;
#3399 = DIRECTION ( 'NONE',  ( 0.0000000000000000000, 0.6423556150033356000, -0.7664067222263166700 ) ) ;
#3400 = CARTESIAN_POINT ( 'NONE',  ( 1.282376982381094900E-010, 5.689999999999885800, 0.8284926070883077400 ) ) ;
#3401 = CONICAL_SURFACE ( 'NONE', #6868, 12.33490170336848400, 0.5934119456780738700 ) ;
#3402 = CARTESIAN_POINT ( 'NONE',  ( 20.00000000000006000, -9.635334225049955800, 11.49610083339481600 ) ) ;
#3403 = ORIENTED_EDGE ( 'NONE', *, *, #6916, .F. ) ;
#3404 = CARTESIAN_POINT ( 'NONE',  ( 19.40000000000003400, -17.05597778311705100, 28.83567180589447800 ) ) ;
#3405 = AXIS2_PLACEMENT_3D ( 'NONE', #9236, #661, #722 ) ;
#3406 = ORIENTED_EDGE ( 'NONE', *, *, #2180, .F. ) ;
#3407 = EDGE_CURVE ( 'NONE', #4375, #7668, #3274, .T. ) ;
#3408 = ORIENTED_EDGE ( 'NONE', *, *, #9953, .F. ) ;
#3409 = ORIENTED_EDGE ( 'NONE', *, *, #3656, .T. ) ;
#3410 = CARTESIAN_POINT ( 'NONE',  ( -1.099999999866668500, -0.3019214437013223500, 4.749999999999858800 ) ) ;
#3411 = CARTESIAN_POINT ( 'NONE',  ( 2.900000000133330600, 6.561166704812939100E-016, 6.249999999999659800 ) ) ;
#3412 = CARTESIAN_POINT ( 'NONE',  ( 19.40000000000003400, -19.25887542807688700, -27.41070651938142100 ) ) ;
#3413 = CARTESIAN_POINT ( 'NONE',  ( 1.000000000128238800, -7.192286245344644300, 4.530583542577322700 ) ) ;
#3414 = DIRECTION ( 'NONE',  ( 1.000000000000000000, 0.0000000000000000000, 0.0000000000000000000 ) ) ;
#3415 = VERTEX_POINT ( 'NONE', #9789 ) ;
#3416 = VERTEX_POINT ( 'NONE', #2136 ) ;
#3417 = VERTEX_POINT ( 'NONE', #4492 ) ;
#3418 = CARTESIAN_POINT ( 'NONE',  ( 2.999999999999999100, 10.60660171779823100, 9.356601717798191900 ) ) ;
#3419 = ORIENTED_EDGE ( 'NONE', *, *, #5000, .T. ) ;
#3420 = AXIS2_PLACEMENT_3D ( 'NONE', #9632, #2731, #5764 ) ;
#3421 = CARTESIAN_POINT ( 'NONE',  ( 1.000000000128238300, 5.477695403141325400, -6.511282033289966800 ) ) ;
#3422 = CARTESIAN_POINT ( 'NONE',  ( 6.499999999999999100, 28.05797569319640100, -5.000000000000002700 ) ) ;
#3423 = CARTESIAN_POINT ( 'NONE',  ( 20.00000000000005700, 6.548862438988413400, -11.80521681783444300 ) ) ;
#3424 = CARTESIAN_POINT ( 'NONE',  ( 21.00000000000006000, -5.300071625390921200, 29.53593954820724900 ) ) ;
#3425 = ORIENTED_EDGE ( 'NONE', *, *, #6946, .T. ) ;
#3426 = VECTOR ( 'NONE', #811, 1000.000000000000000 ) ;
#3427 = EDGE_CURVE ( 'NONE', #4928, #9895, #8232, .T. ) ;
#3428 = ORIENTED_EDGE ( 'NONE', *, *, #7214, .T. ) ;
#3429 = AXIS2_PLACEMENT_3D ( 'NONE', #1586, #7760, #829 ) ;
#3430 = ORIENTED_EDGE ( 'NONE', *, *, #8155, .F. ) ;
#3431 = DIRECTION ( 'NONE',  ( -1.000000000000000000, -0.0000000000000000000, -0.0000000000000000000 ) ) ;
#3432 = DIRECTION ( 'NONE',  ( -1.000000000000000000, -0.0000000000000000000, -0.0000000000000000000 ) ) ;
#3433 = DIRECTION ( 'NONE',  ( 1.000000000000000000, 0.0000000000000000000, 0.0000000000000000000 ) ) ;
#3434 = DIRECTION ( 'NONE',  ( 1.000000000000000000, 0.0000000000000000000, 0.0000000000000000000 ) ) ;
#3435 = AXIS2_PLACEMENT_3D ( 'NONE', #2432, #7037, #897 ) ;
#3436 = DIRECTION ( 'NONE',  ( 1.000000000000000000, 0.0000000000000000000, 0.0000000000000000000 ) ) ;
#3437 = FACE_OUTER_BOUND ( 'NONE', #7781, .T. ) ;
#3438 = CARTESIAN_POINT ( 'NONE',  ( 0.4999999999881765700, -18.91510639674015300, -18.91510639674014300 ) ) ;
#3439 = ORIENTED_EDGE ( 'NONE', *, *, #3950, .T. ) ;
#3440 = ADVANCED_FACE ( 'NONE', ( #1211 ), #6404, .F. ) ;
#3441 = ORIENTED_EDGE ( 'NONE', *, *, #1324, .T. ) ;
#3442 = ADVANCED_FACE ( 'NONE', ( #969 ), #9486, .F. ) ;
#3443 = CARTESIAN_POINT ( 'NONE',  ( 22.10231852694308300, -21.70864114951187000, 25.90099334197980200 ) ) ;
#3444 = DIRECTION ( 'NONE',  ( 1.000000000000000000, 0.0000000000000000000, 0.0000000000000000000 ) ) ;
#3445 = CARTESIAN_POINT ( 'NONE',  ( 19.40000000000003400, 17.67200706416917600, -28.45972384948804600 ) ) ;
#3446 = PERSON_AND_ORGANIZATION ( #6260, #2732 ) ;
#3447 = EDGE_CURVE ( 'NONE', #3249, #6214, #9976, .T. ) ;
#3448 = CARTESIAN_POINT ( 'NONE',  ( 1.000000000128238500, -1.512824100801051500, -8.364359669423924600 ) ) ;
#3449 = EDGE_CURVE ( 'NONE', #4858, #7270, #8462, .T. ) ;
#3450 = DIRECTION ( 'NONE',  ( 1.000000000000000000, 6.123233995736766000E-017, -0.0000000000000000000 ) ) ;
#3451 = ORIENTED_EDGE ( 'NONE', *, *, #8741, .T. ) ;
#3452 = CARTESIAN_POINT ( 'NONE',  ( 21.00000000000006000, 0.0000000000000000000, 0.0000000000000000000 ) ) ;
#3453 = CARTESIAN_POINT ( 'NONE',  ( 8.999999999997104500, 2.659442850017132500, -6.265232206285770800 ) ) ;
#3454 = EDGE_CURVE ( 'NONE', #9, #3833, #6165, .T. ) ;
#3455 = CARTESIAN_POINT ( 'NONE',  ( 21.00000000000006400, 15.11335567796227700, -25.91544168289041700 ) ) ;
#3456 = ORIENTED_EDGE ( 'NONE', *, *, #7841, .T. ) ;
#3457 = CARTESIAN_POINT ( 'NONE',  ( 20.00000000000006000, 8.671800802545213600, -10.34649075005549300 ) ) ;
#3458 = CARTESIAN_POINT ( 'NONE',  ( 21.00000000000006800, 7.829761025637036900, 28.96233685042488700 ) ) ;
#3459 = CARTESIAN_POINT ( 'NONE',  ( -2.168404344971008900E-016, 2.375429683414423700, 31.08421584885102700 ) ) ;
#3460 = ORIENTED_EDGE ( 'NONE', *, *, #1035, .F. ) ;
#3461 = CARTESIAN_POINT ( 'NONE',  ( 2.171492092158871800, 4.163799117100980000E-015, 33.99999999999982900 ) ) ;
#3462 = CIRCLE ( 'NONE', #9279, 33.99999999999982900 ) ;
#3463 = PLANE ( 'NONE',  #3055 ) ;
#3464 = CARTESIAN_POINT ( 'NONE',  ( 6.400000000000035900, -32.63243429383244600, -4.912150553551306600 ) ) ;
#3465 = EDGE_CURVE ( 'NONE', #5972, #881, #8674, .T. ) ;
#3466 = CARTESIAN_POINT ( 'NONE',  ( 0.4999999999881762400, 18.91510639674020700, -18.91510639674008600 ) ) ;
#3467 = EDGE_CURVE ( 'NONE', #2202, #8510, #731, .T. ) ;
#3468 = EDGE_LOOP ( 'NONE', ( #1190, #287, #8003, #8236, #399 ) ) ;
#3469 = FACE_OUTER_BOUND ( 'NONE', #635, .T. ) ;
#3470 = CARTESIAN_POINT ( 'NONE',  ( -1.099999999866668500, -1.713317439486520700, 4.430281932450086800 ) ) ;
#3471 = CARTESIAN_POINT ( 'NONE',  ( 19.40000000000003400, -12.95568296746359700, -30.91036442851758200 ) ) ;
#3472 = CARTESIAN_POINT ( 'NONE',  ( 1.000000000128238300, -8.352184978300588400, -1.578615266281467900 ) ) ;
#3473 = AXIS2_PLACEMENT_3D ( 'NONE', #3129, #5319, #5383 ) ;
#3474 = CARTESIAN_POINT ( 'NONE',  ( 8.999999999997104500, 5.788046814250786400, -3.572149930102153500 ) ) ;
#3475 = CIRCLE ( 'NONE', #5019, 16.99999999999977300 ) ;
#3476 = FACE_OUTER_BOUND ( 'NONE', #4287, .T. ) ;
#3477 = CARTESIAN_POINT ( 'NONE',  ( 8.999999999997101000, -6.071532165920594800E-017, -5.551115123127394900E-016 ) ) ;
#3478 = EDGE_CURVE ( 'NONE', #1660, #8440, #2060, .T. ) ;
#3479 = EDGE_CURVE ( 'NONE', #5938, #8149, #2796, .T. ) ;
#3480 = AXIS2_PLACEMENT_3D ( 'NONE', #6440, #8006, #4750 ) ;
#3481 = CARTESIAN_POINT ( 'NONE',  ( 0.0000000000000000000, -3.327635673973334400, 13.34641771492635500 ) ) ;
#3482 = EDGE_LOOP ( 'NONE', ( #9668, #3711, #8469, #8569 ) ) ;
#3483 = ORIENTED_EDGE ( 'NONE', *, *, #892, .F. ) ;
#3484 = CARTESIAN_POINT ( 'NONE',  ( 21.00000000000006400, -8.265065350616385600, -28.83954286804461700 ) ) ;
#3485 = ORIENTED_EDGE ( 'NONE', *, *, #9938, .T. ) ;
#3486 = CARTESIAN_POINT ( 'NONE',  ( 21.00000000000006000, 19.05488218924395500, 23.17136923281419300 ) ) ;
#3487 = CARTESIAN_POINT ( 'NONE',  ( -2.168404344971008900E-016, 23.86186268312850700, 20.07298931338771600 ) ) ;
#3488 = LINE ( 'NONE', #9434, #1447 ) ;
#3489 = ADVANCED_FACE ( 'NONE', ( #2540 ), #7724, .T. ) ;
#3490 = VECTOR ( 'NONE', #9790, 1000.000000000000000 ) ;
#3491 = VERTEX_POINT ( 'NONE', #2408 ) ;
#3492 = CARTESIAN_POINT ( 'NONE',  ( 0.5000000000450197700, -15.91510639677561800, -18.91510639674014300 ) ) ;
#3493 = CARTESIAN_POINT ( 'NONE',  ( -1.084202172485504400E-015, 18.91510639674002500, 18.91510639674027400 ) ) ;
#3494 = PLANE ( 'NONE',  #1591 ) ;
#3495 = ORIENTED_EDGE ( 'NONE', *, *, #6866, .F. ) ;
#3496 = ORIENTED_EDGE ( 'NONE', *, *, #7806, .F. ) ;
#3497 = CARTESIAN_POINT ( 'NONE',  ( -0.8441823162688019100, 0.6455901762554966400, 5.469408162263262000 ) ) ;
#3498 = CYLINDRICAL_SURFACE ( 'NONE', #3843, 1.250000000000001100 ) ;
#3499 = APPROVAL ( #917, '未指定' ) ;
#3500 = LINE ( 'NONE', #7168, #1460 ) ;
#3501 = CARTESIAN_POINT ( 'NONE',  ( 6.399999999999979000, -18.91510639674090700, -17.66510639673872200 ) ) ;
#3502 = VECTOR ( 'NONE', #3213, 1000.000000000000100 ) ;
#3503 = EDGE_CURVE ( 'NONE', #8408, #604, #2047, .T. ) ;
#3504 = ORIENTED_EDGE ( 'NONE', *, *, #4222, .F. ) ;
#3505 = CARTESIAN_POINT ( 'NONE',  ( 19.40000000000003400, 32.24266897475907000, -7.389260922804179900 ) ) ;
#3506 = DIRECTION ( 'NONE',  ( 0.0000000000000000000, -1.000000000000000000, 0.0000000000000000000 ) ) ;
#3507 = CARTESIAN_POINT ( 'NONE',  ( 19.40000000000003100, -17.52461222448566100, -28.62406659401757400 ) ) ;
#3508 = FACE_OUTER_BOUND ( 'NONE', #4015, .T. ) ;
#3509 = CARTESIAN_POINT ( 'NONE',  ( 1.000000000128238500, -4.411019706535728200, 7.271562279048939800 ) ) ;
#3510 = DIRECTION ( 'NONE',  ( 1.000000000000000000, 6.123233995736766000E-017, -0.0000000000000000000 ) ) ;
#3511 = CIRCLE ( 'NONE', #1809, 33.50000000000007100 ) ;
#3512 = ORIENTED_EDGE ( 'NONE', *, *, #3581, .T. ) ;
#3513 = LINE ( 'NONE', #1961, #9629 ) ;
#3514 = CARTESIAN_POINT ( 'NONE',  ( 8.999999999997101000, -6.071532165920594800E-017, -5.551115123127394900E-016 ) ) ;
#3515 = DIRECTION ( 'NONE',  ( 1.000000000000000000, 1.679403124341539000E-016, -1.865376329483173100E-017 ) ) ;
#3516 = CIRCLE ( 'NONE', #752, 1.250000000000002900 ) ;
#3517 = DIRECTION ( 'NONE',  ( -1.000000000000000000, -0.0000000000000000000, -0.0000000000000000000 ) ) ;
#3518 = CARTESIAN_POINT ( 'NONE',  ( 21.00000000000006000, 19.27066845010006400, -22.99220166678949800 ) ) ;
#3519 = DIRECTION ( 'NONE',  ( 0.0000000000000000000, 0.0000000000000000000, -1.000000000000000000 ) ) ;
#3520 = CARTESIAN_POINT ( 'NONE',  ( 0.4999999999999988300, 18.91510639674020700, -18.91510639674008600 ) ) ;
#3521 = AXIS2_PLACEMENT_3D ( 'NONE', #1111, #2645, #9478 ) ;
#3523 = VERTEX_POINT ( 'NONE', #4685 ) ;
#3522 = CARTESIAN_POINT ( 'NONE',  ( 21.00000000000006000, 30.06596234761568500, -0.5687891208932019900 ) ) ;
#3524 = CARTESIAN_POINT ( 'NONE',  ( -2.168404344971008900E-016, 16.82438091530745100, 26.21485713811474500 ) ) ;
#3525 = FACE_OUTER_BOUND ( 'NONE', #4848, .T. ) ;
#3526 = ORIENTED_EDGE ( 'NONE', *, *, #185, .F. ) ;
#3527 = EDGE_CURVE ( 'NONE', #7291, #9362, #4345, .T. ) ;
#3528 = CARTESIAN_POINT ( 'NONE',  ( 2.480624847486558400, 4.163799117100980000E-015, 33.99999999999982900 ) ) ;
#3529 = CARTESIAN_POINT ( 'NONE',  ( 6.500999999999997700, -10.60660171779941200, -10.60660171779701200 ) ) ;
#3530 = CARTESIAN_POINT ( 'NONE',  ( -0.5999999998557563600, 5.689999999991783000, -0.8284926070827016700 ) ) ;
#3531 = CARTESIAN_POINT ( 'NONE',  ( 2.000000000128237900, -0.6991244524403359400, 6.964999999999999900 ) ) ;
#3532 = ORIENTED_EDGE ( 'NONE', *, *, #763, .F. ) ;
#3533 = ORIENTED_EDGE ( 'NONE', *, *, #3773, .F. ) ;
#3534 = DIRECTION ( 'NONE',  ( 0.0000000000000000000, 0.0000000000000000000, 1.000000000000000000 ) ) ;
#3535 = VERTEX_POINT ( 'NONE', #8473 ) ;
#3536 = ORIENTED_EDGE ( 'NONE', *, *, #9616, .F. ) ;
#3537 = AXIS2_PLACEMENT_3D ( 'NONE', #4594, #1599, #7732 ) ;
#3538 = CARTESIAN_POINT ( 'NONE',  ( 19.40000000000003400, 21.97114098369325700, -24.64320010950733700 ) ) ;
#3539 = ORIENTED_EDGE ( 'NONE', *, *, #831, .F. ) ;
#3540 = CARTESIAN_POINT ( 'NONE',  ( -1.099999999866668300, -4.749932597781280700, 0.6036725787798447000 ) ) ;
#3541 = CARTESIAN_POINT ( 'NONE',  ( 0.1063705158784553100, 29.68827830838486600, -5.000000000000000000 ) ) ;
#3542 = ORIENTED_EDGE ( 'NONE', *, *, #4786, .F. ) ;
#3543 = CARTESIAN_POINT ( 'NONE',  ( 19.40000000000003400, 22.87440642079238600, -24.47545714160763500 ) ) ;
#3544 = EDGE_LOOP ( 'NONE', ( #5926, #108, #4514, #8926 ) ) ;
#3545 = DIRECTION ( 'NONE',  ( 0.0000000000000000000, 0.0000000000000000000, 1.000000000000000000 ) ) ;
#3546 = CARTESIAN_POINT ( 'NONE',  ( 8.999999999997104500, 6.100876452832417300, 3.006832264071525700 ) ) ;
#3547 = EDGE_CURVE ( 'NONE', #9, #7586, #7975, .T. ) ;
#3548 = CARTESIAN_POINT ( 'NONE',  ( 0.8283664624276408900, 30.39989409133705300, -5.122051391650210800 ) ) ;
#3549 = FACE_BOUND ( 'NONE', #3643, .T. ) ;
#3550 = AXIS2_PLACEMENT_3D ( 'NONE', #469, #3585, #1220 ) ;
#3551 = ORIENTED_EDGE ( 'NONE', *, *, #9014, .T. ) ;
#3552 = DIRECTION ( 'NONE',  ( -1.000000000000000000, -6.071532165918826400E-018, -5.551115123125788900E-017 ) ) ;
#3553 = DIRECTION ( 'NONE',  ( 1.000000000000000000, 6.071532165918827900E-018, 5.551115123125788900E-017 ) ) ;
#3554 = CARTESIAN_POINT ( 'NONE',  ( 6.999999999999999100, 0.0000000000000000000, 0.0000000000000000000 ) ) ;
#3555 = CARTESIAN_POINT ( 'NONE',  ( 21.00000000000005300, 26.05827982168742800, 14.86495406820254300 ) ) ;
#3556 = CARTESIAN_POINT ( 'NONE',  ( -2.168404344971009400E-016, 17.26949287949111400, -25.92379948800892500 ) ) ;
#3557 = APPROVAL_DATE_TIME ( #4525, #6094 ) ;
#3558 = AXIS2_PLACEMENT_3D ( 'NONE', #2867, #8238, #9071 ) ;
#3559 = FACE_BOUND ( 'NONE', #5734, .T. ) ;
#3560 = DIRECTION ( 'NONE',  ( 0.0000000000000000000, 0.0000000000000000000, -1.000000000000000000 ) ) ;
#3561 = DIRECTION ( 'NONE',  ( 0.0000000000000000000, 0.0000000000000000000, -1.000000000000000000 ) ) ;
#3562 = ORIENTED_EDGE ( 'NONE', *, *, #2769, .F. ) ;
#3563 = DIRECTION ( 'NONE',  ( -1.000000000000000000, -0.0000000000000000000, -0.0000000000000000000 ) ) ;
#3564 = DIRECTION ( 'NONE',  ( 0.0000000000000000000, 0.0000000000000000000, 1.000000000000000000 ) ) ;
#3565 = AXIS2_PLACEMENT_3D ( 'NONE', #8411, #6870, #3810 ) ;
#3566 = CARTESIAN_POINT ( 'NONE',  ( 6.400000000000036800, -29.83218016774044300, -14.18908458347511800 ) ) ;
#3567 = DIRECTION ( 'NONE',  ( 0.0000000000000000000, 0.0000000000000000000, 1.000000000000000000 ) ) ;
#3568 = SHAPE_DEFINITION_REPRESENTATION ( #4991, #4133 ) ;
#3569 = DIRECTION ( 'NONE',  ( 0.0000000000000000000, 0.0000000000000000000, 1.000000000000000000 ) ) ;
#3570 = PERSON_AND_ORGANIZATION ( #5560, #9446 ) ;
#3571 = ORIENTED_EDGE ( 'NONE', *, *, #9432, .T. ) ;
#3572 = CARTESIAN_POINT ( 'NONE',  ( 19.40000000000002700, 32.67295704817148300, -5.163707711541125200 ) ) ;
#3573 = CARTESIAN_POINT ( 'NONE',  ( 1.200000000000000000, 28.50000000000000000, -5.999999999999989300 ) ) ;
#3574 = CARTESIAN_POINT ( 'NONE',  ( 19.40000000000003400, 23.20874819785316800, -24.15792053056753400 ) ) ;
#3575 = CARTESIAN_POINT ( 'NONE',  ( 8.999999999997106300, 1.522915381568710600, 6.643889616498095800 ) ) ;
#3576 = AXIS2_PLACEMENT_3D ( 'NONE', #8727, #8120, #3382 ) ;
#3577 = AXIS2_PLACEMENT_3D ( 'NONE', #4036, #5046, #7896 ) ;
#3578 = VERTEX_POINT ( 'NONE', #5439 ) ;
#3579 = DIRECTION ( 'NONE',  ( -1.626303258728255200E-016, 1.000000000000000000, 0.0000000000000000000 ) ) ;
#3580 = ORIENTED_EDGE ( 'NONE', *, *, #5535, .T. ) ;
#3581 = EDGE_CURVE ( 'NONE', #8069, #8476, #5426, .T. ) ;
#3582 = CARTESIAN_POINT ( 'NONE',  ( 1.000000000128238800, 1.682006765310193800, -8.331990669844181200 ) ) ;
#3583 = DIRECTION ( 'NONE',  ( 7.228014483236698300E-017, -1.000000000000000000, 0.0000000000000000000 ) ) ;
#3584 = FACE_OUTER_BOUND ( 'NONE', #2692, .T. ) ;
#3585 = DIRECTION ( 'NONE',  ( 1.000000000000000000, 0.0000000000000000000, 0.0000000000000000000 ) ) ;
#3586 = CARTESIAN_POINT ( 'NONE',  ( 21.00000000000006800, 30.03439339771233600, 1.491731368546019600 ) ) ;
#3587 = CARTESIAN_POINT ( 'NONE',  ( -2.168404344971009400E-016, 30.77140088490870400, -4.847375564779390800 ) ) ;
#3588 = ORIENTED_EDGE ( 'NONE', *, *, #2301, .F. ) ;
#3589 = DIRECTION ( 'NONE',  ( 1.000000000000000000, 1.679403124341539000E-016, -1.865376329483173100E-017 ) ) ;
#3590 = CARTESIAN_POINT ( 'NONE',  ( 0.2000000000000002300, 28.50000000000000400, -6.127073140419998500 ) ) ;
#3591 = AXIS2_PLACEMENT_3D ( 'NONE', #910, #3245, #5608 ) ;
#3592 = CARTESIAN_POINT ( 'NONE',  ( -1.099999999866668300, 4.423870039718378800, 1.729813541151352700 ) ) ;
#3593 = CARTESIAN_POINT ( 'NONE',  ( 0.0000000000000000000, -10.60660171779819200, 10.60660171779940900 ) ) ;
#3594 = VECTOR ( 'NONE', #3149, 1000.000000000000000 ) ;
#3595 = CARTESIAN_POINT ( 'NONE',  ( 6.400000000000035000, -19.67670190514196800, -26.49447458097701300 ) ) ;
#3596 = EDGE_CURVE ( 'NONE', #8368, #827, #3511, .T. ) ;
#3597 = VECTOR ( 'NONE', #4630, 1000.000000000000000 ) ;
#3598 = DIRECTION ( 'NONE',  ( -0.7071067811731494000, -0.7071067811999456300, 0.0000000000000000000 ) ) ;
#3599 = CARTESIAN_POINT ( 'NONE',  ( 0.0000000000000000000, 18.91510639674004300, 20.16510639674024200 ) ) ;
#3600 = VERTEX_POINT ( 'NONE', #5402 ) ;
#3601 = ORIENTED_EDGE ( 'NONE', *, *, #7205, .T. ) ;
#3602 = CARTESIAN_POINT ( 'NONE',  ( 19.40000000000003400, 24.64326883201152500, 21.97108423425764600 ) ) ;
#3603 = CYLINDRICAL_SURFACE ( 'NONE', #7547, 1.249999999999796400 ) ;
#3604 = CARTESIAN_POINT ( 'NONE',  ( 0.5000000000000010000, -15.91510639674015300, -18.91510639674014300 ) ) ;
#3605 = FACE_OUTER_BOUND ( 'NONE', #3786, .T. ) ;
#3606 = AXIS2_PLACEMENT_3D ( 'NONE', #2854, #2001, #2820 ) ;
#3607 = CARTESIAN_POINT ( 'NONE',  ( 8.999999999997106300, 6.471434298796710400, 2.088380630492789000 ) ) ;
#3608 = DIRECTION ( 'NONE',  ( 1.000000000000000000, 6.071532165918827900E-018, 5.551115123125788900E-017 ) ) ;
#3609 = ORIENTED_EDGE ( 'NONE', *, *, #3679, .F. ) ;
#3610 = CARTESIAN_POINT ( 'NONE',  ( 6.500000000000000900, 30.88447255479534100, 6.196721311475409200 ) ) ;
#3611 = FACE_OUTER_BOUND ( 'NONE', #2939, .T. ) ;
#3612 = FACE_OUTER_BOUND ( 'NONE', #4416, .T. ) ;
#3613 = EDGE_CURVE ( 'NONE', #1944, #4381, #8686, .T. ) ;
#3614 = CIRCLE ( 'NONE', #9344, 11.50000000000000200 ) ;
#3615 = CARTESIAN_POINT ( 'NONE',  ( 21.00000000000006000, -25.91542369096104900, -15.11338749856341400 ) ) ;
#3616 = CARTESIAN_POINT ( 'NONE',  ( 21.00000000000006800, 25.16437974305146200, -16.38360379574104200 ) ) ;
#3617 = CARTESIAN_POINT ( 'NONE',  ( -2.168404344971008400E-016, 29.12231354727391200, -11.05412060886708900 ) ) ;
#3618 = ORIENTED_EDGE ( 'NONE', *, *, #6116, .T. ) ;
#3619 = AXIS2_PLACEMENT_3D ( 'NONE', #71, #8614, #930 ) ;
#3620 = LINE ( 'NONE', #5587, #8458 ) ;
#3621 = VECTOR ( 'NONE', #431, 1000.000000000000000 ) ;
#3622 = FACE_OUTER_BOUND ( 'NONE', #3824, .T. ) ;
#3623 = CARTESIAN_POINT ( 'NONE',  ( 20.00000000000006000, 10.87664905671248400, 8.039208349350531100 ) ) ;
#3624 = CARTESIAN_POINT ( 'NONE',  ( 0.2000000000000004300, 27.25095753918228800, -7.853725627213401900 ) ) ;
#3626 = EDGE_LOOP ( 'NONE', ( #3248, #3409 ) ) ;
#3625 = CARTESIAN_POINT ( 'NONE',  ( 0.2000000000000009800, 24.90000000000000600, 4.394078711698373500 ) ) ;
#3627 = CARTESIAN_POINT ( 'NONE',  ( 6.400000000000038500, -18.94248298804218000, -27.02190406323050100 ) ) ;
#3628 = CARTESIAN_POINT ( 'NONE',  ( 23.70000000000010600, 2.853620117981906700E-017, 2.609024107869183000E-016 ) ) ;
#3629 = CIRCLE ( 'NONE', #1930, 9.000000000000001800 ) ;
#3630 = EDGE_CURVE ( 'NONE', #1692, #1091, #5903, .T. ) ;
#3631 = DIRECTION ( 'NONE',  ( 0.0000000000000000000, 0.0000000000000000000, -1.000000000000000000 ) ) ;
#3632 = EDGE_CURVE ( 'NONE', #2284, #9047, #6634, .T. ) ;
#3633 = VERTEX_POINT ( 'NONE', #1636 ) ;
#3634 = CIRCLE ( 'NONE', #3077, 1.249999999999690700 ) ;
#3635 = CARTESIAN_POINT ( 'NONE',  ( -2.168404344971008900E-016, -26.56551413199061100, 16.26878151432759600 ) ) ;
#3636 = CARTESIAN_POINT ( 'NONE',  ( 19.40000000000003800, 15.77169475317417900, 28.98714761530369800 ) ) ;
#3637 = ORIENTED_EDGE ( 'NONE', *, *, #8438, .T. ) ;
#3638 = CARTESIAN_POINT ( 'NONE',  ( -1.099999999866668500, -3.590352268655954600, -3.127109637711287200 ) ) ;
#3639 = DIRECTION ( 'NONE',  ( -1.000000000000000000, -0.0000000000000000000, -0.0000000000000000000 ) ) ;
#3640 = DIRECTION ( 'NONE',  ( -1.626303258728255200E-016, 1.000000000000000000, 0.0000000000000000000 ) ) ;
#3641 = CARTESIAN_POINT ( 'NONE',  ( 8.999999999997106300, 6.437797285167378400, -2.190496823771976900 ) ) ;
#3642 = ORIENTED_EDGE ( 'NONE', *, *, #9111, .F. ) ;
#3643 = EDGE_LOOP ( 'NONE', ( #6195, #143 ) ) ;
#3644 = ORIENTED_EDGE ( 'NONE', *, *, #5099, .T. ) ;
#3645 = ORIENTED_EDGE ( 'NONE', *, *, #8685, .T. ) ;
#3646 = CARTESIAN_POINT ( 'NONE',  ( -2.168404344971009400E-016, -22.78599375890759400, -21.26568040599135000 ) ) ;
#3647 = CARTESIAN_POINT ( 'NONE',  ( 21.00000000000006000, -23.58144508566892800, -18.56765614519804000 ) ) ;
#3648 = CARTESIAN_POINT ( 'NONE',  ( 1.008925369861952000E-015, -15.91510639674034000, 18.91510639673995400 ) ) ;
#3649 = AXIS2_PLACEMENT_3D ( 'NONE', #3367, #9529, #7176 ) ;
#3650 = CARTESIAN_POINT ( 'NONE',  ( -2.168404344971008900E-016, 11.89278150883178500, -28.79005200306408000 ) ) ;
#3651 = ORIENTED_EDGE ( 'NONE', *, *, #799, .F. ) ;
#3652 = EDGE_LOOP ( 'NONE', ( #9492, #1484, #7113, #7028 ) ) ;
#3653 = ORIENTED_EDGE ( 'NONE', *, *, #3025, .F. ) ;
#3654 = ORIENTED_EDGE ( 'NONE', *, *, #3279, .T. ) ;
#3655 = ORIENTED_EDGE ( 'NONE', *, *, #9058, .F. ) ;
#3656 = EDGE_CURVE ( 'NONE', #9814, #3535, #2292, .T. ) ;
#3657 = CARTESIAN_POINT ( 'NONE',  ( 20.00000000000006400, 9.442656816551917100, -9.663647209444187400 ) ) ;
#3658 = CARTESIAN_POINT ( 'NONE',  ( 0.2000000000000002100, 28.36591727734741000, -6.720161111133339900 ) ) ;
#3659 = DIRECTION ( 'NONE',  ( -1.000000000000000000, -0.0000000000000000000, -0.0000000000000000000 ) ) ;
#3660 = DIRECTION ( 'NONE',  ( 0.0000000000000000000, 0.6423556150033357100, -0.7664067222263167800 ) ) ;
#3661 = CARTESIAN_POINT ( 'NONE',  ( 0.1063705158783758600, 29.68827830838478800, 4.999999999999999100 ) ) ;
#3662 = CARTESIAN_POINT ( 'NONE',  ( 6.400000000000038500, -27.92092425185919100, -17.59053071909706000 ) ) ;
#3663 = LINE ( 'NONE', #7513, #7286 ) ;
#3664 = DIRECTION ( 'NONE',  ( 0.0000000000000000000, 0.0000000000000000000, -1.000000000000000000 ) ) ;
#3665 = VERTEX_POINT ( 'NONE', #5340 ) ;
#3666 = CARTESIAN_POINT ( 'NONE',  ( 19.40000000000003400, -24.87646841608859900, 21.68584965645695600 ) ) ;
#3667 = DIRECTION ( 'NONE',  ( 4.031116275487132200E-017, -0.7664067222263167800, -0.6423556150033354900 ) ) ;
#3668 = ORIENTED_EDGE ( 'NONE', *, *, #2574, .F. ) ;
#3669 = CARTESIAN_POINT ( 'NONE',  ( 23.31307791393078300, 0.0000000000000000000, 0.0000000000000000000 ) ) ;
#3670 = VERTEX_POINT ( 'NONE', #2269 ) ;
#3671 = AXIS2_PLACEMENT_3D ( 'NONE', #9479, #3354, #3385 ) ;
#3672 = B_SPLINE_CURVE_WITH_KNOTS ( 'NONE', 3,
 ( #1672, #3894, #3223, #816, #4765, #4696, #5481, #7064, #2519, #7818 ),
 .UNSPECIFIED., .F., .F.,
 ( 4, 2, 2, 2, 4 ),
 ( 1.467448722431117100E-014, 0.0002776442099393576300, 0.0005552884198640407000, 0.0008329326297887239800, 0.001110576839713406900 ),
 .UNSPECIFIED. ) ;
#3673 = CARTESIAN_POINT ( 'NONE',  ( -2.168404344971009400E-016, -18.58968374105441900, 25.00436794155905300 ) ) ;
#3674 = CARTESIAN_POINT ( 'NONE',  ( 19.40000000000003100, 0.05959732386293850600, 33.03461128930882000 ) ) ;
#3675 = CARTESIAN_POINT ( 'NONE',  ( -1.099999999866668500, -4.063484528704275800, 2.465050495840414700 ) ) ;
#3676 = DIRECTION ( 'NONE',  ( 1.000000000000000000, -0.0000000000000000000, -0.0000000000000000000 ) ) ;
#3677 = CARTESIAN_POINT ( 'NONE',  ( 0.0000000000000000000, -9.024091943764450000, -9.581030275964211600 ) ) ;
#3678 = FACE_BOUND ( 'NONE', #8717, .T. ) ;
#3679 = EDGE_CURVE ( 'NONE', #9304, #621, #1470, .T. ) ;
#3680 = VERTEX_POINT ( 'NONE', #7052 ) ;
#3681 = CARTESIAN_POINT ( 'NONE',  ( 8.999999999997108100, 6.514418231913921900, 1.951476053497420300 ) ) ;
#3682 = EDGE_CURVE ( 'NONE', #952, #4459, #9386, .T. ) ;
#3683 = AXIS2_PLACEMENT_3D ( 'NONE', #9766, #4331, #5993 ) ;
#3684 = VERTEX_POINT ( 'NONE', #713 ) ;
#3685 = DIRECTION ( 'NONE',  ( 0.0000000000000000000, 0.0000000000000000000, -1.000000000000000000 ) ) ;
#3686 = CARTESIAN_POINT ( 'NONE',  ( -0.8903129627988083400, 0.5773138049192215700, -5.429474492446516400 ) ) ;
#3687 = AXIS2_PLACEMENT_3D ( 'NONE', #843, #3918, #48 ) ;
#3688 = SHAPE_DEFINITION_REPRESENTATION ( #5954, #9977 ) ;
#3689 = DIRECTION ( 'NONE',  ( -1.000000000000000000, -6.123233995736766000E-017, -0.0000000000000000000 ) ) ;
#3690 = CARTESIAN_POINT ( 'NONE',  ( 21.00000000000006000, -14.25771714077719700, -26.39542374405240800 ) ) ;
#3691 = DIRECTION ( 'NONE',  ( -1.000000000000000000, -6.123233995736766000E-017, -0.0000000000000000000 ) ) ;
#3692 = ORIENTED_EDGE ( 'NONE', *, *, #3253, .F. ) ;
#3693 = CARTESIAN_POINT ( 'NONE',  ( 5.000000000128238800, 0.0000000000000000000, 0.0000000000000000000 ) ) ;
#3694 = CARTESIAN_POINT ( 'NONE',  ( -2.168404344971008400E-016, 30.44542260682784000, -6.661179728783241500 ) ) ;
#3695 = APPROVAL ( #7090, '未指定' ) ;
#3696 = CARTESIAN_POINT ( 'NONE',  ( 20.00000000000005700, 6.762399619779119000, 11.68509863675102300 ) ) ;
#3698 = DIRECTION ( 'NONE',  ( 1.000000000000000000, 0.0000000000000000000, -0.0000000000000000000 ) ) ;
#3697 = SHAPE_REPRESENTATION_RELATIONSHIP ( 'NONE' , 'NONE' ,  #9977, #4834 ) ;
#3699 = CARTESIAN_POINT ( 'NONE',  ( 0.2000000000000005100, 28.14056690267771500, 7.158869468348741300 ) ) ;
#3700 = ORIENTED_EDGE ( 'NONE', *, *, #3319, .T. ) ;
#3701 = CARTESIAN_POINT ( 'NONE',  ( 6.400000000000035900, -19.02611480216695500, -26.96308758050543700 ) ) ;
#3702 = DIRECTION ( 'NONE',  ( -1.000000000000000000, -0.0000000000000000000, -0.0000000000000000000 ) ) ;
#3703 = DIRECTION ( 'NONE',  ( 0.0000000000000000000, 0.0000000000000000000, -1.000000000000000000 ) ) ;
#3704 = DIRECTION ( 'NONE',  ( 1.000000000000000000, 6.071532165918827900E-018, 5.551115123125788900E-017 ) ) ;
#3705 = ORIENTED_EDGE ( 'NONE', *, *, #6055, .F. ) ;
#3706 = CYLINDRICAL_SURFACE ( 'NONE', #104, 6.249999999999660700 ) ;
#3707 = CARTESIAN_POINT ( 'NONE',  ( -2.168404344971009400E-016, -28.97428516715451300, 11.43528256740033200 ) ) ;
#3708 = CARTESIAN_POINT ( 'NONE',  ( 19.40000000000003400, -2.912655354666274100, 32.87345831960272600 ) ) ;
#3709 = CARTESIAN_POINT ( 'NONE',  ( 6.000000000000000000, 3.857637417314163500E-015, -31.50000000000000700 ) ) ;
#3710 = DIRECTION ( 'NONE',  ( -1.000000000000000000, -0.0000000000000000000, -0.0000000000000000000 ) ) ;
#3711 = ORIENTED_EDGE ( 'NONE', *, *, #1614, .F. ) ;
#3712 = AXIS2_PLACEMENT_3D ( 'NONE', #3750, #2130, #1427 ) ;
#3713 = CIRCLE ( 'NONE', #3032, 1.250000000000002900 ) ;
#3714 = VECTOR ( 'NONE', #5421, 1000.000000000000000 ) ;
#3715 = CARTESIAN_POINT ( 'NONE',  ( -0.6628243354509827400, 0.7894251520044913700, -5.632201611226213000 ) ) ;
#3716 = CARTESIAN_POINT ( 'NONE',  ( -2.168404344971008900E-016, -0.9525307506127319600, -31.14921894064170600 ) ) ;
#3717 = EDGE_CURVE ( 'NONE', #5399, #7938, #9987, .T. ) ;
#3718 = VERTEX_POINT ( 'NONE', #2579 ) ;
#3719 = CARTESIAN_POINT ( 'NONE',  ( 21.00000000000006400, -26.39542374405149500, 14.25771714077864700 ) ) ;
#3720 = DIRECTION ( 'NONE',  ( 1.000000000000000000, 1.679403124341539000E-016, -1.865376329483173100E-017 ) ) ;
#3721 = DIRECTION ( 'NONE',  ( -1.000000000000000000, -6.123233995736766000E-017, -0.0000000000000000000 ) ) ;
#3722 = DIRECTION ( 'NONE',  ( 0.0000000000000000000, 0.0000000000000000000, -1.000000000000000000 ) ) ;
#3723 = VECTOR ( 'NONE', #439, 1000.000000000000000 ) ;
#3724 = CIRCLE ( 'NONE', #5118, 0.9999999999999995600 ) ;
#3725 = CARTESIAN_POINT ( 'NONE',  ( 20.00000000000006800, 13.48070918585643900, 0.7862396083132157100 ) ) ;
#3726 = DIRECTION ( 'NONE',  ( -1.000000000000000000, -6.071532165918827900E-018, -5.551115123125788900E-017 ) ) ;
#3727 = AXIS2_PLACEMENT_3D ( 'NONE', #8920, #3553, #1291 ) ;
#3728 = ORIENTED_EDGE ( 'NONE', *, *, #567, .T. ) ;
#3729 = CARTESIAN_POINT ( 'NONE',  ( 1.299999999997001800, -9.635334225049955800, 12.74610083339481800 ) ) ;
#3730 = ORIENTED_EDGE ( 'NONE', *, *, #5079, .F. ) ;
#3731 = ORIENTED_EDGE ( 'NONE', *, *, #5022, .T. ) ;
#3732 = CARTESIAN_POINT ( 'NONE',  ( 6.400000000000035000, 4.706822257410131300, -32.66268667325134300 ) ) ;
#3733 = CARTESIAN_POINT ( 'NONE',  ( 24.00000000000006000, -14.13182353007326400, 16.86094788897906200 ) ) ;
#3734 = CIRCLE ( 'NONE', #684, 1.499999999999990900 ) ;
#3735 = CARTESIAN_POINT ( 'NONE',  ( 0.0000000000000000000, 9.797174393178825700E-016, 8.000000000000000000 ) ) ;
#3736 = DIRECTION ( 'NONE',  ( -1.000000000000000000, -0.0000000000000000000, -0.0000000000000000000 ) ) ;
#3737 = FACE_BOUND ( 'NONE', #8617, .T. ) ;
#3738 = B_SPLINE_CURVE_WITH_KNOTS ( 'NONE', 3,
 ( #5162, #3541, #532, #8942 ),
 .UNSPECIFIED., .F., .F.,
 ( 4, 4 ),
 ( 8.476605635054192300E-019, 0.0004545039609517939800 ),
 .UNSPECIFIED. ) ;
#3739 = ORIENTED_EDGE ( 'NONE', *, *, #9804, .T. ) ;
#3740 = CARTESIAN_POINT ( 'NONE',  ( 19.40000000000003800, 24.30553258729483800, 23.05428622553584700 ) ) ;
#3741 = ORIENTED_EDGE ( 'NONE', *, *, #34, .T. ) ;
#3742 = CARTESIAN_POINT ( 'NONE',  ( 0.0000000000000000000, 0.0000000000000000000, 12.60000000000000100 ) ) ;
#3743 = CARTESIAN_POINT ( 'NONE',  ( 27.30496494509936100, 5.042386180099899500E-017, 4.610181650377063500E-016 ) ) ;
#3744 = CARTESIAN_POINT ( 'NONE',  ( 5.399999999999978200, 0.0000000000000000000, -33.99999999999982900 ) ) ;
#3745 = LINE ( 'NONE', #3942, #1693 ) ;
#3746 = LINE ( 'NONE', #1513, #1934 ) ;
#3747 = AXIS2_PLACEMENT_3D ( 'NONE', #5130, #5097, #2057 ) ;
#3748 = CARTESIAN_POINT ( 'NONE',  ( 21.00000000000006000, -14.13182353007326400, 16.86094788897906200 ) ) ;
#3749 = CYLINDRICAL_SURFACE ( 'NONE', #5811, 1.499999999999990900 ) ;
#3750 = CARTESIAN_POINT ( 'NONE',  ( 1.282376982381094900E-010, -1.092875789857602900E-016, -9.992007221555231900E-016 ) ) ;
#3751 = CARTESIAN_POINT ( 'NONE',  ( -0.8363751622276098800, 0.6383020591461268100, -5.476747355255729300 ) ) ;
#3752 = AXIS2_PLACEMENT_3D ( 'NONE', #3393, #4930, #5755 ) ;
#3753 = AXIS2_PLACEMENT_3D ( 'NONE', #7901, #4101, #8744 ) ;
#3754 = CYLINDRICAL_SURFACE ( 'NONE', #8576, 1.249999999999999300 ) ;
#3755 = DIRECTION ( 'NONE',  ( 1.000000000000000000, 0.0000000000000000000, 0.0000000000000000000 ) ) ;
#3756 = CARTESIAN_POINT ( 'NONE',  ( 21.00000000000006000, -29.53593954820470900, -5.300071625375379000 ) ) ;
#3757 = CARTESIAN_POINT ( 'NONE',  ( 1.699756038043516400, 0.0000000000000000000, 0.0000000000000000000 ) ) ;
#3759 = ORIENTED_EDGE ( 'NONE', *, *, #9130, .T. ) ;
#3758 = CARTESIAN_POINT ( 'NONE',  ( 21.38196601125016000, -73.95574802150267100, -17.62235326453198400 ) ) ;
#3760 = FACE_BOUND ( 'NONE', #5382, .T. ) ;
#3761 = AXIS2_PLACEMENT_3D ( 'NONE', #3840, #6877, #704 ) ;
#3762 = CARTESIAN_POINT ( 'NONE',  ( 20.00000000000006000, 10.08141159672699900, 8.988097029142549500 ) ) ;
#3763 = VECTOR ( 'NONE', #5018, 1000.000000000000000 ) ;
#3764 = CARTESIAN_POINT ( 'NONE',  ( -1.100000000000000100, 0.0000000000000000000, 0.0000000000000000000 ) ) ;
#3765 = DIRECTION ( 'NONE',  ( 1.000000000000000000, -0.0000000000000000000, -0.0000000000000000000 ) ) ;
#3766 = CARTESIAN_POINT ( 'NONE',  ( 0.2000000000000009300, 24.90000000000000600, 0.7499999999999972200 ) ) ;
#3767 = ORIENTED_EDGE ( 'NONE', *, *, #2274, .T. ) ;
#3768 = CARTESIAN_POINT ( 'NONE',  ( 19.40000000000003400, -17.99865386336378800, 27.73308488110136200 ) ) ;
#3769 = EDGE_LOOP ( 'NONE', ( #6890, #5008, #1212, #1095, #3651 ) ) ;
#3770 = EDGE_LOOP ( 'NONE', ( #4774, #8588 ) ) ;
#3771 = CARTESIAN_POINT ( 'NONE',  ( 0.5000000000000012200, -18.91510639674033800, 18.91510639673995400 ) ) ;
#3772 = CARTESIAN_POINT ( 'NONE',  ( 19.40000000000003800, 6.652383586164901900, -32.35643801004363200 ) ) ;
#3773 = EDGE_CURVE ( 'NONE', #1670, #8130, #7370, .T. ) ;
#3774 = EDGE_CURVE ( 'NONE', #6179, #9531, #8912, .T. ) ;
#3775 = AXIS2_PLACEMENT_3D ( 'NONE', #9281, #2400, #7044 ) ;
#3776 = CARTESIAN_POINT ( 'NONE',  ( 19.40000000000003100, 33.15757583399425100, 4.778138385117080700 ) ) ;
#3777 = ORIENTED_EDGE ( 'NONE', *, *, #5847, .F. ) ;
#3778 = EDGE_LOOP ( 'NONE', ( #1953, #5222, #1122, #9999, #7571 ) ) ;
#3779 = CARTESIAN_POINT ( 'NONE',  ( 1.000000000128238500, 6.964999999999993600, 0.6991244524404072200 ) ) ;
#3780 = CARTESIAN_POINT ( 'NONE',  ( 0.5000000000450197700, -15.91510639677599300, 18.91510639673995400 ) ) ;
#3781 = ORIENTED_EDGE ( 'NONE', *, *, #2954, .F. ) ;
#3782 = CARTESIAN_POINT ( 'NONE',  ( -9.005051526134015100E-016, 15.91510639674002400, 18.91510639674027400 ) ) ;
#3783 = ORIENTED_EDGE ( 'NONE', *, *, #3281, .T. ) ;
#3784 = DIRECTION ( 'NONE',  ( 0.0000000000000000000, 0.0000000000000000000, 1.000000000000000000 ) ) ;
#3785 = EDGE_CURVE ( 'NONE', #881, #5972, #7478, .T. ) ;
#3786 = EDGE_LOOP ( 'NONE', ( #116, #6360, #3255 ) ) ;
#3787 = VERTEX_POINT ( 'NONE', #2508 ) ;
#3788 = ORIENTED_EDGE ( 'NONE', *, *, #6005, .T. ) ;
#3789 = CARTESIAN_POINT ( 'NONE',  ( -2.168404344971008400E-016, -11.05412060889671400, -29.12231354726828400 ) ) ;
#3790 = DIRECTION ( 'NONE',  ( -4.031116275487132800E-017, 0.7664067222263166700, 0.6423556150033356000 ) ) ;
#3791 = DIRECTION ( 'NONE',  ( 0.0000000000000000000, 0.0000000000000000000, 1.000000000000000000 ) ) ;
#3792 = AXIS2_PLACEMENT_3D ( 'NONE', #5534, #3280, #7185 ) ;
#3793 = CARTESIAN_POINT ( 'NONE',  ( 22.10231852694309000, 21.70864114951187000, -25.90099334197980600 ) ) ;
#3794 = EDGE_CURVE ( 'NONE', #7150, #9054, #6885, .T. ) ;
#3795 = FACE_OUTER_BOUND ( 'NONE', #4053, .T. ) ;
#3796 = EDGE_CURVE ( 'NONE', #2333, #5659, #8902, .T. ) ;
#3797 = CARTESIAN_POINT ( 'NONE',  ( 20.00000000000006400, 0.7201700383558375900, 13.48884121559015100 ) ) ;
#3798 = ORIENTED_EDGE ( 'NONE', *, *, #5581, .F. ) ;
#3799 = CARTESIAN_POINT ( 'NONE',  ( 0.0000000000000000000, 0.0000000000000000000, -12.19999999999999900 ) ) ;
#3800 = CARTESIAN_POINT ( 'NONE',  ( 0.1000000000000011200, 24.40000000000000200, -3.998403685112363000 ) ) ;
#3801 = DIRECTION ( 'NONE',  ( 1.000000000000000000, 0.0000000000000000000, 0.0000000000000000000 ) ) ;
#3802 = CARTESIAN_POINT ( 'NONE',  ( 19.40000000000003100, -23.62222463231571700, -23.08212293063880300 ) ) ;
#3803 = APPROVAL_DATE_TIME ( #6336, #2336 ) ;
#3804 = FACE_BOUND ( 'NONE', #4735, .T. ) ;
#3805 = AXIS2_PLACEMENT_3D ( 'NONE', #4335, #6804, #4476 ) ;
#3806 = B_SPLINE_CURVE_WITH_KNOTS ( 'NONE', 3,
 ( #5568, #5493, #2469, #6334 ),
 .UNSPECIFIED., .F., .F.,
 ( 4, 4 ),
 ( 0.0000000000000000000, 1.000000000000000000 ),
 .UNSPECIFIED. ) ;
#3807 = ORIENTED_EDGE ( 'NONE', *, *, #2704, .F. ) ;
#3808 = ORIENTED_EDGE ( 'NONE', *, *, #9011, .F. ) ;
#3809 = CARTESIAN_POINT ( 'NONE',  ( 19.40000000000003400, 32.03114210962220200, -9.834907021512684400 ) ) ;
#3810 = DIRECTION ( 'NONE',  ( 0.0000000000000000000, 0.6423556150033357100, -0.7664067222263167800 ) ) ;
#3811 = CARTESIAN_POINT ( 'NONE',  ( 0.0000000000000000000, -15.55634918610482300, -15.55634918610326000 ) ) ;
#3812 = DIRECTION ( 'NONE',  ( 0.0000000000000000000, 0.0000000000000000000, 1.000000000000000000 ) ) ;
#3813 = EDGE_CURVE ( 'NONE', #4788, #7593, #1697, .T. ) ;
#3814 = DIRECTION ( 'NONE',  ( -1.000000000000000000, -0.0000000000000000000, -0.0000000000000000000 ) ) ;
#3815 = CALENDAR_DATE ( 2025, 28, 7 ) ;
#3816 = ORIENTED_EDGE ( 'NONE', *, *, #6586, .F. ) ;
#3817 = AXIS2_PLACEMENT_3D ( 'NONE', #6299, #4712, #173 ) ;
#3818 = ORIENTED_EDGE ( 'NONE', *, *, #5473, .F. ) ;
#3819 = CARTESIAN_POINT ( 'NONE',  ( -2.168404344971009400E-016, -28.91350601765550000, -11.58810265469538900 ) ) ;
#3820 = CARTESIAN_POINT ( 'NONE',  ( 21.00000000000006000, -23.17136923281411100, 19.05488218924436000 ) ) ;
#3821 = CARTESIAN_POINT ( 'NONE',  ( 0.1000000000000009200, 25.90000000000000200, 3.644078711698373100 ) ) ;
#3822 = CARTESIAN_POINT ( 'NONE',  ( 18.00000000000000400, 2.204364238465211400E-015, -17.99999999999980100 ) ) ;
#3823 = CARTESIAN_POINT ( 'NONE',  ( 6.400000000000036800, 32.86720801670870900, 3.050624450953283200 ) ) ;
#3824 = EDGE_LOOP ( 'NONE', ( #9971, #3808, #8775, #4938, #9349, #6684, #6596, #1387, #5987 ) ) ;
#3825 = EDGE_CURVE ( 'NONE', #7768, #3277, #4214, .T. ) ;
#3826 = EDGE_CURVE ( 'NONE', #8130, #9773, #1080, .T. ) ;
#3827 = CARTESIAN_POINT ( 'NONE',  ( 0.1500000000000011600, 24.40000000000000600, 2.894078711698373900 ) ) ;
#3828 = DIRECTION ( 'NONE',  ( 0.0000000000000000000, 0.0000000000000000000, -1.000000000000000000 ) ) ;
#3829 = CARTESIAN_POINT ( 'NONE',  ( 24.00000000000006000, -18.96738926836105700, 22.63035349707300600 ) ) ;
#3830 = VECTOR ( 'NONE', #6444, 1000.000000000000000 ) ;
#3831 = CARTESIAN_POINT ( 'NONE',  ( 19.40000000000003800, -21.10911803419503100, -25.36545139525867800 ) ) ;
#3832 = CARTESIAN_POINT ( 'NONE',  ( 0.1000000000000017800, 19.96667702163212600, -3.998403685112363000 ) ) ;
#3833 = VERTEX_POINT ( 'NONE', #7085 ) ;
#3834 = CARTESIAN_POINT ( 'NONE',  ( 19.40000000000003800, 30.28418077764784800, 14.40407497468042700 ) ) ;
#3835 = DIRECTION ( 'NONE',  ( -1.000000000000000000, -6.123233995736766000E-017, -0.0000000000000000000 ) ) ;
#3836 = VECTOR ( 'NONE', #849, 1000.000000000000000 ) ;
#3837 = DIRECTION ( 'NONE',  ( -1.626303258728255200E-016, 1.000000000000000000, 0.0000000000000000000 ) ) ;
#3838 = VECTOR ( 'NONE', #3450, 1000.000000000000000 ) ;
#3839 = CARTESIAN_POINT ( 'NONE',  ( 5.000000000000000000, -3.327635673973334400, 13.34641771492635500 ) ) ;
#3840 = CARTESIAN_POINT ( 'NONE',  ( 6.400000000000035900, -4.711508960753006500E-016, -3.386180225106705600E-016 ) ) ;
#3841 = ORIENTED_EDGE ( 'NONE', *, *, #503, .F. ) ;
#3842 = ORIENTED_EDGE ( 'NONE', *, *, #6259, .F. ) ;
#3843 = AXIS2_PLACEMENT_3D ( 'NONE', #14, #2132, #1596 ) ;
#3844 = EDGE_LOOP ( 'NONE', ( #9645, #1717, #5351, #51 ) ) ;
#3845 = CIRCLE ( 'NONE', #805, 2.000000000000000900 ) ;
#3846 = LINE ( 'NONE', #8770, #4920 ) ;
#3847 = CARTESIAN_POINT ( 'NONE',  ( -2.168404344971008900E-016, -28.87675955815440400, -11.67965702575534700 ) ) ;
#3848 = EDGE_CURVE ( 'NONE', #4012, #3989, #6878, .T. ) ;
#3849 = DIRECTION ( 'NONE',  ( -1.000000000000000000, -0.0000000000000000000, -0.0000000000000000000 ) ) ;
#3850 = DIRECTION ( 'NONE',  ( -1.000000000000000000, -0.0000000000000000000, -0.0000000000000000000 ) ) ;
#3851 = CARTESIAN_POINT ( 'NONE',  ( 6.400000000000035900, 32.27771842964273900, -6.949463432709915600 ) ) ;
#3852 = ORIENTED_EDGE ( 'NONE', *, *, #7945, .T. ) ;
#3853 = LINE ( 'NONE', #3610, #6152 ) ;
#3854 = CIRCLE ( 'NONE', #8720, 0.9999999999999991100 ) ;
#3855 = FACE_OUTER_BOUND ( 'NONE', #3075, .T. ) ;
#3856 = CARTESIAN_POINT ( 'NONE',  ( 20.00000000000006000, 4.671192535508883000, 12.66978546818616300 ) ) ;
#3857 = AXIS2_PLACEMENT_3D ( 'NONE', #9586, #7310, #2695 ) ;
#3858 = CARTESIAN_POINT ( 'NONE',  ( -1.100000000000000100, 0.0000000000000000000, -2.500000000000000000 ) ) ;
#3859 = CARTESIAN_POINT ( 'NONE',  ( -1.100000000000000100, 4.353422915655340400E-014, -6.250000000000000900 ) ) ;
#3860 = CARTESIAN_POINT ( 'NONE',  ( 6.399999999999979000, -18.91510639674090700, -18.91510639673938200 ) ) ;
#3861 = CARTESIAN_POINT ( 'NONE',  ( 6.400000000000036800, 30.03068806515095800, -13.68056191585707600 ) ) ;
#3862 = CARTESIAN_POINT ( 'NONE',  ( 23.31307791393078300, 0.0000000000000000000, -32.19999999999984700 ) ) ;
#3863 = CARTESIAN_POINT ( 'NONE',  ( 20.00000000000006000, -9.635334225049955800, 10.24610083339481500 ) ) ;
#3864 = CARTESIAN_POINT ( 'NONE',  ( 19.40000000000003800, -29.17698499501853600, -15.42184579699528200 ) ) ;
#3865 = CARTESIAN_POINT ( 'NONE',  ( 2.000000000000001800, -18.91510639674015300, -18.91510639674014300 ) ) ;
#3866 = LINE ( 'NONE', #5115, #7490 ) ;
#3867 = VECTOR ( 'NONE', #9180, 1000.000000000000000 ) ;
#3868 = EDGE_CURVE ( 'NONE', #2449, #3633, #3386, .T. ) ;
#3869 = B_SPLINE_CURVE_WITH_KNOTS ( 'NONE', 3,
 ( #6115, #3716, #1467, #6750, #2165, #9093, #9858, #2133, #8326, #6046, #679, #4453, #4489, #1500, #3789, #5248, #710, #6813, #5274, #7600, #2993, #8390, #608, #9122, #2234, #7632, #4554, #7500, #2884, #3646, #9021, #4593, #6883, #6979, #9255, #5435, #3115, #9947, #5371, #3089, #8503, #8471, #3847, #3819, #3056, #9228, #6180, #3884, #4627, #803, #742, #4654, #13, #8443, #9985, #6145, #5397, #6950, #1595, #1531, #774, #2339, #1559, #7731, #9199, #6924, #2300, #7695, #7664, #2266, #2366, #6215, #2873, #594, #3707, #1345, #8283, #6739, #3635, #8317, #2984, #9838, #6707, #4438, #5159, #7522, #6773, #3673, #8977, #7555, #9045, #5229, #2187, #5928, #560, #2909, #5996, #7449, #2153, #4408, #1310, #8379, #5266, #5195, #1382, #9082, #2840, #4372, #5963, #630, #6033, #1416, #9731, #2945 ),
 .UNSPECIFIED., .F., .F.,
 ( 4, 1, 1, 1, 1, 1, 2, 2, 1, 1, 1, 1, 1, 2, 2, 1, 1, 1, 1, 2, 2, 2, 1, 1, 1, 1, 2, 2, 1, 1, 1, 1, 1, 2, 2, 1, 1, 1, 1, 1, 2, 2, 2, 1, 1, 1, 1, 1, 2, 2, 1, 1, 1, 1, 1, 2, 2, 1, 1, 1, 1, 2, 2, 2, 1, 1, 1, 1, 2, 2, 1, 1, 1, 1, 1, 2, 2, 1, 1, 1, 1, 1, 2, 2, 4 ),
 ( 0.0000000000000000000, 0.03124999999999894500, 0.04687499999999842500, 0.05468749999999815400, 0.05859374999999800900, 0.06054687499999795300, 0.06152343749999791100, 0.06249999999999787000, 0.09374999999999622500, 0.1093749999999953500, 0.1171874999999949100, 0.1210937499999947000, 0.1230468749999946200, 0.1240234374999945500, 0.1249999999999944900, 0.1562499999999923400, 0.1718749999999912600, 0.1796874999999907600, 0.1835937499999905100, 0.1855468749999903100, 0.1874999999999901500, 0.2499999999999849600, 0.2812499999999823500, 0.2968749999999811300, 0.3046874999999805200, 0.3085937499999801800, 0.3105468749999800200, 0.3124999999999798500, 0.3437499999999759600, 0.3593749999999740200, 0.3671874999999730200, 0.3710937499999725200, 0.3730468749999723000, 0.3740234374999722400, 0.3749999999999721300, 0.4062499999999703600, 0.4218749999999695200, 0.4296874999999690800, 0.4335937499999688000, 0.4355468749999686900, 0.4365234374999686900, 0.4374999999999686400, 0.4999999999999662500, 0.5312499999999651400, 0.5468749999999644700, 0.5546874999999641400, 0.5585937499999640300, 0.5605468749999640300, 0.5615234374999639200, 0.5624999999999639200, 0.5937499999999644700, 0.6093749999999646900, 0.6171874999999648100, 0.6210937499999649200, 0.6230468749999650300, 0.6240234374999650300, 0.6249999999999651400, 0.6562499999999670300, 0.6718749999999680300, 0.6796874999999683600, 0.6835937499999685800, 0.6855468749999688000, 0.6874999999999689100, 0.7499999999999714700, 0.7812499999999728000, 0.7968749999999733500, 0.8046874999999735800, 0.8085937499999738000, 0.8105468749999740200, 0.8124999999999741300, 0.8437499999999772400, 0.8593749999999789100, 0.8671874999999795700, 0.8710937499999800200, 0.8730468749999802400, 0.8740234374999803500, 0.8749999999999805700, 0.9062499999999853500, 0.9218749999999879000, 0.9296874999999890100, 0.9335937499999896700, 0.9355468749999900100, 0.9365234374999901200, 0.9374999999999903400, 1.000000000000000000 ),
 .UNSPECIFIED. ) ;
#3870 = EDGE_CURVE ( 'NONE', #1231, #9595, #2982, .T. ) ;
#3871 = LINE ( 'NONE', #6677, #7733 ) ;
#3872 = ORIENTED_EDGE ( 'NONE', *, *, #3813, .T. ) ;
#3873 = ORIENTED_EDGE ( 'NONE', *, *, #3937, .F. ) ;
#3874 = CARTESIAN_POINT ( 'NONE',  ( 19.40000000000003100, 19.97483221067434700, 26.89590733533328000 ) ) ;
#3875 = PLANE ( 'NONE',  #8586 ) ;
#3876 = DIRECTION ( 'NONE',  ( 1.000000000000000000, 3.642919299551294900E-017, 2.775557561562891400E-017 ) ) ;
#3877 = AXIS2_PLACEMENT_3D ( 'NONE', #6148, #7698, #1601 ) ;
#3878 = DIRECTION ( 'NONE',  ( 0.0000000000000000000, -1.000000000000000000, 1.019909387808600500E-016 ) ) ;
#3879 = CIRCLE ( 'NONE', #5228, 1.250000000000660400 ) ;
#3880 = ORIENTED_EDGE ( 'NONE', *, *, #8072, .F. ) ;
#3881 = FACE_BOUND ( 'NONE', #5232, .T. ) ;
#3882 = VERTEX_POINT ( 'NONE', #1764 ) ;
#3883 = APPROVAL ( #6321, '未指定' ) ;
#3884 = CARTESIAN_POINT ( 'NONE',  ( -2.168404344971008900E-016, -29.82121128586007300, -9.097689087977123300 ) ) ;
#3885 = CARTESIAN_POINT ( 'NONE',  ( 19.40000000000003400, 2.428612866367695800E-018, 2.220446049250569300E-017 ) ) ;
#3886 = DIRECTION ( 'NONE',  ( -1.000000000000000000, -0.0000000000000000000, -0.0000000000000000000 ) ) ;
#3887 = CARTESIAN_POINT ( 'NONE',  ( 6.400000000000035000, 31.96465373706521600, -8.201705901331006700 ) ) ;
#3888 = ORIENTED_EDGE ( 'NONE', *, *, #860, .T. ) ;
#3889 = CYLINDRICAL_SURFACE ( 'NONE', #1650, 25.99999999999989000 ) ;
#3890 = ORIENTED_EDGE ( 'NONE', *, *, #8786, .T. ) ;
#3891 = DIRECTION ( 'NONE',  ( -1.000000000000000000, -6.123233995736766000E-017, -0.0000000000000000000 ) ) ;
#3892 = CARTESIAN_POINT ( 'NONE',  ( 0.2000000000000017300, 20.46667702163212600, -2.583431450670379100E-015 ) ) ;
#3893 = APPLICATION_PROTOCOL_DEFINITION ( 'international standard', 'config_control_design', 1994, #7025 ) ;
#3894 = CARTESIAN_POINT ( 'NONE',  ( -0.6628243354502230100, 5.632201611226908400, 0.7894251520049838700 ) ) ;
#3895 = ORIENTED_EDGE ( 'NONE', *, *, #2444, .T. ) ;
#3896 = CARTESIAN_POINT ( 'NONE',  ( 0.1000000000000017800, 19.96667702163212600, -2.581566074340896200E-015 ) ) ;
#3897 = VERTEX_POINT ( 'NONE', #5503 ) ;
#3898 = CARTESIAN_POINT ( 'NONE',  ( 19.40000000000003800, -26.58772783646391600, -19.65103741672097800 ) ) ;
#3899 = EDGE_LOOP ( 'NONE', ( #6658, #3700, #5461, #1728 ) ) ;
#3900 = ORIENTED_EDGE ( 'NONE', *, *, #5977, .F. ) ;
#3901 = ADVANCED_FACE ( 'NONE', ( #9032 ), #2173, .T. ) ;
#3902 = AXIS2_PLACEMENT_3D ( 'NONE', #2851, #460, #7355 ) ;
#3903 = CARTESIAN_POINT ( 'NONE',  ( 19.40000000000003400, 1.758949158240716400, 33.45380717039326200 ) ) ;
#3904 = CARTESIAN_POINT ( 'NONE',  ( 23.31307791393078300, 3.943362693254458800E-015, 32.19999999999984700 ) ) ;
#3905 = CARTESIAN_POINT ( 'NONE',  ( 5.999999999999998200, 29.90401310861136300, 5.999999999999999100 ) ) ;
#3906 = CARTESIAN_POINT ( 'NONE',  ( 6.399999999999979000, 15.55634918610396700, 16.80634918610412500 ) ) ;
#3907 = EDGE_LOOP ( 'NONE', ( #9943, #6859, #2388, #7919, #9521, #6794, #1001, #6438 ) ) ;
#3908 = CONICAL_SURFACE ( 'NONE', #4773, 17.99999999999971900, 0.7853981633974466100 ) ;
#3909 = ORIENTED_EDGE ( 'NONE', *, *, #7783, .F. ) ;
#3910 = ORIENTED_EDGE ( 'NONE', *, *, #3168, .T. ) ;
#3911 = ORIENTED_EDGE ( 'NONE', *, *, #207, .F. ) ;
#3912 = EDGE_CURVE ( 'NONE', #5449, #6673, #5913, .T. ) ;
#3913 = VECTOR ( 'NONE', #6997, 1000.000000000000000 ) ;
#3914 = ORIENTED_EDGE ( 'NONE', *, *, #1181, .T. ) ;
#3915 = CARTESIAN_POINT ( 'NONE',  ( -1.100000000000000100, 4.353422915655340400E-014, -6.250000000000000900 ) ) ;
#3916 = DIRECTION ( 'NONE',  ( -1.000000000000000000, -6.433850380576233000E-018, -7.306477388576947100E-017 ) ) ;
#3917 = ORIENTED_EDGE ( 'NONE', *, *, #5035, .T. ) ;
#3918 = DIRECTION ( 'NONE',  ( 1.000000000000000000, 0.0000000000000000000, 0.0000000000000000000 ) ) ;
#3919 = AXIS2_PLACEMENT_3D ( 'NONE', #7774, #3790, #4556 ) ;
#3920 = EDGE_CURVE ( 'NONE', #5027, #5610, #4463, .T. ) ;
#3921 = DATE_AND_TIME ( #413, #7800 ) ;
#3922 = EDGE_LOOP ( 'NONE', ( #22, #5390 ) ) ;
#3923 = CARTESIAN_POINT ( 'NONE',  ( 8.999999999997104500, -4.159837921921726100, -5.383729108813739100 ) ) ;
#3924 = DIRECTION ( 'NONE',  ( -1.000000000000000000, 0.0000000000000000000, 0.0000000000000000000 ) ) ;
#3925 = ADVANCED_FACE ( 'NONE', ( #5069 ), #3267, .F. ) ;
#3926 = CARTESIAN_POINT ( 'NONE',  ( 20.00000000000006000, -10.34370926050256800, 8.675155361365982600 ) ) ;
#3927 = CARTESIAN_POINT ( 'NONE',  ( 0.0000000000000000000, 4.353422915655340400E-014, -6.250000000000000900 ) ) ;
#3928 = CARTESIAN_POINT ( 'NONE',  ( 6.899999999999966600, -4.529362995775466400E-016, -3.247402347028580200E-016 ) ) ;
#3929 = AXIS2_PLACEMENT_3D ( 'NONE', #8309, #6734, #2148 ) ;
#3930 = DIRECTION ( 'NONE',  ( 0.0000000000000000000, 0.0000000000000000000, 1.000000000000000000 ) ) ;
#3931 = LINE ( 'NONE', #3729, #1890 ) ;
#3932 = CARTESIAN_POINT ( 'NONE',  ( 19.40000000000003400, 8.141656363224148800, 32.49560813533948100 ) ) ;
#3933 = DIRECTION ( 'NONE',  ( -1.000000000000000000, -0.0000000000000000000, -0.0000000000000000000 ) ) ;
#3934 = EDGE_LOOP ( 'NONE', ( #244, #192 ) ) ;
#3935 = DIRECTION ( 'NONE',  ( 1.000000000000000000, 6.071532165918827900E-018, 5.551115123125788900E-017 ) ) ;
#3936 = CARTESIAN_POINT ( 'NONE',  ( -1.099999999832333800, -5.249999999994771300, -1.874839383578208200E-014 ) ) ;
#3937 = EDGE_CURVE ( 'NONE', #9206, #5752, #3871, .T. ) ;
#3938 = AXIS2_PLACEMENT_3D ( 'NONE', #5151, #4364, #9721 ) ;
#3939 = CYLINDRICAL_SURFACE ( 'NONE', #3429, 1.249999999999999300 ) ;
#3940 = AXIS2_PLACEMENT_3D ( 'NONE', #4917, #8788, #4177 ) ;
#3941 = ADVANCED_FACE ( 'NONE', ( #602 ), #961, .F. ) ;
#3942 = CARTESIAN_POINT ( 'NONE',  ( 0.1000000000000017000, 20.46667702163212600, 3.644078711698373500 ) ) ;
#3943 = EDGE_LOOP ( 'NONE', ( #6137, #5564, #5713, #5102 ) ) ;
#3944 = CARTESIAN_POINT ( 'NONE',  ( 19.00000000000000000, -15.55634918610482300, -14.30634918610261900 ) ) ;
#3945 = CARTESIAN_POINT ( 'NONE',  ( 6.400000000000035000, 32.01059907059750000, -8.020139023312507800 ) ) ;
#3946 = VECTOR ( 'NONE', #5198, 1000.000000000000000 ) ;
#3947 = LINE ( 'NONE', #6133, #2755 ) ;
#3948 = DIRECTION ( 'NONE',  ( -1.000000000000000000, -0.0000000000000000000, -0.0000000000000000000 ) ) ;
#3949 = EDGE_CURVE ( 'NONE', #8149, #5938, #7495, .T. ) ;
#3950 = EDGE_CURVE ( 'NONE', #8389, #9531, #4704, .T. ) ;
#3951 = DIRECTION ( 'NONE',  ( 1.000000000000000000, 6.071532165918827900E-018, 5.551115123125788900E-017 ) ) ;
#3952 = ORIENTED_EDGE ( 'NONE', *, *, #4702, .T. ) ;
#3953 = VERTEX_POINT ( 'NONE', #3026 ) ;
#3954 = CARTESIAN_POINT ( 'NONE',  ( 0.1000000000000009200, 25.90000000000000200, 3.644078711698373100 ) ) ;
#3955 = CARTESIAN_POINT ( 'NONE',  ( 19.00000000000000000, 15.55634918610396700, 15.55634918610412100 ) ) ;
#3956 = CYLINDRICAL_SURFACE ( 'NONE', #1723, 1.250000000000002900 ) ;
#3957 = DIRECTION ( 'NONE',  ( -1.000000000000000000, -0.0000000000000000000, -0.0000000000000000000 ) ) ;
#3958 = CARTESIAN_POINT ( 'NONE',  ( -1.100000000000000100, 4.365669383646813900E-014, -5.250000000000001800 ) ) ;
#3959 = VECTOR ( 'NONE', #2105, 1000.000000000000000 ) ;
#3960 = DIRECTION ( 'NONE',  ( 1.000000000000000000, 1.679403124341539000E-016, -1.865376329483173100E-017 ) ) ;
#3961 = EDGE_LOOP ( 'NONE', ( #3910, #2161, #7149, #3366 ) ) ;
#3962 = EDGE_CURVE ( 'NONE', #7845, #804, #9157, .T. ) ;
#3963 = CARTESIAN_POINT ( 'NONE',  ( 19.40000000000003800, -16.18356809136111000, 29.34185890299433600 ) ) ;
#3964 = CARTESIAN_POINT ( 'NONE',  ( 5.999999999999999100, 30.88447255479534100, 6.196721311475409200 ) ) ;
#3965 = ORIENTED_EDGE ( 'NONE', *, *, #6097, .T. ) ;
#3966 = CARTESIAN_POINT ( 'NONE',  ( 2.999999999999999100, 10.60660171779701100, -10.60660171779823500 ) ) ;
#3967 = CARTESIAN_POINT ( 'NONE',  ( 22.27639320225006600, 1.989272671565901200E-017, 1.818763585431693200E-016 ) ) ;
#3968 = CARTESIAN_POINT ( 'NONE',  ( -1.025933137136314300, -5.312588547710631400, -0.3594828967210312900 ) ) ;
#3969 = FACE_OUTER_BOUND ( 'NONE', #7875, .T. ) ;
#3970 = VECTOR ( 'NONE', #5740, 1000.000000000000000 ) ;
#3971 = CARTESIAN_POINT ( 'NONE',  ( 0.2000000000000022600, 17.50000000000000000, 5.999999999999982200 ) ) ;
#3972 = AXIS2_PLACEMENT_3D ( 'NONE', #9249, #796, #9308 ) ;
#3973 = EDGE_LOOP ( 'NONE', ( #7344, #2575 ) ) ;
#3974 = ADVANCED_FACE ( 'NONE', ( #7610 ), #3749, .F. ) ;
#3975 = EDGE_CURVE ( 'NONE', #6867, #62, #347, .T. ) ;
#3976 = LINE ( 'NONE', #7048, #7114 ) ;
#3977 = CIRCLE ( 'NONE', #3289, 5.749999999999886300 ) ;
#3978 = EDGE_CURVE ( 'NONE', #762, #4998, #9738, .T. ) ;
#3979 = CARTESIAN_POINT ( 'NONE',  ( 6.501000000000001200, -18.91510639674015300, -18.91510639674014300 ) ) ;
#3980 = CIRCLE ( 'NONE', #9464, 33.44721359549987500 ) ;
#3981 = CARTESIAN_POINT ( 'NONE',  ( -1.999999999871762400, -6.250000000000000000, -2.282095908992510600E-014 ) ) ;
#3982 = DIRECTION ( 'NONE',  ( -1.000000000000000000, -0.0000000000000000000, -0.0000000000000000000 ) ) ;
#3983 = CARTESIAN_POINT ( 'NONE',  ( 6.400000000000034100, -7.234226640870709900, 32.27780730642924600 ) ) ;
#3984 = CARTESIAN_POINT ( 'NONE',  ( 0.1000000000000009100, 25.90000000000000200, 3.644078711698373100 ) ) ;
#3985 = VECTOR ( 'NONE', #9807, 1000.000000000000000 ) ;
#3986 = AXIS2_PLACEMENT_3D ( 'NONE', #2552, #9419, #884 ) ;
#3987 = APPROVAL_ROLE ( '' ) ;
#3988 = ADVANCED_FACE ( 'NONE', ( #9866 ), #2671, .F. ) ;
#3989 = VERTEX_POINT ( 'NONE', #6048 ) ;
#3990 = CARTESIAN_POINT ( 'NONE',  ( 8.999999999997104500, -6.437797285167413000, 2.190496823771686400 ) ) ;
#3991 = CARTESIAN_POINT ( 'NONE',  ( 19.00000000000000000, 0.0000000000000000000, 0.0000000000000000000 ) ) ;
#3992 = CYLINDRICAL_SURFACE ( 'NONE', #9939, 0.9999999999999995600 ) ;
#3993 = ORIENTED_EDGE ( 'NONE', *, *, #2610, .T. ) ;
#3994 = CARTESIAN_POINT ( 'NONE',  ( 20.00000000000006000, -8.988153773475223900, 10.08134288364641900 ) ) ;
#3995 = CARTESIAN_POINT ( 'NONE',  ( 2.999999999999999100, 10.60660171779823100, 11.85660171779819000 ) ) ;
#3996 = CARTESIAN_POINT ( 'NONE',  ( 24.00000000000006400, 19.16773975851183200, -22.86939548388913900 ) ) ;
#3997 = ADVANCED_FACE ( 'NONE', ( #2428, #5563 ), #651, .T. ) ;
#3998 = EDGE_CURVE ( 'NONE', #2073, #6792, #1819, .T. ) ;
#3999 = B_SPLINE_CURVE_WITH_KNOTS ( 'NONE', 3,
 ( #8481, #7613, #3766, #7706 ),
 .UNSPECIFIED., .F., .F.,
 ( 4, 4 ),
 ( 0.0000000000000000000, 1.000000000000000000 ),
 .UNSPECIFIED. ) ;
#4000 = EDGE_CURVE ( 'NONE', #8529, #7242, #3150, .T. ) ;
#4001 = LINE ( 'NONE', #5315, #7997 ) ;
#4002 = CARTESIAN_POINT ( 'NONE',  ( 19.40000000000003400, 8.232921005618461400, 32.47260433808023100 ) ) ;
#4003 = CARTESIAN_POINT ( 'NONE',  ( 0.5000000000000014400, -21.91510639674015000, -18.91510639674014300 ) ) ;
#4004 = ORIENTED_EDGE ( 'NONE', *, *, #1053, .T. ) ;
#4005 = CARTESIAN_POINT ( 'NONE',  ( 24.00000000000006000, -11.54999999999995500, 2.281828791003591300E-015 ) ) ;
#4006 = DIRECTION ( 'NONE',  ( -1.000000000000000000, -0.0000000000000000000, -0.0000000000000000000 ) ) ;
#4007 = CIRCLE ( 'NONE', #9739, 2.999999999999999100 ) ;
#4008 = CARTESIAN_POINT ( 'NONE',  ( -1.083591164133291400, -5.263738473012368000, -0.1877668349369079900 ) ) ;
#4009 = ORIENTED_EDGE ( 'NONE', *, *, #9745, .F. ) ;
#4010 = AXIS2_PLACEMENT_3D ( 'NONE', #7688, #4619, #7722 ) ;
#4011 = VERTEX_POINT ( 'NONE', #9949 ) ;
#4012 = VERTEX_POINT ( 'NONE', #6147 ) ;
#4013 = ORIENTED_EDGE ( 'NONE', *, *, #9978, .F. ) ;
#4014 = CC_DESIGN_PERSON_AND_ORGANIZATION_ASSIGNMENT ( #781, #6225, ( #9227 ) ) ;
#4015 = EDGE_LOOP ( 'NONE', ( #5114, #9036, #5950, #9511 ) ) ;
#4016 = DIRECTION ( 'NONE',  ( 0.0000000000000000000, -1.000000000000000000, 0.0000000000000000000 ) ) ;
#4017 = DIRECTION ( 'NONE',  ( 0.0000000000000000000, -0.6423556150033356000, 0.7664067222263166700 ) ) ;
#4018 = EDGE_CURVE ( 'NONE', #6591, #1726, #6276, .T. ) ;
#4019 = CARTESIAN_POINT ( 'NONE',  ( 2.480624847486558400, 0.0000000000000000000, -32.99999999999982900 ) ) ;
#4020 = CARTESIAN_POINT ( 'NONE',  ( 6.400000000000033200, 0.5523157345650305800, 33.01422896795825300 ) ) ;
#4021 = VERTEX_POINT ( 'NONE', #8393 ) ;
#4022 = ORIENTED_EDGE ( 'NONE', *, *, #1570, .T. ) ;
#4023 = ORIENTED_EDGE ( 'NONE', *, *, #8765, .T. ) ;
#4024 = ORIENTED_EDGE ( 'NONE', *, *, #1381, .T. ) ;
#4025 = CARTESIAN_POINT ( 'NONE',  ( 1.699999999999999700, 1.040949779275250100E-016, 0.0000000000000000000 ) ) ;
#4026 = VERTEX_POINT ( 'NONE', #2304 ) ;
#4027 = DIRECTION ( 'NONE',  ( 0.0000000000000000000, -1.000000000000000000, 0.0000000000000000000 ) ) ;
#4028 = PERSON_AND_ORGANIZATION_ROLE ( 'creator' ) ;
#4029 = CARTESIAN_POINT ( 'NONE',  ( 8.999999999997104500, -5.225868010313603500, 4.350980707514130700 ) ) ;
#4030 = CARTESIAN_POINT ( 'NONE',  ( 1.000000000128238300, 1.418754651221642900, 8.380822503051915000 ) ) ;
#4031 = ADVANCED_FACE ( 'NONE', ( #99 ), #1200, .F. ) ;
#4032 = CARTESIAN_POINT ( 'NONE',  ( 20.00000000000005700, -13.41866345474445900, -1.480828457426679700 ) ) ;
#4033 = CARTESIAN_POINT ( 'NONE',  ( 19.40000000000003400, 15.83293912110544500, -28.95428247710151800 ) ) ;
#4034 = DIRECTION ( 'NONE',  ( 1.000000000000000000, 0.0000000000000000000, 0.0000000000000000000 ) ) ;
#4035 = FACE_OUTER_BOUND ( 'NONE', #4620, .T. ) ;
#4036 = CARTESIAN_POINT ( 'NONE',  ( 1.200000000000000000, 26.50000000000000400, 5.999999999999997300 ) ) ;
#4037 = ORIENTED_EDGE ( 'NONE', *, *, #4168, .T. ) ;
#4038 = AXIS2_PLACEMENT_3D ( 'NONE', #3477, #288, #9512 ) ;
#4039 = CARTESIAN_POINT ( 'NONE',  ( 21.38196601125016400, 21.19773529511000000, -25.29142183346836200 ) ) ;
#4040 = LOCAL_TIME ( 11, 40, 0.0000000000000000000, #7422 ) ;
#4041 = FACE_OUTER_BOUND ( 'NONE', #8475, .T. ) ;
#4042 = EDGE_CURVE ( 'NONE', #7595, #4129, #5682, .T. ) ;
#4043 = ADVANCED_FACE ( 'NONE', ( #9377 ), #1937, .F. ) ;
#4044 = DIRECTION ( 'NONE',  ( 1.000000000000000000, 6.071532165918827900E-018, 5.551115123125788900E-017 ) ) ;
#4045 = ORIENTED_EDGE ( 'NONE', *, *, #2748, .F. ) ;
#4046 = ADVANCED_FACE ( 'NONE', ( #3622 ), #2369, .F. ) ;
#4047 = CARTESIAN_POINT ( 'NONE',  ( 1.892869739333573200, 67.73217434833361500, 33.86608717416680700 ) ) ;
#4048 = CARTESIAN_POINT ( 'NONE',  ( 2.000000000128237900, 4.365669383646813900E-014, -5.250000000000001800 ) ) ;
#4049 = CARTESIAN_POINT ( 'NONE',  ( 19.40000000000003400, -32.48828084704143000, 8.170837855122496100 ) ) ;
#4050 = COORDINATED_UNIVERSAL_TIME_OFFSET ( 8, 0, .AHEAD. ) ;
#4051 = CARTESIAN_POINT ( 'NONE',  ( 6.400000000000033200, 8.048890488622067400, 32.00337976094059700 ) ) ;
#4052 = EDGE_LOOP ( 'NONE', ( #4365, #6319, #2205, #882 ) ) ;
#4053 = EDGE_LOOP ( 'NONE', ( #7946, #6098 ) ) ;
#4054 = CARTESIAN_POINT ( 'NONE',  ( 0.0000000000000000000, 18.91510639673938200, -20.16510639674099500 ) ) ;
#4055 = DIRECTION ( 'NONE',  ( -1.000000000000000000, -6.433850380576233000E-018, -7.306477388576947100E-017 ) ) ;
#4056 = EDGE_CURVE ( 'NONE', #9916, #8322, #5800, .T. ) ;
#4057 = AXIS2_PLACEMENT_3D ( 'NONE', #4611, #5354, #7032 ) ;
#4058 = CARTESIAN_POINT ( 'NONE',  ( 1.000000000128238800, 8.499967583597086900, 0.5195487044035881400 ) ) ;
#4059 = CARTESIAN_POINT ( 'NONE',  ( 1.000000000128238500, 0.0000000000000000000, 0.0000000000000000000 ) ) ;
#4060 = DIRECTION ( 'NONE',  ( 1.000000000000000000, 0.0000000000000000000, 0.0000000000000000000 ) ) ;
#4061 = AXIS2_PLACEMENT_3D ( 'NONE', #3554, #367, #5785 ) ;
#4062 = DIRECTION ( 'NONE',  ( -1.000000000000000000, -0.0000000000000000000, -0.0000000000000000000 ) ) ;
#4063 = CARTESIAN_POINT ( 'NONE',  ( 1.299999999997001800, 16.86094788897911200, 14.13182353007320400 ) ) ;
#4064 = VECTOR ( 'NONE', #1661, 1000.000000000000000 ) ;
#4065 = CARTESIAN_POINT ( 'NONE',  ( 1.000000000128238500, 0.0000000000000000000, 11.50000000000000200 ) ) ;
#4066 = DIRECTION ( 'NONE',  ( -0.0000000000000000000, 0.0000000000000000000, -1.000000000000000000 ) ) ;
#4067 = DIRECTION ( 'NONE',  ( 0.0000000000000000000, 0.0000000000000000000, -1.000000000000000000 ) ) ;
#4068 = AXIS2_PLACEMENT_3D ( 'NONE', #7442, #9038, #6631 ) ;
#4069 = CARTESIAN_POINT ( 'NONE',  ( 5.999999999999998200, 29.07318352021326600, -4.999999999999999100 ) ) ;
#4070 = DIRECTION ( 'NONE',  ( 0.0000000000000000000, 0.0000000000000000000, -1.000000000000000000 ) ) ;
#4071 = VERTEX_POINT ( 'NONE', #9257 ) ;
#4072 = CIRCLE ( 'NONE', #5281, 0.9999999999999995600 ) ;
#4073 = ADVANCED_FACE ( 'NONE', ( #4945 ), #8505, .F. ) ;
#4074 = AXIS2_PLACEMENT_3D ( 'NONE', #1433, #9893, #3722 ) ;
#4075 = VECTOR ( 'NONE', #9290, 1000.000000000000100 ) ;
#4076 = CARTESIAN_POINT ( 'NONE',  ( -1.100000000000000100, 0.0000000000000000000, 0.0000000000000000000 ) ) ;
#4077 = CARTESIAN_POINT ( 'NONE',  ( 24.00000000000006000, -18.96738926836105000, 22.63035349707299200 ) ) ;
#4078 = CARTESIAN_POINT ( 'NONE',  ( 19.40000000000003100, -33.45550124224134000, 1.726456271132288800 ) ) ;
#4079 = CARTESIAN_POINT ( 'NONE',  ( 6.400000000000033200, 17.26305544268266000, 28.19683909415985900 ) ) ;
#4080 = OPEN_SHELL ( 'NONE', ( #5058, #1099, #9243, #4123, #324, #7383, #4653, #31, #7910, #6255, #1729, #6367, #6305, #948, #4790, #2735, #1203, #2475, #3178, #7013, #958, #7804, #492, #8690, #4830, #280, #7181, #7167, #2488, #4679, #4043, #7914, #4183, #8502, #935, #3387, #8774, #1711, #7227, #2541, #4087 ) ) ;
#4081 = ORIENTED_EDGE ( 'NONE', *, *, #9536, .T. ) ;
#4082 = FACE_BOUND ( 'NONE', #6427, .T. ) ;
#4083 = FACE_BOUND ( 'NONE', #7560, .T. ) ;
#4084 = CARTESIAN_POINT ( 'NONE',  ( 0.0000000000000000000, 15.55634918610326000, -14.30634918610303600 ) ) ;
#4085 = AXIS2_PLACEMENT_3D ( 'NONE', #9708, #7460, #1965 ) ;
#4086 =( REPRESENTATION_RELATIONSHIP ('NONE','NONE', #6585, #9977 ) REPRESENTATION_RELATIONSHIP_WITH_TRANSFORMATION ( #2855 )SHAPE_REPRESENTATION_RELATIONSHIP( ) );
#4087 = ADVANCED_FACE ( 'NONE', ( #7000, #9497 ), #8561, .T. ) ;
#4088 = CARTESIAN_POINT ( 'NONE',  ( 8.999999999997104500, 1.951476053500248700, -6.514418231913107400 ) ) ;
#4089 = CARTESIAN_POINT ( 'NONE',  ( 1.000000000128238500, 5.142155221136647500, 6.793583944549297400 ) ) ;
#4090 = CARTESIAN_POINT ( 'NONE',  ( 20.00000000000005700, -6.524056575700253500, -11.81894376830637800 ) ) ;
#4091 = CARTESIAN_POINT ( 'NONE',  ( 21.00000000000006400, 12.70689951178998800, 27.18450354443566400 ) ) ;
#4092 = CARTESIAN_POINT ( 'NONE',  ( 23.78885438199990800, -66.17362661430610200, -15.76801068462566800 ) ) ;
#4093 = CIRCLE ( 'NONE', #8679, 2.500000000000000000 ) ;
#4094 = CIRCLE ( 'NONE', #4061, 17.99999999999990100 ) ;
#4095 = ADVANCED_FACE ( 'NONE', ( #2917 ), #8791, .T. ) ;
#4096 = CARTESIAN_POINT ( 'NONE',  ( 0.4999999999881765700, 18.91510639674002500, 18.91510639674027400 ) ) ;
#4097 = LINE ( 'NONE', #6711, #5190 ) ;
#4098 = EDGE_CURVE ( 'NONE', #5659, #8984, #8106, .T. ) ;
#4099 = DIRECTION ( 'NONE',  ( 1.000000000000000000, 0.0000000000000000000, 0.0000000000000000000 ) ) ;
#4100 = ORIENTED_EDGE ( 'NONE', *, *, #9111, .T. ) ;
#4101 = DIRECTION ( 'NONE',  ( -1.000000000000000000, -6.123233995736766000E-017, -0.0000000000000000000 ) ) ;
#4102 = CARTESIAN_POINT ( 'NONE',  ( -1.099999999832333800, -5.249999999994771300, -1.874839383578208200E-014 ) ) ;
#4103 = CIRCLE ( 'NONE', #2553, 0.5000000000000004400 ) ;
#4104 = CIRCLE ( 'NONE', #2584, 1.250000000000001100 ) ;
#4105 = CARTESIAN_POINT ( 'NONE',  ( 0.2000000000000017300, 20.46667702163212600, -3.998403685112363000 ) ) ;
#4106 = VECTOR ( 'NONE', #9203, 1000.000000000000000 ) ;
#4107 = ORIENTED_EDGE ( 'NONE', *, *, #3826, .F. ) ;
#4108 = ORIENTED_EDGE ( 'NONE', *, *, #5520, .F. ) ;
#4109 = EDGE_CURVE ( 'NONE', #6167, #2697, #3980, .T. ) ;
#4110 = DIRECTION ( 'NONE',  ( 1.000000000000000000, -0.0000000000000000000, -0.0000000000000000000 ) ) ;
#4111 = CARTESIAN_POINT ( 'NONE',  ( 19.40000000000003400, -30.28418077765133300, -14.40407497467107900 ) ) ;
#4112 = LINE ( 'NONE', #5726, #1827 ) ;
#4113 = CARTESIAN_POINT ( 'NONE',  ( 1.000000000128239000, -5.142155221133918100, -6.793583944551084400 ) ) ;
#4114 = CARTESIAN_POINT ( 'NONE',  ( 6.400000000000036800, 32.27780730637618200, 7.234226641017234400 ) ) ;
#4115 = EDGE_LOOP ( 'NONE', ( #2547, #5211, #3952, #4924 ) ) ;
#4116 = LINE ( 'NONE', #1176, #3162 ) ;
#4117 = VERTEX_POINT ( 'NONE', #5438 ) ;
#4118 = CARTESIAN_POINT ( 'NONE',  ( 0.2000000000000018200, 19.96667702163212600, -2.583431450670379100E-015 ) ) ;
#4119 = AXIS2_PLACEMENT_3D ( 'NONE', #400, #7362, #9651 ) ;
#4120 = DIRECTION ( 'NONE',  ( 0.0000000000000000000, 0.0000000000000000000, 1.000000000000000000 ) ) ;
#4121 = PLANE ( 'NONE',  #3103 ) ;
#4122 = CARTESIAN_POINT ( 'NONE',  ( 1.000000000128239000, 5.072886587587264600, -6.823084891242739800 ) ) ;
#4123 = ADVANCED_FACE ( 'NONE', ( #1582 ), #9614, .T. ) ;
#4124 = CARTESIAN_POINT ( 'NONE',  ( 20.00000000000006400, -8.635570435991219500, -10.37677953702323900 ) ) ;
#4126 = ORIENTED_EDGE ( 'NONE', *, *, #5890, .F. ) ;
#4125 = CARTESIAN_POINT ( 'NONE',  ( 21.00000000000006800, 13.89327792350156800, 26.58958515892684500 ) ) ;
#4127 = DIRECTION ( 'NONE',  ( 0.0000000000000000000, 0.0000000000000000000, -1.000000000000000000 ) ) ;
#4128 = VERTEX_POINT ( 'NONE', #842 ) ;
#4129 = VERTEX_POINT ( 'NONE', #6182 ) ;
#4130 = EDGE_CURVE ( 'NONE', #4117, #1102, #6040, .T. ) ;
#4131 = CARTESIAN_POINT ( 'NONE',  ( -1.099999999866668700, 2.666344244948812400, 3.931850753080662600 ) ) ;
#4132 = CARTESIAN_POINT ( 'NONE',  ( 1.299999999997001800, -9.635334225049955800, 11.49610083339481500 ) ) ;
#4133 = SHAPE_REPRESENTATION ( 'PM6010-C', ( #8230 ), #7694 ) ;
#4134 = DIRECTION ( 'NONE',  ( -1.000000000000000000, -0.0000000000000000000, -0.0000000000000000000 ) ) ;
#4135 = PLANE ( 'NONE',  #9785 ) ;
#4136 = ORIENTED_EDGE ( 'NONE', *, *, #4109, .F. ) ;
#4137 = EDGE_LOOP ( 'NONE', ( #1328, #1213, #3728, #5603 ) ) ;
#4138 = VERTEX_POINT ( 'NONE', #6277 ) ;
#4139 = ORIENTED_EDGE ( 'NONE', *, *, #3596, .F. ) ;
#4140 = CARTESIAN_POINT ( 'NONE',  ( 6.399999999999979000, -15.55634918610412000, 16.80634918610461200 ) ) ;
#4141 = ADVANCED_FACE ( 'NONE', ( #5437 ), #3030, .T. ) ;
#4142 = CYLINDRICAL_SURFACE ( 'NONE', #9145, 1.499999999999990900 ) ;
#4143 = ADVANCED_FACE ( 'NONE', ( #841 ), #7864, .F. ) ;
#4144 = EDGE_LOOP ( 'NONE', ( #6112, #5546, #3637, #7758 ) ) ;
#4145 = CARTESIAN_POINT ( 'NONE',  ( -1.099999999866668300, -2.873434326883817800, 3.796514326861172500 ) ) ;
#4146 = DIRECTION ( 'NONE',  ( 0.0000000000000000000, 0.0000000000000000000, -1.000000000000000000 ) ) ;
#4147 = CARTESIAN_POINT ( 'NONE',  ( 19.40000000000003400, -32.76686362519318900, -7.343841400126874100 ) ) ;
#4148 = EDGE_CURVE ( 'NONE', #5488, #4820, #8560, .T. ) ;
#4149 = ORIENTED_EDGE ( 'NONE', *, *, #4200, .F. ) ;
#4150 = CARTESIAN_POINT ( 'NONE',  ( 1.000000000128238500, -1.817580703120676100, -8.307983328476549200 ) ) ;
#4151 = EDGE_CURVE ( 'NONE', #8733, #7062, #1331, .T. ) ;
#4152 = PLANE ( 'NONE',  #3940 ) ;
#4153 = CYLINDRICAL_SURFACE ( 'NONE', #5749, 1.250000000000002900 ) ;
#4154 = ORIENTED_EDGE ( 'NONE', *, *, #3303, .F. ) ;
#4155 = CARTESIAN_POINT ( 'NONE',  ( 0.1000000000000017800, 19.96667702163212600, 3.644078711698373500 ) ) ;
#4156 = APPROVAL_ROLE ( '' ) ;
#4157 = ORIENTED_EDGE ( 'NONE', *, *, #4662, .F. ) ;
#4158 = CARTESIAN_POINT ( 'NONE',  ( 8.999999999997101000, 2.352116895766888800, -6.384068548201979000 ) ) ;
#4159 = CARTESIAN_POINT ( 'NONE',  ( 1.000000000128239000, 7.807809836554171500, 3.361156064153205200 ) ) ;
#4160 = CARTESIAN_POINT ( 'NONE',  ( 1.200000000000000000, 26.49999999999998600, -8.000000000000003600 ) ) ;
#4161 = CARTESIAN_POINT ( 'NONE',  ( 20.00000000000006800, -7.734291965257920500, -11.08010299841272500 ) ) ;
#4162 = CARTESIAN_POINT ( 'NONE',  ( -2.168404344971008400E-016, 12.44442691128914200, 28.57479347303439400 ) ) ;
#4163 = CARTESIAN_POINT ( 'NONE',  ( -1.099999999866668700, 4.443751841985530900, 1.678102951178644500 ) ) ;
#4164 = VERTEX_POINT ( 'NONE', #9321 ) ;
#4165 = AXIS2_PLACEMENT_3D ( 'NONE', #5218, #4428, #550 ) ;
#4166 = DIRECTION ( 'NONE',  ( 1.000000000000000000, 6.071532165918827900E-018, 5.551115123125788900E-017 ) ) ;
#4167 = CARTESIAN_POINT ( 'NONE',  ( 0.2000000000000011800, 24.40000000000000200, 3.644078711698373500 ) ) ;
#4168 = EDGE_CURVE ( 'NONE', #7252, #5174, #7726, .T. ) ;
#4169 = CIRCLE ( 'NONE', #4591, 1.249999999999999300 ) ;
#4170 = VERTEX_POINT ( 'NONE', #1788 ) ;
#4171 = DIRECTION ( 'NONE',  ( -1.000000000000000000, -0.0000000000000000000, -0.0000000000000000000 ) ) ;
#4172 = CARTESIAN_POINT ( 'NONE',  ( 1.500000000000029100, 0.0000000000000000000, -31.50000000000000700 ) ) ;
#4173 = DIRECTION ( 'NONE',  ( -1.000000000000000000, -6.071532165918827900E-018, -5.551115123125788900E-017 ) ) ;
#4174 = CARTESIAN_POINT ( 'NONE',  ( 19.40000000000002700, 28.62416879286658400, -17.52446614351518100 ) ) ;
#4175 = CARTESIAN_POINT ( 'NONE',  ( 1.000000000128239000, -7.807809836555617400, -3.361156064150996300 ) ) ;
#4176 = AXIS2_PLACEMENT_3D ( 'NONE', #4635, #9996, #6958 ) ;
#4177 = DIRECTION ( 'NONE',  ( -4.248195126861483300E-017, 0.0000000000000000000, 1.000000000000000000 ) ) ;
#4178 = VECTOR ( 'NONE', #3710, 1000.000000000000000 ) ;
#4179 = CARTESIAN_POINT ( 'NONE',  ( 5.000000000000000000, 9.024091943764368300, -10.38103027596428000 ) ) ;
#4180 = EDGE_CURVE ( 'NONE', #8395, #9740, #9081, .T. ) ;
#4181 = EDGE_CURVE ( 'NONE', #6792, #8408, #7118, .T. ) ;
#4182 = ORIENTED_EDGE ( 'NONE', *, *, #1402, .T. ) ;
#4183 = ADVANCED_FACE ( 'NONE', ( #4450 ), #6395, .F. ) ;
#4184 = AXIS2_PLACEMENT_3D ( 'NONE', #4436, #5192, #9000 ) ;
#4185 = CARTESIAN_POINT ( 'NONE',  ( 1.000000000128238300, 3.064629149131539600, 7.928379597049131500 ) ) ;
#4186 = CARTESIAN_POINT ( 'NONE',  ( -1.999999999871762400, 4.353422915655340400E-014, -6.250000000000000900 ) ) ;
#4187 = VECTOR ( 'NONE', #6981, 1000.000000000000000 ) ;
#4188 = CARTESIAN_POINT ( 'NONE',  ( 20.00000000000006400, 1.480828457428446700, -13.41866345474443500 ) ) ;
#4189 = CARTESIAN_POINT ( 'NONE',  ( 21.00000000000007100, -3.673718206421814300, 29.77428083519399800 ) ) ;
#4190 = CARTESIAN_POINT ( 'NONE',  ( -2.168404344971008900E-016, 25.54745178252607500, 17.82507279708733300 ) ) ;
#4191 = CIRCLE ( 'NONE', #8897, 0.5000000000000004400 ) ;
#4192 = AXIS2_PLACEMENT_3D ( 'NONE', #3520, #8190, #2859 ) ;
#4193 = DIRECTION ( 'NONE',  ( 0.0000000000000000000, 0.0000000000000000000, -1.000000000000000000 ) ) ;
#4194 = ORIENTED_EDGE ( 'NONE', *, *, #9173, .F. ) ;
#4195 = DIRECTION ( 'NONE',  ( 0.0000000000000000000, 0.0000000000000000000, -1.000000000000000000 ) ) ;
#4196 = DIRECTION ( 'NONE',  ( -1.000000000000000000, -0.0000000000000000000, -0.0000000000000000000 ) ) ;
#4197 = LINE ( 'NONE', #6173, #6258 ) ;
#4198 = CC_DESIGN_DATE_AND_TIME_ASSIGNMENT ( #7056, #54, ( #9716 ) ) ;
#4199 = CARTESIAN_POINT ( 'NONE',  ( 2.999999999999998200, 23.50000000000000700, -5.000000000000000900 ) ) ;
#4200 = EDGE_CURVE ( 'NONE', #9398, #6167, #590, .T. ) ;
#4201 = DIRECTION ( 'NONE',  ( -1.000000000000000000, -0.0000000000000000000, -0.0000000000000000000 ) ) ;
#4202 = ORIENTED_EDGE ( 'NONE', *, *, #1390, .F. ) ;
#4203 = LINE ( 'NONE', #7720, #9854 ) ;
#4204 = DIRECTION ( 'NONE',  ( 1.000000000000000000, 6.123233995736766000E-017, -0.0000000000000000000 ) ) ;
#4205 = CARTESIAN_POINT ( 'NONE',  ( 2.999999999999999600, -2.143131898507868500E-016, 0.0000000000000000000 ) ) ;
#4206 = VECTOR ( 'NONE', #826, 1000.000000000000000 ) ;
#4207 = CARTESIAN_POINT ( 'NONE',  ( 19.40000000000003400, -8.170843217559243100, -32.48827950918594400 ) ) ;
#4208 = CARTESIAN_POINT ( 'NONE',  ( 1.000000000128238300, -3.395722105695085300, -7.797549277625059000 ) ) ;
#4209 = ORIENTED_EDGE ( 'NONE', *, *, #4279, .F. ) ;
#4210 = ORIENTED_EDGE ( 'NONE', *, *, #2274, .F. ) ;
#4211 = CARTESIAN_POINT ( 'NONE',  ( 0.0000000000000000000, 21.50000000000000000, 2.999999999999992900 ) ) ;
#4212 = FACE_OUTER_BOUND ( 'NONE', #2573, .T. ) ;
#4213 = CIRCLE ( 'NONE', #5486, 33.44721359549987500 ) ;
#4214 = LINE ( 'NONE', #3944, #5202 ) ;
#4215 = AXIS2_PLACEMENT_3D ( 'NONE', #5496, #9225, #2437 ) ;
#4216 = CARTESIAN_POINT ( 'NONE',  ( 0.1000000000000017000, 20.46667702163212600, -2.581566074340896200E-015 ) ) ;
#4217 = CARTESIAN_POINT ( 'NONE',  ( 21.00000000000006400, 14.86494455990107800, -26.05828519784812200 ) ) ;
#4218 = DIRECTION ( 'NONE',  ( 1.000000000000000000, 0.0000000000000000000, 0.0000000000000000000 ) ) ;
#4219 = CARTESIAN_POINT ( 'NONE',  ( 6.500999999999997700, 17.41510639674003300, 18.91510639674027400 ) ) ;
#4220 = CARTESIAN_POINT ( 'NONE',  ( -2.168404344971008900E-016, 10.64090942213850800, 29.27730359990190200 ) ) ;
#4221 = FACE_OUTER_BOUND ( 'NONE', #1368, .T. ) ;
#4222 = EDGE_CURVE ( 'NONE', #1853, #4071, #3139, .T. ) ;
#4223 = CARTESIAN_POINT ( 'NONE',  ( 2.171492092158872300, -67.99999999999965900, -33.99999999999981500 ) ) ;
#4224 = DIRECTION ( 'NONE',  ( -1.807003620809172400E-016, 1.000000000000000000, 0.0000000000000000000 ) ) ;
#4225 = ORIENTED_EDGE ( 'NONE', *, *, #1100, .T. ) ;
#4226 = CARTESIAN_POINT ( 'NONE',  ( 6.499999999999998200, 23.50000000000000000, -3.000000000000000000 ) ) ;
#4227 = DIRECTION ( 'NONE',  ( 0.0000000000000000000, 0.0000000000000000000, 1.000000000000000000 ) ) ;
#4228 = CIRCLE ( 'NONE', #985, 1.249999999999999300 ) ;
#4229 = VERTEX_POINT ( 'NONE', #8251 ) ;
#4230 = CARTESIAN_POINT ( 'NONE',  ( 19.00000000000000000, 2.143131898507848100E-015, -16.99999999999977300 ) ) ;
#4231 = DIRECTION ( 'NONE',  ( -1.000000000000000000, -1.807003620762058600E-017, 0.0000000000000000000 ) ) ;
#4232 = ADVANCED_FACE ( 'NONE', ( #9488 ), #9856, .T. ) ;
#4233 = AXIS2_PLACEMENT_3D ( 'NONE', #1861, #1926, #248 ) ;
#4234 = ORIENTED_EDGE ( 'NONE', *, *, #9458, .F. ) ;
#4235 = VERTEX_POINT ( 'NONE', #3677 ) ;
#4236 = DIRECTION ( 'NONE',  ( 1.000000000000000000, 0.0000000000000000000, 0.0000000000000000000 ) ) ;
#4237 = VERTEX_POINT ( 'NONE', #9844 ) ;
#4238 = ADVANCED_FACE ( 'NONE', ( #3855 ), #6036, .T. ) ;
#4239 = CARTESIAN_POINT ( 'NONE',  ( 19.40000000000003800, 4.778138385108097600, -33.15757583399565100 ) ) ;
#4240 = CARTESIAN_POINT ( 'NONE',  ( 1.000000000128238800, -8.213537217114556200, 2.218516657055261900 ) ) ;
#4241 = CARTESIAN_POINT ( 'NONE',  ( 6.400000000000035900, -22.86234902414629700, 23.79735449051871000 ) ) ;
#4242 = VERTEX_POINT ( 'NONE', #9010 ) ;
#4243 = ORIENTED_EDGE ( 'NONE', *, *, #6293, .F. ) ;
#4244 = EDGE_LOOP ( 'NONE', ( #5585, #2825, #1823, #6562, #7010, #2193, #5780, #6138 ) ) ;
#4245 = ORIENTED_EDGE ( 'NONE', *, *, #8677, .T. ) ;
#4246 = DIRECTION ( 'NONE',  ( 1.000000000000000000, 0.0000000000000000000, -0.0000000000000000000 ) ) ;
#4247 = ORIENTED_EDGE ( 'NONE', *, *, #4431, .T. ) ;
#4248 = AXIS2_PLACEMENT_3D ( 'NONE', #2033, #5074, #1970 ) ;
#4249 = DIRECTION ( 'NONE',  ( 1.000000000000000000, 1.679403124341539000E-016, -1.865376329483173100E-017 ) ) ;
#4250 = CARTESIAN_POINT ( 'NONE',  ( 1.000000000128238500, 0.0000000000000000000, -8.500000000000000000 ) ) ;
#4251 = DIRECTION ( 'NONE',  ( -1.000000000000000000, -0.0000000000000000000, -0.0000000000000000000 ) ) ;
#4252 = CARTESIAN_POINT ( 'NONE',  ( 21.00000000000006400, 26.59368771530141400, 13.91844341208733500 ) ) ;
#4253 = CARTESIAN_POINT ( 'NONE',  ( -2.168404344971008900E-016, 25.99802946668751200, 17.15752963061748200 ) ) ;
#4254 = AXIS2_PLACEMENT_3D ( 'NONE', #1434, #5252, #614 ) ;
#4255 = CIRCLE ( 'NONE', #6582, 1.499999999999990900 ) ;
#4256 = ORIENTED_EDGE ( 'NONE', *, *, #7079, .F. ) ;
#4257 = ORIENTED_EDGE ( 'NONE', *, *, #9337, .T. ) ;
#4258 = AXIS2_PLACEMENT_3D ( 'NONE', #3235, #4804, #172 ) ;
#4259 = VERTEX_POINT ( 'NONE', #1420 ) ;
#4260 = DIRECTION ( 'NONE',  ( -1.000000000000000000, -0.0000000000000000000, -0.0000000000000000000 ) ) ;
#4261 = DIRECTION ( 'NONE',  ( -6.123233995736766000E-017, 1.000000000000000000, 0.0000000000000000000 ) ) ;
#4262 = DIRECTION ( 'NONE',  ( -1.000000000000000000, -6.123233995736766000E-017, -0.0000000000000000000 ) ) ;
#4263 = AXIS2_PLACEMENT_3D ( 'NONE', #2068, #5073, #5979 ) ;
#4264 = FACE_BOUND ( 'NONE', #8914, .T. ) ;
#4265 = DIRECTION ( 'NONE',  ( -1.000000000000000000, -0.0000000000000000000, -0.0000000000000000000 ) ) ;
#4266 = ORIENTED_EDGE ( 'NONE', *, *, #9278, .T. ) ;
#4267 = CARTESIAN_POINT ( 'NONE',  ( -1.099999999866668700, -1.897540504558433000, 4.357489552670837300 ) ) ;
#4268 = CARTESIAN_POINT ( 'NONE',  ( 19.40000000000003400, -8.975263828438359700, -32.27712862230655600 ) ) ;
#4269 = PERSON_AND_ORGANIZATION ( #6260, #2732 ) ;
#4270 = VECTOR ( 'NONE', #866, 999.9999999999998900 ) ;
#4271 = EDGE_CURVE ( 'NONE', #1103, #4625, #5675, .T. ) ;
#4272 = CARTESIAN_POINT ( 'NONE',  ( 1.000000000128238500, -4.773540549320619800, 7.033399776735828700 ) ) ;
#4273 = CARTESIAN_POINT ( 'NONE',  ( 6.400000000000035900, -22.78582833511003300, 23.87063643965184000 ) ) ;
#4274 = AXIS2_PLACEMENT_3D ( 'NONE', #7110, #5572, #2536 ) ;
#4275 = VERTEX_POINT ( 'NONE', #564 ) ;
#4276 = CARTESIAN_POINT ( 'NONE',  ( 3.000000000000000900, -20.41510639674033100, 18.91510639673995400 ) ) ;
#4277 = CARTESIAN_POINT ( 'NONE',  ( 1.500000000000027800, 30.92074932585723300, -6.015917805246576900 ) ) ;
#4278 = LOCAL_TIME ( 11, 40, 0.0000000000000000000, #6344 ) ;
#4279 = EDGE_CURVE ( 'NONE', #2327, #7309, #3614, .T. ) ;
#4280 = CARTESIAN_POINT ( 'NONE',  ( 21.00000000000005700, -0.5687891208725366400, -30.06596234760705500 ) ) ;
#4281 = CARTESIAN_POINT ( 'NONE',  ( 23.31307791393078300, 0.0000000000000000000, 0.0000000000000000000 ) ) ;
#4282 = ORIENTED_EDGE ( 'NONE', *, *, #1731, .F. ) ;
#4283 = CARTESIAN_POINT ( 'NONE',  ( 21.38196601125016400, 1.446218325543067200E-017, 1.322256754782244100E-016 ) ) ;
#4284 = CARTESIAN_POINT ( 'NONE',  ( 21.00000000000006000, 28.72938918303693300, -8.638642429327397600 ) ) ;
#4285 = CARTESIAN_POINT ( 'NONE',  ( -2.168404344971008900E-016, 26.21485713811556900, -16.82438091530537200 ) ) ;
#4286 = ADVANCED_FACE ( 'NONE', ( #7481 ), #2787, .T. ) ;
#4287 = EDGE_LOOP ( 'NONE', ( #4136, #9577, #3783, #5214, #4234, #9806 ) ) ;
#4288 = CARTESIAN_POINT ( 'NONE',  ( 0.0000000000000000000, -1.092875789857602900E-016, 6.249999999999999100 ) ) ;
#4289 = VECTOR ( 'NONE', #2258, 1000.000000000000000 ) ;
#4290 = DIRECTION ( 'NONE',  ( 1.000000000000000000, 6.123233995736766000E-017, 0.0000000000000000000 ) ) ;
#4291 = CARTESIAN_POINT ( 'NONE',  ( -1.999999999871762400, 0.6991244524403330600, 6.965000000000002500 ) ) ;
#4292 = CARTESIAN_POINT ( 'NONE',  ( 6.400000000000035900, -32.95616539879746700, 1.700688185214107100 ) ) ;
#4293 = EDGE_CURVE ( 'NONE', #4304, #5554, #4097, .T. ) ;
#4294 = EDGE_CURVE ( 'NONE', #7908, #6300, #1567, .T. ) ;
#4295 = VERTEX_POINT ( 'NONE', #5236 ) ;
#4296 = CYLINDRICAL_SURFACE ( 'NONE', #1478, 28.50000000000000000 ) ;
#4297 = CIRCLE ( 'NONE', #7183, 0.5000000000000004400 ) ;
#4298 = CARTESIAN_POINT ( 'NONE',  ( 19.40000000000003400, 30.26853721207161400, -13.22909213018173000 ) ) ;
#4299 = CARTESIAN_POINT ( 'NONE',  ( -1.099999999866669000, -5.464378949288014500E-017, -4.749999999999929800 ) ) ;
#4300 = CARTESIAN_POINT ( 'NONE',  ( 19.40000000000004100, 4.918090159604931300, -33.13710004584771000 ) ) ;
#4301 = DIRECTION ( 'NONE',  ( -1.000000000000000000, -6.123233995736766000E-017, -0.0000000000000000000 ) ) ;
#4302 = AXIS2_PLACEMENT_3D ( 'NONE', #5905, #3517, #9744 ) ;
#4303 = CARTESIAN_POINT ( 'NONE',  ( 8.999999999997106300, 4.604675001361055600, 5.005620109790856800 ) ) ;
#4304 = VERTEX_POINT ( 'NONE', #639 ) ;
#4305 = VECTOR ( 'NONE', #7381, 1000.000000000000000 ) ;
#4306 = VECTOR ( 'NONE', #3414, 1000.000000000000000 ) ;
#4307 = CARTESIAN_POINT ( 'NONE',  ( 0.5761821929029670200, 30.16048052493705700, -5.024850692306275200 ) ) ;
#4308 = EDGE_CURVE ( 'NONE', #1774, #7936, #833, .T. ) ;
#4309 = DIRECTION ( 'NONE',  ( -1.865376329483171500E-017, -3.132718835806790300E-033, -1.000000000000000000 ) ) ;
#4310 = ORIENTED_EDGE ( 'NONE', *, *, #2375, .F. ) ;
#4311 = VERTEX_POINT ( 'NONE', #5967 ) ;
#4312 = CARTESIAN_POINT ( 'NONE',  ( 21.00000000000006000, 13.91844341213537500, -26.59368771528066200 ) ) ;
#4313 = CARTESIAN_POINT ( 'NONE',  ( 4.315194346083972000E-015, 62.75701428497708200, 31.37850714248854100 ) ) ;
#4314 = EDGE_LOOP ( 'NONE', ( #7795, #9852, #6790, #3356 ) ) ;
#4315 = CARTESIAN_POINT ( 'NONE',  ( 21.00000000000006000, 28.74835462545058100, -8.575330479198022700 ) ) ;
#4316 = CARTESIAN_POINT ( 'NONE',  ( -2.168404344971008900E-016, 29.57185129595086800, -9.810079758978444500 ) ) ;
#4317 = FACE_OUTER_BOUND ( 'NONE', #4346, .T. ) ;
#4318 = AXIS2_PLACEMENT_3D ( 'NONE', #9367, #4772, #9310 ) ;
#4319 = LINE ( 'NONE', #8300, #3490 ) ;
#4320 = CARTESIAN_POINT ( 'NONE',  ( 1.892869739333573400, 4.147399525748862900E-015, 33.86608717416680700 ) ) ;
#4321 = CARTESIAN_POINT ( 'NONE',  ( 0.0000000000000000000, -6.250000000000000000, -2.282095908992510600E-014 ) ) ;
#4322 = CARTESIAN_POINT ( 'NONE',  ( -1.100000000000000100, -6.250000000000000000, 0.9999999999999768000 ) ) ;
#4323 = DIRECTION ( 'NONE',  ( 0.0000000000000000000, 0.0000000000000000000, -1.000000000000000000 ) ) ;
#4324 = ORIENTED_EDGE ( 'NONE', *, *, #5346, .T. ) ;
#4325 = CARTESIAN_POINT ( 'NONE',  ( 6.400000000000037700, -28.40528955822210800, -16.80140911410367400 ) ) ;
#4326 = LINE ( 'NONE', #2064, #1459 ) ;
#4327 = FACE_OUTER_BOUND ( 'NONE', #8667, .T. ) ;
#4328 = DIRECTION ( 'NONE',  ( 1.000000000000000000, -0.0000000000000000000, -0.0000000000000000000 ) ) ;
#4329 = VECTOR ( 'NONE', #9883, 1000.000000000000000 ) ;
#4330 = EDGE_CURVE ( 'NONE', #9109, #5757, #6505, .T. ) ;
#4331 = DIRECTION ( 'NONE',  ( -1.000000000000000000, -0.0000000000000000000, -0.0000000000000000000 ) ) ;
#4332 = EDGE_CURVE ( 'NONE', #9607, #1575, #5429, .T. ) ;
#4333 = ORIENTED_EDGE ( 'NONE', *, *, #9606, .F. ) ;
#4334 = ORIENTED_EDGE ( 'NONE', *, *, #3920, .T. ) ;
#4335 = CARTESIAN_POINT ( 'NONE',  ( 19.00000000000000000, -15.55634918610482300, -15.55634918610326000 ) ) ;
#4336 = CARTESIAN_POINT ( 'NONE',  ( 19.40000000000003800, 27.73317262422122900, 17.99849866832294900 ) ) ;
#4337 = ADVANCED_FACE ( 'NONE', ( #3377 ), #1069, .F. ) ;
#4338 = CARTESIAN_POINT ( 'NONE',  ( -1.099999999866668300, -4.463624599563824600, -1.625235834243559100 ) ) ;
#4339 = CARTESIAN_POINT ( 'NONE',  ( 0.4999999999881759000, 21.91510639674753600, -18.91510639674008600 ) ) ;
#4340 = CARTESIAN_POINT ( 'NONE',  ( -1.100000000000000100, -6.250000000000000000, -2.282095908992510600E-014 ) ) ;
#4341 = CIRCLE ( 'NONE', #1464, 0.5000000000000004400 ) ;
#4342 = FACE_OUTER_BOUND ( 'NONE', #8307, .T. ) ;
#4343 = CARTESIAN_POINT ( 'NONE',  ( 6.500999999999997700, -10.60660171779819200, 9.356601717799408700 ) ) ;
#4344 = CARTESIAN_POINT ( 'NONE',  ( 8.999999999997106300, 4.867784729416923600, 4.756142723030638600 ) ) ;
#4345 = CIRCLE ( 'NONE', #7898, 32.19999999999984700 ) ;
#4346 = EDGE_LOOP ( 'NONE', ( #1625, #4730, #8290 ) ) ;
#4347 = DIRECTION ( 'NONE',  ( 1.000000000000000000, 0.0000000000000000000, 0.0000000000000000000 ) ) ;
#4348 = LINE ( 'NONE', #3273, #7879 ) ;
#4349 = CARTESIAN_POINT ( 'NONE',  ( 1.900000000133330600, 1.968741208010780000E-016, -2.500000000000000900 ) ) ;
#4350 = CARTESIAN_POINT ( 'NONE',  ( 1.000000000128238500, 2.872663059698823900, -8.004622828340513900 ) ) ;
#4351 = CARTESIAN_POINT ( 'NONE',  ( 0.07589598640058845000, 3.869255639415850200E-015, 31.59486998300062400 ) ) ;
#4352 = DIRECTION ( 'NONE',  ( 0.0000000000000000000, 0.0000000000000000000, 1.000000000000000000 ) ) ;
#4353 = AXIS2_PLACEMENT_3D ( 'NONE', #8360, #1391, #7561 ) ;
#4355 = ORIENTED_EDGE ( 'NONE', *, *, #9155, .F. ) ;
#4354 = CARTESIAN_POINT ( 'NONE',  ( 21.00000000000006000, 28.78507544638226500, -8.451271477089864700 ) ) ;
#4356 = CARTESIAN_POINT ( 'NONE',  ( -2.168404344971008900E-016, 11.49520987123944900, -28.95056051767668800 ) ) ;
#4357 = FACE_BOUND ( 'NONE', #6235, .T. ) ;
#4358 = VERTEX_POINT ( 'NONE', #797 ) ;
#4359 = EDGE_CURVE ( 'NONE', #4539, #8322, #719, .T. ) ;
#4360 = CARTESIAN_POINT ( 'NONE',  ( 6.399999999999979000, -15.55634918610412000, 14.30634918610503600 ) ) ;
#4361 = CARTESIAN_POINT ( 'NONE',  ( 0.2000000000000001800, 28.39797362498134000, -6.632177997966159000 ) ) ;
#4362 = CARTESIAN_POINT ( 'NONE',  ( 2.999999999999999600, -2.143131898507868500E-016, 5.000000000000000900 ) ) ;
#4363 = CARTESIAN_POINT ( 'NONE',  ( 21.38196601125016400, 1.446218325543067200E-017, 1.322256754782244100E-016 ) ) ;
#4364 = DIRECTION ( 'NONE',  ( 1.000000000000000000, 0.0000000000000000000, 0.0000000000000000000 ) ) ;
#4365 = ORIENTED_EDGE ( 'NONE', *, *, #8195, .F. ) ;
#4366 = CARTESIAN_POINT ( 'NONE',  ( 6.400000000000037700, -17.26305544261434800, -28.19683909419502000 ) ) ;
#4367 = ORIENTED_EDGE ( 'NONE', *, *, #8155, .T. ) ;
#4368 = ORIENTED_EDGE ( 'NONE', *, *, #3656, .F. ) ;
#4369 = DIRECTION ( 'NONE',  ( 0.0000000000000000000, 0.0000000000000000000, 1.000000000000000000 ) ) ;
#4370 = DIRECTION ( 'NONE',  ( -1.000000000000000000, -6.071532165918826400E-018, -5.551115123125788900E-017 ) ) ;
#4371 = AXIS2_PLACEMENT_3D ( 'NONE', #7440, #2831, #1334 ) ;
#4372 = CARTESIAN_POINT ( 'NONE',  ( -2.168404344971009400E-016, -5.885151131669519300, 30.58833057110523500 ) ) ;
#4373 = CARTESIAN_POINT ( 'NONE',  ( 19.40000000000003100, 10.49843564186244800, 31.28776521354991000 ) ) ;
#4374 = ORIENTED_EDGE ( 'NONE', *, *, #9251, .F. ) ;
#4375 = VERTEX_POINT ( 'NONE', #6079 ) ;
#4376 = ORIENTED_EDGE ( 'NONE', *, *, #7585, .T. ) ;
#4377 = CARTESIAN_POINT ( 'NONE',  ( -1.099999999866668300, -4.401591234495093400, 1.785741214135863100 ) ) ;
#4378 = CARTESIAN_POINT ( 'NONE',  ( 1.999999999999998200, 17.41510639674003300, 18.91510639674027400 ) ) ;
#4379 = ORIENTED_EDGE ( 'NONE', *, *, #9812, .F. ) ;
#4380 = CARTESIAN_POINT ( 'NONE',  ( 1.000000000131194400, 0.0000000000000000000, 0.0000000000000000000 ) ) ;
#4381 = VERTEX_POINT ( 'NONE', #6914 ) ;
#4382 = EDGE_CURVE ( 'NONE', #6915, #4026, #1322, .T. ) ;
#4383 = CARTESIAN_POINT ( 'NONE',  ( 8.999999999997102800, -0.5709087852109725500, 6.776263401457180500 ) ) ;
#4384 = EDGE_CURVE ( 'NONE', #209, #1805, #4587, .T. ) ;
#4385 = DIRECTION ( 'NONE',  ( 0.0000000000000000000, 0.0000000000000000000, 1.000000000000000000 ) ) ;
#4386 = DIRECTION ( 'NONE',  ( 1.000000000000000000, 6.071532165918827900E-018, 5.551115123125788900E-017 ) ) ;
#4387 = CIRCLE ( 'NONE', #9506, 1.000000000000000200 ) ;
#4388 = AXIS2_PLACEMENT_3D ( 'NONE', #6886, #6926, #2995 ) ;
#4389 = ORIENTED_EDGE ( 'NONE', *, *, #32, .T. ) ;
#4390 = DIRECTION ( 'NONE',  ( -3.771135192754710700E-017, 0.0000000000000000000, 1.000000000000000000 ) ) ;
#4391 = CARTESIAN_POINT ( 'NONE',  ( 21.00000000000006400, -28.33478321408580000, -9.857324339688533500 ) ) ;
#4392 = CARTESIAN_POINT ( 'NONE',  ( 0.1000000000000018700, 19.46667702163212600, -2.521266422548269900E-015 ) ) ;
#4393 = CARTESIAN_POINT ( 'NONE',  ( 21.00000000000006000, 26.58958515892917500, -13.89327792349992800 ) ) ;
#4394 = CARTESIAN_POINT ( 'NONE',  ( -2.168404344971008900E-016, 28.97428516715351800, -11.43528256740201600 ) ) ;
#4395 = SECURITY_CLASSIFICATION ( '', '', #4693 ) ;
#4396 = FACE_OUTER_BOUND ( 'NONE', #5541, .T. ) ;
#4397 = CARTESIAN_POINT ( 'NONE',  ( 20.00000000000006000, 12.11194260129406400, 5.969653420103157700 ) ) ;
#4398 = DIRECTION ( 'NONE',  ( 0.0000000000000000000, 0.0000000000000000000, 1.000000000000000000 ) ) ;
#4399 = ORIENTED_EDGE ( 'NONE', *, *, #2563, .F. ) ;
#4400 = CARTESIAN_POINT ( 'NONE',  ( 0.1500000000000011300, 24.40000000000000200, 4.394078711698372600 ) ) ;
#4401 = CARTESIAN_POINT ( 'NONE',  ( 6.400000000000037700, -3.529965778256600700, -32.81849568267233500 ) ) ;
#4402 = UNCERTAINTY_MEASURE_WITH_UNIT (LENGTH_MEASURE( 1.000000000000000100E-005 ), #6022, 'distance_accuracy_value', 'NONE');
#4403 = DIRECTION ( 'NONE',  ( 0.0000000000000000000, 0.0000000000000000000, 1.000000000000000000 ) ) ;
#4404 = CARTESIAN_POINT ( 'NONE',  ( 19.40000000000003400, -25.36545835038647200, 21.10910961166445100 ) ) ;
#4405 = COORDINATED_UNIVERSAL_TIME_OFFSET ( 8, 0, .AHEAD. ) ;
#4406 = DIRECTION ( 'NONE',  ( 0.0000000000000000000, -0.6423556150033356000, 0.7664067222263166700 ) ) ;
#4407 = ORIENTED_EDGE ( 'NONE', *, *, #4521, .F. ) ;
#4408 = CARTESIAN_POINT ( 'NONE',  ( -2.168404344971008900E-016, -11.58810265469862500, 28.91350601765352100 ) ) ;
#4409 = CARTESIAN_POINT ( 'NONE',  ( 19.40000000000003100, 21.10911803420003400, 25.36545139525292200 ) ) ;
#4410 = CARTESIAN_POINT ( 'NONE',  ( -1.099999999866668500, -1.785741214135461400, -4.401591234495319900 ) ) ;
#4411 = DIRECTION ( 'NONE',  ( 4.031116275487132200E-017, -0.7664067222263167800, -0.6423556150033354900 ) ) ;
#4412 = DIRECTION ( 'NONE',  ( 0.0000000000000000000, -0.6423556150033342700, 0.7664067222263177800 ) ) ;
#4413 = CARTESIAN_POINT ( 'NONE',  ( 8.999999999997106300, 2.353002558701244900, 6.381773608172762700 ) ) ;
#4414 = EDGE_CURVE ( 'NONE', #762, #5845, #9980, .T. ) ;
#4415 = LINE ( 'NONE', #5184, #6821 ) ;
#4416 = EDGE_LOOP ( 'NONE', ( #6667, #1974 ) ) ;
#4417 = ORIENTED_EDGE ( 'NONE', *, *, #1078, .T. ) ;
#4418 = EDGE_CURVE ( 'NONE', #4242, #8807, #7977, .T. ) ;
#4419 = CARTESIAN_POINT ( 'NONE',  ( 21.00000000000006400, -29.77428083519374600, -3.673718206420352400 ) ) ;
#4420 = CARTESIAN_POINT ( 'NONE',  ( -4.336808689942017700E-016, 62.29843788128336300, 31.14921894064167400 ) ) ;
#4421 = FACE_OUTER_BOUND ( 'NONE', #5430, .T. ) ;
#4422 = DIRECTION ( 'NONE',  ( 0.7071067811865536800, -0.7071067811865414700, 1.119486883670150900E-016 ) ) ;
#4423 = CARTESIAN_POINT ( 'NONE',  ( -2.168404344971009400E-016, 10.52675318848242000, -29.33398225629667200 ) ) ;
#4424 = ORIENTED_EDGE ( 'NONE', *, *, #2334, .T. ) ;
#4425 = CARTESIAN_POINT ( 'NONE',  ( 20.00000000000006400, 12.84760346284902100, 4.146071457858488100 ) ) ;
#4426 = DIRECTION ( 'NONE',  ( 1.000000000000000000, 0.0000000000000000000, 0.0000000000000000000 ) ) ;
#4427 = AXIS2_PLACEMENT_3D ( 'NONE', #3991, #3924, #3130 ) ;
#4428 = DIRECTION ( 'NONE',  ( -1.000000000000000000, -0.0000000000000000000, -0.0000000000000000000 ) ) ;
#4429 = FACE_OUTER_BOUND ( 'NONE', #8547, .T. ) ;
#4430 = CARTESIAN_POINT ( 'NONE',  ( 6.400000000000036800, -2.599612139350570700, -32.89941972890964900 ) ) ;
#4431 = EDGE_CURVE ( 'NONE', #9322, #6674, #2164, .T. ) ;
#4432 = LINE ( 'NONE', #4645, #3714 ) ;
#4433 = DIRECTION ( 'NONE',  ( -1.000000000000000000, 0.0000000000000000000, 0.0000000000000000000 ) ) ;
#4434 = DIRECTION ( 'NONE',  ( 1.000000000000000000, 6.071532165918827900E-018, 5.551115123125788900E-017 ) ) ;
#4435 = CARTESIAN_POINT ( 'NONE',  ( -1.099999999866668500, 4.750033701109145100, 0.3018362893892158600 ) ) ;
#4436 = CARTESIAN_POINT ( 'NONE',  ( 0.1000000000000017800, 19.96667702163212600, 3.644078711698373500 ) ) ;
#4437 = ORIENTED_EDGE ( 'NONE', *, *, #6081, .F. ) ;
#4438 = CARTESIAN_POINT ( 'NONE',  ( -2.168404344971008900E-016, -24.89526012690224400, 18.84475682964389900 ) ) ;
#4439 = CARTESIAN_POINT ( 'NONE',  ( 19.40000000000003100, 17.33469914049963700, 28.08954472713216400 ) ) ;
#4440 = CYLINDRICAL_SURFACE ( 'NONE', #7211, 5.749999999999886300 ) ;
#4441 = CARTESIAN_POINT ( 'NONE',  ( -1.099999999866668500, -3.242959681626025800, -3.474580997098357700 ) ) ;
#4442 = VECTOR ( 'NONE', #2293, 1000.000000000000000 ) ;
#4443 = DIRECTION ( 'NONE',  ( 0.0000000000000000000, 0.0000000000000000000, -1.000000000000000000 ) ) ;
#4444 = AXIS2_PLACEMENT_3D ( 'NONE', #2870, #9833, #5260 ) ;
#4445 = CARTESIAN_POINT ( 'NONE',  ( 8.999999999997104500, 2.027949901091472100, 6.490823896606910300 ) ) ;
#4446 = ORIENTED_EDGE ( 'NONE', *, *, #6916, .T. ) ;
#4447 = CARTESIAN_POINT ( 'NONE',  ( 0.5000000000000012200, -18.91510639674015300, -18.91510639674014300 ) ) ;
#4448 = CYLINDRICAL_SURFACE ( 'NONE', #477, 8.000000000000000000 ) ;
#4449 = EDGE_CURVE ( 'NONE', #3216, #2297, #2413, .T. ) ;
#4450 = FACE_OUTER_BOUND ( 'NONE', #3398, .T. ) ;
#4451 = AXIS2_PLACEMENT_3D ( 'NONE', #7515, #8970, #2042 ) ;
#4452 = ORIENTED_EDGE ( 'NONE', *, *, #9604, .F. ) ;
#4453 = CARTESIAN_POINT ( 'NONE',  ( -2.168404344971008900E-016, -8.130791274019690800, -30.09921705117824000 ) ) ;
#4454 = VERTEX_POINT ( 'NONE', #1458 ) ;
#4455 = CARTESIAN_POINT ( 'NONE',  ( 21.00000000000005700, -28.72938918303848200, 8.638642429325209100 ) ) ;
#4456 = DIRECTION ( 'NONE',  ( 1.000000000000000000, 0.0000000000000000000, 0.0000000000000000000 ) ) ;
#4457 = CARTESIAN_POINT ( 'NONE',  ( 19.00000000000000000, -18.91510639674090700, -18.91510639673938200 ) ) ;
#4458 = CARTESIAN_POINT ( 'NONE',  ( -2.168404344971008600E-016, 5.697276556569503800, -30.62377728200034000 ) ) ;
#4459 = VERTEX_POINT ( 'NONE', #3744 ) ;
#4460 = AXIS2_PLACEMENT_3D ( 'NONE', #2662, #6396, #8034 ) ;
#4461 = LINE ( 'NONE', #2513, #2667 ) ;
#4462 = VECTOR ( 'NONE', #9726, 1000.000000000000000 ) ;
#4463 = LINE ( 'NONE', #4343, #6760 ) ;
#4464 = CARTESIAN_POINT ( 'NONE',  ( 20.00000000000006400, 6.595852929592262500, 11.77922156527356300 ) ) ;
#4465 = CARTESIAN_POINT ( 'NONE',  ( 0.2000000000000002300, 28.43125104479030100, -6.527209566580588700 ) ) ;
#4466 = ORIENTED_EDGE ( 'NONE', *, *, #7120, .T. ) ;
#4467 = CARTESIAN_POINT ( 'NONE',  ( 0.2000000000000007900, 26.49999999999998900, 7.999999999999996400 ) ) ;
#4468 = CARTESIAN_POINT ( 'NONE',  ( 6.400000000000035900, 4.017172659144161900, -32.75673559454521900 ) ) ;
#4469 = PLANE ( 'NONE',  #7306 ) ;
#4470 = CARTESIAN_POINT ( 'NONE',  ( -1.099999999866668300, 2.115708037433815300, -4.258140175668981600 ) ) ;
#4471 = FACE_BOUND ( 'NONE', #6053, .T. ) ;
#4472 = EDGE_CURVE ( 'NONE', #2090, #4850, #7240, .T. ) ;
#4473 = EDGE_CURVE ( 'NONE', #6676, #5475, #335, .T. ) ;
#4474 = ORIENTED_EDGE ( 'NONE', *, *, #6777, .T. ) ;
#4475 = FACE_OUTER_BOUND ( 'NONE', #7778, .T. ) ;
#4476 = DIRECTION ( 'NONE',  ( 0.0000000000000000000, 0.0000000000000000000, 1.000000000000000000 ) ) ;
#4477 = CARTESIAN_POINT ( 'NONE',  ( 19.40000000000003800, 20.18688923868630500, 26.12729706439308000 ) ) ;
#4478 = ORIENTED_EDGE ( 'NONE', *, *, #565, .T. ) ;
#4479 = CARTESIAN_POINT ( 'NONE',  ( 27.30496494509935700, 4.214222978901985600E-015, 33.99999999999988600 ) ) ;
#4480 = DIRECTION ( 'NONE',  ( 1.000000000000000000, 6.071532165918827900E-018, 5.551115123125788900E-017 ) ) ;
#4481 = DIRECTION ( 'NONE',  ( 1.000000000000000000, -0.0000000000000000000, -0.0000000000000000000 ) ) ;
#4482 = DIRECTION ( 'NONE',  ( 1.000000000000000000, 0.0000000000000000000, 0.0000000000000000000 ) ) ;
#4483 =( BOUNDED_SURFACE ( )  B_SPLINE_SURFACE ( 3, 3, ( 
 ( #922, #96, #1807, #2592 ),
 ( #233, #3331, #8607, #3996 ),
 ( #9392, #7894, #8672, #5516 ),
 ( #7995, #4092, #6390, #196 ) ),
 .UNSPECIFIED., .F., .F., .F. ) 
 B_SPLINE_SURFACE_WITH_KNOTS ( ( 4, 4 ),
 ( 4, 4 ),
 ( 0.0000000000000000000, 1.000000000000000000 ),
 ( 0.0000000000000000000, 1.000000000000000000 ),
 .UNSPECIFIED. ) 
 GEOMETRIC_REPRESENTATION_ITEM ( )  RATIONAL_B_SPLINE_SURFACE ( (
 ( 1.000000000000000000, 0.3333333333333334300, 0.3333333333333334300, 1.000000000000000000),
 ( 0.9821659929784877200, 0.3273886643261626500, 0.3273886643261626500, 0.9821659929784877200),
 ( 0.9821659929784877200, 0.3273886643261626500, 0.3273886643261626500, 0.9821659929784877200),
 ( 1.000000000000000000, 0.3333333333333334300, 0.3333333333333334300, 1.000000000000000000) ) ) 
 REPRESENTATION_ITEM ( '' )  SURFACE ( )  );
#4484 = EDGE_CURVE ( 'NONE', #5449, #1589, #9019, .T. ) ;
#4485 = ORIENTED_EDGE ( 'NONE', *, *, #3785, .T. ) ;
#4486 = VERTEX_POINT ( 'NONE', #3782 ) ;
#4487 = DIRECTION ( 'NONE',  ( -1.000000000000000000, -1.679403124341539000E-016, 1.865376329483171500E-017 ) ) ;
#4488 = EDGE_LOOP ( 'NONE', ( #2858, #970, #2429, #5409 ) ) ;
#4489 = CARTESIAN_POINT ( 'NONE',  ( -2.168404344971008900E-016, -9.810079759073220300, -29.57185129593293000 ) ) ;
#4490 = CARTESIAN_POINT ( 'NONE',  ( 21.00000000000006000, -27.90542395841196600, 11.09504300578169700 ) ) ;
#4491 = CARTESIAN_POINT ( 'NONE',  ( 0.0000000000000000000, -15.55634918610412000, 15.55634918610482500 ) ) ;
#4492 = CARTESIAN_POINT ( 'NONE',  ( 0.0000000000000000000, 0.0000000000000000000, -11.85000853396763900 ) ) ;
#4493 = AXIS2_PLACEMENT_3D ( 'NONE', #1848, #8680, #7937 ) ;
#4494 = CARTESIAN_POINT ( 'NONE',  ( 0.4999999999999986100, 21.91510639674020700, -18.91510639674008600 ) ) ;
#4495 = CARTESIAN_POINT ( 'NONE',  ( -3.469446951953614200E-016, 0.0000000000000000000, -31.14921894064168800 ) ) ;
#4496 = ORIENTED_EDGE ( 'NONE', *, *, #8701, .T. ) ;
#4497 = VERTEX_POINT ( 'NONE', #8494 ) ;
#4498 = EDGE_LOOP ( 'NONE', ( #8539, #5633, #5345, #5877 ) ) ;
#4499 = EDGE_CURVE ( 'NONE', #3535, #5231, #1810, .T. ) ;
#4500 = ORIENTED_EDGE ( 'NONE', *, *, #4576, .T. ) ;
#4501 = ORIENTED_EDGE ( 'NONE', *, *, #6375, .T. ) ;
#4502 = EDGE_CURVE ( 'NONE', #2327, #7630, #6270, .T. ) ;
#4503 = CARTESIAN_POINT ( 'NONE',  ( 20.00000000000006400, 11.84528830479206200, -6.476099184006915100 ) ) ;
#4504 = CARTESIAN_POINT ( 'NONE',  ( 0.0000000000000000000, 9.024091943764368300, -11.18103027596428100 ) ) ;
#4505 = CARTESIAN_POINT ( 'NONE',  ( 0.0000000000000000000, 0.0000000000000000000, 0.0000000000000000000 ) ) ;
#4506 = CARTESIAN_POINT ( 'NONE',  ( 6.400000000000036800, -8.841306579352222500, -31.79537976624457900 ) ) ;
#4507 = CARTESIAN_POINT ( 'NONE',  ( 23.50000000000006400, 2.732189474663502600E-017, 2.498001805406642600E-016 ) ) ;
#4508 = EDGE_LOOP ( 'NONE', ( #6802, #4225 ) ) ;
#4509 = CIRCLE ( 'NONE', #5407, 0.8000000000000003800 ) ;
#4510 = DIRECTION ( 'NONE',  ( 1.000000000000000000, 1.679403124341539000E-016, -1.865376329483173100E-017 ) ) ;
#4511 = CARTESIAN_POINT ( 'NONE',  ( 19.40000000000003800, -31.28776521357181700, 10.49843564180853200 ) ) ;
#4512 = CARTESIAN_POINT ( 'NONE',  ( -1.099999999866668300, 2.325672942806492400, -4.142527707260559700 ) ) ;
#4513 = ORIENTED_EDGE ( 'NONE', *, *, #1402, .F. ) ;
#4514 = ORIENTED_EDGE ( 'NONE', *, *, #6030, .T. ) ;
#4515 = AXIS2_PLACEMENT_3D ( 'NONE', #7060, #2453, #6351 ) ;
#4516 = CARTESIAN_POINT ( 'NONE',  ( 19.40000000000003800, 24.47545714161695700, 22.87440642077917400 ) ) ;
#4517 = CARTESIAN_POINT ( 'NONE',  ( 0.0000000000000000000, -15.55634918610482300, -16.80634918610390100 ) ) ;
#4518 = CARTESIAN_POINT ( 'NONE',  ( 0.2000000000000009500, 25.90000000000000200, -2.663033492614957100E-015 ) ) ;
#4519 = DIRECTION ( 'NONE',  ( 1.000000000000000000, 0.0000000000000000000, 0.0000000000000000000 ) ) ;
#4520 = CARTESIAN_POINT ( 'NONE',  ( 21.00000000000006000, 2.204364238465201500E-015, 17.99999999999971900 ) ) ;
#4521 = EDGE_CURVE ( 'NONE', #6, #7091, #4642, .T. ) ;
#4522 = EDGE_CURVE ( 'NONE', #2583, #7130, #9263, .T. ) ;
#4523 = ORIENTED_EDGE ( 'NONE', *, *, #5138, .F. ) ;
#4524 = AXIS2_PLACEMENT_3D ( 'NONE', #1587, #6108, #3081 ) ;
#4525 = DATE_AND_TIME ( #6579, #9215 ) ;
#4526 = CIRCLE ( 'NONE', #5327, 1.250000000000001100 ) ;
#4527 = EDGE_LOOP ( 'NONE', ( #5723, #5807, #7844, #5736 ) ) ;
#4528 = DIRECTION ( 'NONE',  ( 0.0000000000000000000, 0.0000000000000000000, -1.000000000000000000 ) ) ;
#4529 = CARTESIAN_POINT ( 'NONE',  ( 21.00000000000006000, -16.38360379579080100, -25.16437974302682800 ) ) ;
#4530 = EDGE_LOOP ( 'NONE', ( #1043, #381, #613, #8671 ) ) ;
#4531 = PLANE ( 'NONE',  #426 ) ;
#4532 = CARTESIAN_POINT ( 'NONE',  ( 22.27639320225007300, -29.78333321937585200, -68.60418025790102100 ) ) ;
#4533 =( BOUNDED_SURFACE ( )  B_SPLINE_SURFACE ( 3, 3, ( 
 ( #5059, #312, #1167, #4914 ),
 ( #389, #7254, #6576, #3443 ),
 ( #9540, #8780, #4953, #2736 ),
 ( #6503, #1956, #2675, #7349 ) ),
 .UNSPECIFIED., .F., .F., .F. ) 
 B_SPLINE_SURFACE_WITH_KNOTS ( ( 4, 4 ),
 ( 4, 4 ),
 ( 0.0000000000000000000, 1.000000000000000000 ),
 ( 0.0000000000000000000, 1.000000000000000000 ),
 .UNSPECIFIED. ) 
 GEOMETRIC_REPRESENTATION_ITEM ( )  RATIONAL_B_SPLINE_SURFACE ( (
 ( 1.000000000000000000, 0.3333333333333334300, 0.3333333333333334300, 1.000000000000000000),
 ( 0.9004338722346970600, 0.3001446240782324500, 0.3001446240782324500, 0.9004338722346970600),
 ( 0.9004338722346970600, 0.3001446240782324500, 0.3001446240782324500, 0.9004338722346970600),
 ( 1.000000000000000000, 0.3333333333333334300, 0.3333333333333334300, 1.000000000000000000) ) ) 
 REPRESENTATION_ITEM ( '' )  SURFACE ( )  );
#4534 = PRODUCT_DEFINITION_FORMATION_WITH_SPECIFIED_SOURCE ( '任何', '', #9336, .NOT_KNOWN. ) ;
#4535 = CARTESIAN_POINT ( 'NONE',  ( 20.00000000000006400, 13.36620633909968000, -2.112213778065270600 ) ) ;
#4537 = DIRECTION ( 'NONE',  ( 1.000000000000000000, 0.0000000000000000000, 0.0000000000000000000 ) ) ;
#4536 = APPROVAL_PERSON_ORGANIZATION ( #1526, #907, #4727 ) ;
#4538 = EDGE_CURVE ( 'NONE', #7272, #5816, #6748, .T. ) ;
#4539 = VERTEX_POINT ( 'NONE', #138 ) ;
#4540 = CARTESIAN_POINT ( 'NONE',  ( 6.499999999999999100, 29.07318352021326600, -4.999999999999999100 ) ) ;
#4541 = DIRECTION ( 'NONE',  ( -1.000000000000000000, -0.0000000000000000000, -0.0000000000000000000 ) ) ;
#4542 = CARTESIAN_POINT ( 'NONE',  ( -1.100000000000000100, 9.184850993605140100E-016, 7.499999999999992900 ) ) ;
#4543 = CARTESIAN_POINT ( 'NONE',  ( 19.40000000000003400, -10.03500595333271400, -31.43778022182058900 ) ) ;
#4544 = CARTESIAN_POINT ( 'NONE',  ( -1.999999999871762400, 5.689999999999886700, 0.8284926070883079600 ) ) ;
#4545 = ORIENTED_EDGE ( 'NONE', *, *, #6524, .T. ) ;
#4546 = CARTESIAN_POINT ( 'NONE',  ( 19.40000000000003100, 28.83567180588740100, 17.05597778311709000 ) ) ;
#4547 = DIRECTION ( 'NONE',  ( 1.000000000000000000, 1.679403124341539000E-016, -1.865376329483173100E-017 ) ) ;
#4548 = DIRECTION ( 'NONE',  ( -1.000000000000000000, -0.0000000000000000000, -0.0000000000000000000 ) ) ;
#4549 = CARTESIAN_POINT ( 'NONE',  ( 8.999999999997104500, -2.116840630406092900, 6.462175795545620700 ) ) ;
#4550 = ORIENTED_EDGE ( 'NONE', *, *, #8356, .F. ) ;
#4551 = LINE ( 'NONE', #5835, #5284 ) ;
#4552 = AXIS2_PLACEMENT_3D ( 'NONE', #3452, #4246, #8818 ) ;
#4553 = FACE_OUTER_BOUND ( 'NONE', #6150, .T. ) ;
#4554 = CARTESIAN_POINT ( 'NONE',  ( -2.168404344971008900E-016, -16.98891890168038200, -26.10852194079540200 ) ) ;
#4555 = EDGE_CURVE ( 'NONE', #2737, #7356, #6028, .T. ) ;
#4556 = DIRECTION ( 'NONE',  ( 0.0000000000000000000, 0.6423556150033358200, -0.7664067222263164500 ) ) ;
#4557 = DIRECTION ( 'NONE',  ( 1.000000000000000000, 6.123233995736766000E-017, -0.0000000000000000000 ) ) ;
#4558 = ORIENTED_EDGE ( 'NONE', *, *, #2125, .F. ) ;
#4559 = CARTESIAN_POINT ( 'NONE',  ( 22.27639320225006600, -21.48500545928524400, 25.63416933933054800 ) ) ;
#4560 = LINE ( 'NONE', #8537, #934 ) ;
#4561 = LINE ( 'NONE', #9223, #1676 ) ;
#4562 = CARTESIAN_POINT ( 'NONE',  ( 20.00000000000006000, 4.132357408945922300, 12.85212447681540300 ) ) ;
#4563 = DIRECTION ( 'NONE',  ( 0.0000000000000000000, 0.0000000000000000000, -1.000000000000000000 ) ) ;
#4564 = AXIS2_PLACEMENT_3D ( 'NONE', #691, #6157, #8480 ) ;
#4565 = DIRECTION ( 'NONE',  ( -1.000000000000000000, -0.0000000000000000000, -0.0000000000000000000 ) ) ;
#4566 = DIRECTION ( 'NONE',  ( 1.000000000000000000, 0.0000000000000000000, 0.0000000000000000000 ) ) ;
#4567 = ORIENTED_EDGE ( 'NONE', *, *, #4308, .F. ) ;
#4568 = ORIENTED_EDGE ( 'NONE', *, *, #3355, .T. ) ;
#4569 = CARTESIAN_POINT ( 'NONE',  ( 1.000000000128238500, -1.092875789857602900E-016, 6.249999999999999100 ) ) ;
#4570 = CARTESIAN_POINT ( 'NONE',  ( 24.00000000000006000, 3.035766082959443800E-017, 2.775557561562932300E-016 ) ) ;
#4571 = CYLINDRICAL_SURFACE ( 'NONE', #867, 1.250000000000002900 ) ;
#4572 = DIRECTION ( 'NONE',  ( -1.000000000000000000, -1.807003620762171400E-017, 0.0000000000000000000 ) ) ;
#4573 = CARTESIAN_POINT ( 'NONE',  ( 19.40000000000003400, -21.35072396117018200, -25.16297399994423500 ) ) ;
#4574 = FACE_BOUND ( 'NONE', #593, .T. ) ;
#4575 = B_SPLINE_CURVE_WITH_KNOTS ( 'NONE', 3,
 ( #1411, #524, #5225, #2083, #3666, #9834, #665, #4404, #588, #8279, #5990, #1376, #5922, #7480, #1308, #8973, #2216, #6703, #9765, #2904, #554, #5261, #4511, #6766, #7520, #8344, #8310, #6800, #7617, #2181, #5289, #5958, #7581, #1338, #6735, #2114, #9935, #2385, #6230, #7649, #8403, #5353, #4610, #1543, #4638, #6160, #3038, #3101, #8486, #3864, #8430, #7679, #3072, #6904, #2281, #1577, #3898, #727, #3802, #9181, #8457, #4573, #6863, #3831, #6127, #9213, #1514, #9965, #6198, #5386, #759, #2352, #6938, #5413, #2251, #788, #5451, #2319, #7711, #4543, #6101, #9241, #2246, #6962, #7751, #3132, #8513, #9267, #4668, #28, #819, #1611, #6996, #3006, #3772, #9143, #9907, #5322, #697, #1486, #1675, #9426, #3261, #4795, #6389, #3196, #4033, #8638, #5626, #3296, #9302, #60, #4698, #9391 ),
 .UNSPECIFIED., .F., .F.,
 ( 4, 1, 1, 1, 1, 1, 2, 2, 1, 1, 1, 1, 1, 2, 2, 1, 1, 1, 1, 2, 2, 2, 1, 1, 1, 1, 2, 2, 1, 1, 1, 1, 1, 2, 2, 1, 1, 1, 1, 1, 2, 2, 2, 1, 1, 1, 1, 1, 2, 2, 1, 1, 1, 1, 1, 2, 2, 1, 1, 1, 1, 2, 2, 2, 1, 1, 1, 1, 2, 2, 1, 1, 1, 1, 1, 2, 2, 1, 1, 1, 1, 1, 2, 2, 4 ),
 ( 0.0000000000000000000, 0.03125000000000211600, 0.04687500000000309500, 0.05468750000000355300, 0.05859375000000374000, 0.06054687500000386500, 0.06152343750000392700, 0.06250000000000399700, 0.09375000000000485700, 0.1093750000000053200, 0.1171875000000055400, 0.1210937500000056200, 0.1230468750000056600, 0.1240234375000057600, 0.1250000000000058600, 0.1562500000000064100, 0.1718750000000066900, 0.1796875000000068600, 0.1835937500000069400, 0.1855468750000069700, 0.1875000000000069700, 0.2500000000000068800, 0.2812500000000068300, 0.2968750000000068300, 0.3046875000000068300, 0.3085937500000067700, 0.3105468750000068300, 0.3125000000000068300, 0.3437500000000066100, 0.3593750000000064900, 0.3671875000000064400, 0.3710937500000064400, 0.3730468750000063300, 0.3740234375000063300, 0.3750000000000063300, 0.4062500000000062200, 0.4218750000000061100, 0.4296875000000060500, 0.4335937500000060500, 0.4355468750000060000, 0.4365234375000060000, 0.4375000000000059400, 0.5000000000000035500, 0.5312500000000023300, 0.5468750000000017800, 0.5546875000000013300, 0.5585937500000012200, 0.5605468750000011100, 0.5615234375000011100, 0.5625000000000010000, 0.5937499999999982200, 0.6093749999999968900, 0.6171874999999961100, 0.6210937499999958900, 0.6230468749999956700, 0.6240234374999956700, 0.6249999999999955600, 0.6562499999999953400, 0.6718749999999953400, 0.6796874999999953400, 0.6835937499999952300, 0.6855468749999952300, 0.6874999999999952300, 0.7499999999999928900, 0.7812499999999917800, 0.7968749999999911200, 0.8046874999999909000, 0.8085937499999906700, 0.8105468749999905600, 0.8124999999999905600, 0.8437499999999894500, 0.8593749999999889000, 0.8671874999999886800, 0.8710937499999885600, 0.8730468749999885600, 0.8740234374999885600, 0.8749999999999886800, 0.9062499999999907900, 0.9218749999999916700, 0.9296874999999922300, 0.9335937499999923400, 0.9355468749999925600, 0.9365234374999925600, 0.9374999999999926700, 1.000000000000000000 ),
 .UNSPECIFIED. ) ;
#4576 = EDGE_CURVE ( 'NONE', #8033, #6638, #8782, .T. ) ;
#4577 = AXIS2_PLACEMENT_3D ( 'NONE', #9333, #1648, #9966 ) ;
#4578 = EDGE_LOOP ( 'NONE', ( #9720, #228 ) ) ;
#4579 = VERTEX_POINT ( 'NONE', #39 ) ;
#4580 = CARTESIAN_POINT ( 'NONE',  ( 0.0000000000000000000, -18.91510639674090700, -20.16510639674004300 ) ) ;
#4581 = DIRECTION ( 'NONE',  ( 1.000000000000000000, 6.071532165918827900E-018, 5.551115123125788900E-017 ) ) ;
#4582 = CARTESIAN_POINT ( 'NONE',  ( 11.17070943148337400, -1.092875789857602900E-016, -6.249999999999661600 ) ) ;
#4583 = CIRCLE ( 'NONE', #202, 0.5000000000000004400 ) ;
#4584 = FACE_OUTER_BOUND ( 'NONE', #2287, .T. ) ;
#4585 = AXIS2_PLACEMENT_3D ( 'NONE', #7807, #4655, #5502 ) ;
#4586 = CARTESIAN_POINT ( 'NONE',  ( 0.0000000000000000000, 18.91510639674004300, 17.66510639674024900 ) ) ;
#4587 = LINE ( 'NONE', #4520, #4932 ) ;
#4588 = ORIENTED_EDGE ( 'NONE', *, *, #721, .F. ) ;
#4589 = CARTESIAN_POINT ( 'NONE',  ( -0.7229395576332607900, -0.7440161512373738600, 5.577847384880430000 ) ) ;
#4590 = FACE_OUTER_BOUND ( 'NONE', #4838, .T. ) ;
#4591 = AXIS2_PLACEMENT_3D ( 'NONE', #9931, #9958, #692 ) ;
#4592 = CONICAL_SURFACE ( 'NONE', #5164, 3.000000000078221400, 0.7853981634163961200 ) ;
#4593 = CARTESIAN_POINT ( 'NONE',  ( -2.168404344971008900E-016, -25.00436794156362600, -18.58968374104982500 ) ) ;
#4594 = CARTESIAN_POINT ( 'NONE',  ( 6.400000000000035900, -4.711508960753006500E-016, -3.386180225106705600E-016 ) ) ;
#4595 = FACE_OUTER_BOUND ( 'NONE', #7474, .T. ) ;
#4596 = DIRECTION ( 'NONE',  ( 1.000000000000000000, 0.0000000000000000000, 0.0000000000000000000 ) ) ;
#4597 = DIRECTION ( 'NONE',  ( -1.807003620809172400E-016, 1.000000000000000000, 0.0000000000000000000 ) ) ;
#4599 = ORIENTED_EDGE ( 'NONE', *, *, #279, .F. ) ;
#4598 = CARTESIAN_POINT ( 'NONE',  ( 6.400000000000035900, 32.69228370187833800, 4.499995123857385000 ) ) ;
#4600 = DIRECTION ( 'NONE',  ( -1.000000000000000000, -1.084202172482856600E-016, 0.0000000000000000000 ) ) ;
#4601 = VECTOR ( 'NONE', #8742, 1000.000000000000000 ) ;
#4602 = CARTESIAN_POINT ( 'NONE',  ( 2.999999999999998200, 23.50000000000000000, 3.000000000000000000 ) ) ;
#4603 = CARTESIAN_POINT ( 'NONE',  ( 24.00000000000006400, 18.96738926836106000, -22.63035349707299900 ) ) ;
#4604 = ADVANCED_FACE ( 'NONE', ( #2906 ), #5788, .F. ) ;
#4605 = ORIENTED_EDGE ( 'NONE', *, *, #5509, .F. ) ;
#4606 = CARTESIAN_POINT ( 'NONE',  ( 6.400000000000036800, 22.83618490832841600, -23.82246502095978600 ) ) ;
#4607 = CARTESIAN_POINT ( 'NONE',  ( -1.999999999871762400, 6.249999999999999100, -0.9999999999999358300 ) ) ;
#4608 = CIRCLE ( 'NONE', #4613, 25.99999999999989000 ) ;
#4609 = ORIENTED_EDGE ( 'NONE', *, *, #1977, .F. ) ;
#4610 = CARTESIAN_POINT ( 'NONE',  ( 19.40000000000003800, -31.39457756176622300, -10.16805077645307500 ) ) ;
#4611 = CARTESIAN_POINT ( 'NONE',  ( 19.00000000000000000, 18.91510639673938200, -18.91510639674004000 ) ) ;
#4612 = AXIS2_PLACEMENT_3D ( 'NONE', #973, #7152, #5577 ) ;
#4613 = AXIS2_PLACEMENT_3D ( 'NONE', #8371, #3726, #4563 ) ;
#4614 = CARTESIAN_POINT ( 'NONE',  ( 19.40000000000003800, 29.34185890298221700, 16.18356809136118500 ) ) ;
#4615 = CARTESIAN_POINT ( 'NONE',  ( 6.500999999999997700, 20.41510639674020000, -18.91510639674008600 ) ) ;
#4616 = ORIENTED_EDGE ( 'NONE', *, *, #3630, .F. ) ;
#4617 = DIRECTION ( 'NONE',  ( 0.0000000000000000000, 0.0000000000000000000, -1.000000000000000000 ) ) ;
#4618 = ORIENTED_EDGE ( 'NONE', *, *, #8820, .F. ) ;
#4619 = DIRECTION ( 'NONE',  ( 1.000000000000000000, 0.0000000000000000000, 0.0000000000000000000 ) ) ;
#4620 = EDGE_LOOP ( 'NONE', ( #9775, #3163, #5054, #3403 ) ) ;
#4621 = CARTESIAN_POINT ( 'NONE',  ( 8.999999999997104500, -3.708705405308892400, 5.714786896520217300 ) ) ;
#4622 = EDGE_CURVE ( 'NONE', #9219, #1397, #4689, .T. ) ;
#4623 = CARTESIAN_POINT ( 'NONE',  ( -1.083591164132862400, -0.1877668349393021000, 5.263738473012727700 ) ) ;
#4624 = ORIENTED_EDGE ( 'NONE', *, *, #166, .F. ) ;
#4625 = VERTEX_POINT ( 'NONE', #8584 ) ;
#4626 = ORIENTED_EDGE ( 'NONE', *, *, #8784, .T. ) ;
#4627 = CARTESIAN_POINT ( 'NONE',  ( -2.168404344971008900E-016, -30.26631334798509300, -7.394747926856404700 ) ) ;
#4628 = CARTESIAN_POINT ( 'NONE',  ( 6.899999999999967500, -33.99999999999999300, 3.296437379112596600E-015 ) ) ;
#4629 = DIRECTION ( 'NONE',  ( 1.000000000000000000, 4.436672166949062700E-017, 3.585467346377730400E-017 ) ) ;
#4630 = DIRECTION ( 'NONE',  ( -1.000000000000000000, -0.0000000000000000000, -0.0000000000000000000 ) ) ;
#4631 = EDGE_CURVE ( 'NONE', #9190, #1442, #8221, .T. ) ;
#4632 = LINE ( 'NONE', #5378, #3426 ) ;
#4633 = CARTESIAN_POINT ( 'NONE',  ( 20.00000000000006400, 6.026992397851104900, 12.08858131083666300 ) ) ;
#4634 = VERTEX_POINT ( 'NONE', #103 ) ;
#4635 = CARTESIAN_POINT ( 'NONE',  ( 1.192622389734054900E-015, -18.91510639674015300, -18.91510639674014300 ) ) ;
#4636 = CARTESIAN_POINT ( 'NONE',  ( 6.899999999999966600, -4.529362995775466400E-016, -3.247402347028580200E-016 ) ) ;
#4637 = DIRECTION ( 'NONE',  ( -1.000000000000000000, -0.0000000000000000000, -0.0000000000000000000 ) ) ;
#4638 = CARTESIAN_POINT ( 'NONE',  ( 19.40000000000003100, -31.34035613506663900, -10.33359851016988200 ) ) ;
#4639 = DATE_AND_TIME ( #8728, #4874 ) ;
#4640 = CIRCLE ( 'NONE', #9051, 1.249999999999997600 ) ;
#4641 = AXIS2_PLACEMENT_3D ( 'NONE', #5087, #344, #5052 ) ;
#4642 = B_SPLINE_CURVE_WITH_KNOTS ( 'NONE', 3,
 ( #5332, #2226, #3015, #5363, #9343, #2395, #3968, #4008, #965, #3936 ),
 .UNSPECIFIED., .F., .F.,
 ( 4, 2, 2, 2, 4 ),
 ( 1.467435943684580600E-014, 0.0002776442099393569800, 0.0005552884198640396100, 0.0008329326297887224600, 0.001110576839713405400 ),
 .UNSPECIFIED. ) ;
#4643 = ORIENTED_EDGE ( 'NONE', *, *, #6626, .F. ) ;
#4644 = CARTESIAN_POINT ( 'NONE',  ( 19.40000000000003400, 19.25887542808173000, 27.41070651937781500 ) ) ;
#4645 = CARTESIAN_POINT ( 'NONE',  ( 6.500999999999997700, 15.55634918610407200, 14.30634918610401300 ) ) ;
#4646 = DIRECTION ( 'NONE',  ( 0.0000000000000000000, 1.000000000000000000, 0.0000000000000000000 ) ) ;
#4647 = EDGE_CURVE ( 'NONE', #6913, #7884, #3806, .T. ) ;
#4648 = CARTESIAN_POINT ( 'NONE',  ( 2.999999999999998700, 15.55634918610283400, -14.30634918610284100 ) ) ;
#4649 = LOCAL_TIME ( 11, 40, 0.0000000000000000000, #4405 ) ;
#4650 = COORDINATED_UNIVERSAL_TIME_OFFSET ( 8, 0, .AHEAD. ) ;
#4651 = VERTEX_POINT ( 'NONE', #1654 ) ;
#4652 = AXIS2_PLACEMENT_3D ( 'NONE', #3628, #4434, #9107 ) ;
#4653 = ADVANCED_FACE ( 'NONE', ( #8676 ), #9728, .F. ) ;
#4654 = CARTESIAN_POINT ( 'NONE',  ( -2.168404344971008900E-016, -30.58833057110731700, -5.885151131661361400 ) ) ;
#4655 = DIRECTION ( 'NONE',  ( -1.000000000000000000, 0.0000000000000000000, 0.0000000000000000000 ) ) ;
#4656 = FACE_BOUND ( 'NONE', #5446, .T. ) ;
#4657 = CARTESIAN_POINT ( 'NONE',  ( 0.0000000000000000000, -15.55634918610525300, -14.30634918610198800 ) ) ;
#4658 = ORIENTED_EDGE ( 'NONE', *, *, #8022, .F. ) ;
#4659 = ORIENTED_EDGE ( 'NONE', *, *, #5618, .T. ) ;
#4660 = CARTESIAN_POINT ( 'NONE',  ( 20.00000000000006400, -4.669801561752001900, 12.67418399596686900 ) ) ;
#4661 = EDGE_CURVE ( 'NONE', #7309, #2417, #2050, .T. ) ;
#4662 = EDGE_CURVE ( 'NONE', #881, #4695, #1927, .T. ) ;
#4663 = DIRECTION ( 'NONE',  ( 1.000000000000000000, 4.436672166949062700E-017, 3.585467346377730400E-017 ) ) ;
#4664 = PERSON_AND_ORGANIZATION_ROLE ( 'design_owner' ) ;
#4665 = CONICAL_SURFACE ( 'NONE', #8095, 5.749999999977716500, 0.7853981633974482800 ) ;
#4666 = CARTESIAN_POINT ( 'NONE',  ( 0.1000000000000008100, 26.65000000000000200, 3.644078711698373100 ) ) ;
#4667 = CARTESIAN_POINT ( 'NONE',  ( 20.00000000000006000, -11.85785532623545900, 6.453065162461252100 ) ) ;
#4668 = CARTESIAN_POINT ( 'NONE',  ( 19.40000000000004100, 2.912655354610799800, -32.87345831960908500 ) ) ;
#4669 = ORIENTED_EDGE ( 'NONE', *, *, #7120, .F. ) ;
#4670 = CARTESIAN_POINT ( 'NONE',  ( 19.40000000000002700, 8.325992237988481600, 32.44896221892216200 ) ) ;
#4671 = DIRECTION ( 'NONE',  ( 1.000000000000000000, 4.436672166949062700E-017, 3.585467346377730400E-017 ) ) ;
#4672 = LINE ( 'NONE', #5513, #7700 ) ;
#4673 = CARTESIAN_POINT ( 'NONE',  ( 0.0000000000000000000, 6.249999999999999100, -0.9999999999999358300 ) ) ;
#4674 = CARTESIAN_POINT ( 'NONE',  ( 1.200000000000000000, 26.50000000000000000, -6.000000000000003600 ) ) ;
#4675 = CONICAL_SURFACE ( 'NONE', #7569, 33.62469504755424100, 0.8960553845713366000 ) ;
#4676 = ORIENTED_EDGE ( 'NONE', *, *, #5735, .F. ) ;
#4677 = AXIS2_PLACEMENT_3D ( 'NONE', #68, #2433, #8492 ) ;
#4678 = CIRCLE ( 'NONE', #2372, 1.249999999999787700 ) ;
#4679 = ADVANCED_FACE ( 'NONE', ( #8453 ), #215, .T. ) ;
#4680 = FACE_OUTER_BOUND ( 'NONE', #1335, .T. ) ;
#4681 = CARTESIAN_POINT ( 'NONE',  ( -0.5999999998560314700, 0.8284926070826271700, -5.689999999991516500 ) ) ;
#4682 = EDGE_CURVE ( 'NONE', #1891, #5166, #87, .T. ) ;
#4683 = CARTESIAN_POINT ( 'NONE',  ( 0.2000000000000022600, 17.61793371305920500, 6.676856858129988300 ) ) ;
#4684 = DIRECTION ( 'NONE',  ( 0.0000000000000000000, 0.0000000000000000000, -1.000000000000000000 ) ) ;
#4685 = CARTESIAN_POINT ( 'NONE',  ( 21.00000000000006000, 0.0000000000000000000, -17.99999999999971900 ) ) ;
#4686 = DIRECTION ( 'NONE',  ( -1.000000000000000000, -6.123233995736766000E-017, -0.0000000000000000000 ) ) ;
#4687 = ORIENTED_EDGE ( 'NONE', *, *, #6450, .T. ) ;
#4688 = CIRCLE ( 'NONE', #6679, 12.46509829663151700 ) ;
#4689 = LINE ( 'NONE', #7830, #5904 ) ;
#4690 = CARTESIAN_POINT ( 'NONE',  ( 20.00000000000006000, 6.476099184006805800, 11.84528830479211700 ) ) ;
#4691 = AXIS2_PLACEMENT_3D ( 'NONE', #3466, #9594, #8805 ) ;
#4692 = CARTESIAN_POINT ( 'NONE',  ( 0.0000000000000000000, 0.0000000000000000000, 0.0000000000000000000 ) ) ;
#4693 = SECURITY_CLASSIFICATION_LEVEL ( 'unclassified' ) ;
#4694 = CARTESIAN_POINT ( 'NONE',  ( 8.999999999997104500, -3.572149930101786300, -5.788046814251119400 ) ) ;
#4695 = VERTEX_POINT ( 'NONE', #1621 ) ;
#4696 = CARTESIAN_POINT ( 'NONE',  ( -0.9852105226039625800, 5.347297179856866500, 0.4378138376087730200 ) ) ;
#4697 = CARTESIAN_POINT ( 'NONE',  ( 20.00000000000005700, -11.84528830479188400, 6.476099184006996800 ) ) ;
#4698 = CARTESIAN_POINT ( 'NONE',  ( 19.40000000000003400, 19.65065142932672500, -26.58809366481696700 ) ) ;
#4699 = CYLINDRICAL_SURFACE ( 'NONE', #3019, 0.7500000000000006700 ) ;
#4700 = CONICAL_SURFACE ( 'NONE', #4825, 3.000000000078034000, 0.7853981634163961200 ) ;
#4701 = ADVANCED_FACE ( 'NONE', ( #6636 ), #8211, .T. ) ;
#4702 = EDGE_CURVE ( 'NONE', #5816, #5951, #464, .T. ) ;
#4703 = EDGE_CURVE ( 'NONE', #7417, #1309, #2283, .T. ) ;
#4704 = CIRCLE ( 'NONE', #2717, 33.62469504755424100 ) ;
#4705 = AXIS2_PLACEMENT_3D ( 'NONE', #9805, #2151, #3569 ) ;
#4706 = ORIENTED_EDGE ( 'NONE', *, *, #7079, .T. ) ;
#4707 = CARTESIAN_POINT ( 'NONE',  ( 19.40000000000003400, -27.43132521356872300, 19.22949266143643900 ) ) ;
#4708 = DIRECTION ( 'NONE',  ( 1.000000000000000000, 6.123233995736766000E-017, 0.0000000000000000000 ) ) ;
#4709 = DIRECTION ( 'NONE',  ( -1.000000000000000000, -0.0000000000000000000, -0.0000000000000000000 ) ) ;
#4710 = CARTESIAN_POINT ( 'NONE',  ( 24.00000000000006800, -64.22809626250703700, -15.30442503964909300 ) ) ;
#4711 =( BOUNDED_SURFACE ( )  B_SPLINE_SURFACE ( 3, 3, ( 
 ( #79, #6342, #214, #4077 ),
 ( #2445, #5642, #974, #1010 ),
 ( #8692, #5501, #1732, #7917 ),
 ( #875, #8595, #3282, #6409 ) ),
 .UNSPECIFIED., .F., .F., .F. ) 
 B_SPLINE_SURFACE_WITH_KNOTS ( ( 4, 4 ),
 ( 4, 4 ),
 ( 0.0000000000000000000, 1.000000000000000000 ),
 ( 0.0000000000000000000, 1.000000000000000000 ),
 .UNSPECIFIED. ) 
 GEOMETRIC_REPRESENTATION_ITEM ( )  RATIONAL_B_SPLINE_SURFACE ( (
 ( 1.000000000000000000, 0.3333333333333334300, 0.3333333333333334300, 1.000000000000000000),
 ( 0.9821659929784878300, 0.3273886643261627000, 0.3273886643261627000, 0.9821659929784878300),
 ( 0.9821659929784878300, 0.3273886643261627000, 0.3273886643261627000, 0.9821659929784878300),
 ( 1.000000000000000000, 0.3333333333333334300, 0.3333333333333334300, 1.000000000000000000) ) ) 
 REPRESENTATION_ITEM ( '' )  SURFACE ( )  );
#4712 = DIRECTION ( 'NONE',  ( 1.000000000000000000, 1.679403124341539000E-016, -1.865376329483173100E-017 ) ) ;
#4713 = AXIS2_PLACEMENT_3D ( 'NONE', #5277, #2104, #6818 ) ;
#4714 = FACE_BOUND ( 'NONE', #4985, .T. ) ;
#4715 = DIRECTION ( 'NONE',  ( -0.0000000000000000000, -0.0000000000000000000, -1.000000000000000000 ) ) ;
#4716 = VERTEX_POINT ( 'NONE', #7105 ) ;
#4717 = FACE_BOUND ( 'NONE', #5024, .T. ) ;
#4718 = VERTEX_POINT ( 'NONE', #4843 ) ;
#4719 = PRODUCT_RELATED_PRODUCT_CATEGORY ( 'detail', '', ( #9336 ) ) ;
#4720 = DIRECTION ( 'NONE',  ( -1.000000000000000000, 0.0000000000000000000, 0.0000000000000000000 ) ) ;
#4721 = EDGE_CURVE ( 'NONE', #7270, #5082, #8892, .T. ) ;
#4722 = EDGE_LOOP ( 'NONE', ( #6784, #7021, #7161, #2307, #8976, #5782, #253, #7546 ) ) ;
#4723 = ORIENTED_EDGE ( 'NONE', *, *, #3281, .F. ) ;
#4724 = ORIENTED_EDGE ( 'NONE', *, *, #5847, .T. ) ;
#4725 = ORIENTED_EDGE ( 'NONE', *, *, #6951, .T. ) ;
#4726 = CARTESIAN_POINT ( 'NONE',  ( 0.0000000000000000000, -15.55634918610401500, 14.30634918610556000 ) ) ;
#4727 = APPROVAL_ROLE ( '' ) ;
#4728 = CARTESIAN_POINT ( 'NONE',  ( 8.999999999997106300, -6.089029458956707300, 3.035898833258875700 ) ) ;
#4729 = CARTESIAN_POINT ( 'NONE',  ( 6.500999999999997700, 15.55634918610407200, 15.55634918610401500 ) ) ;
#4730 = ORIENTED_EDGE ( 'NONE', *, *, #1656, .T. ) ;
#4731 = ORIENTED_EDGE ( 'NONE', *, *, #5023, .T. ) ;
#4732 = ADVANCED_FACE ( 'NONE', ( #3605 ), #9144, .T. ) ;
#4733 = CARTESIAN_POINT ( 'NONE',  ( 20.00000000000006000, -10.37678651923628500, 8.635561981061011100 ) ) ;
#4735 = EDGE_LOOP ( 'NONE', ( #2228, #2374 ) ) ;
#4734 = CARTESIAN_POINT ( 'NONE',  ( 0.0000000000000000000, 18.91510639673938200, -18.91510639674004000 ) ) ;
#4736 = CARTESIAN_POINT ( 'NONE',  ( 0.2000000000000020900, 17.54680779929171300, -6.499899498182985600 ) ) ;
#4737 = VERTEX_POINT ( 'NONE', #7278 ) ;
#4738 = ORIENTED_EDGE ( 'NONE', *, *, #9616, .T. ) ;
#4739 = DIRECTION ( 'NONE',  ( -1.000000000000000000, -0.0000000000000000000, -0.0000000000000000000 ) ) ;
#4740 = EDGE_CURVE ( 'NONE', #2356, #2800, #3846, .T. ) ;
#4741 = CARTESIAN_POINT ( 'NONE',  ( 19.40000000000003400, -26.89590733535090200, 19.97483221065193200 ) ) ;
#4742 = CARTESIAN_POINT ( 'NONE',  ( 0.0000000000000000000, 0.0000000000000000000, -8.000000000000000000 ) ) ;
#4743 = CARTESIAN_POINT ( 'NONE',  ( 0.0000000000000000000, -15.55634918610525300, -16.80634918610368800 ) ) ;
#4744 = DIRECTION ( 'NONE',  ( 1.000000000000000000, 0.0000000000000000000, 0.0000000000000000000 ) ) ;
#4745 = FACE_OUTER_BOUND ( 'NONE', #436, .T. ) ;
#4746 = ORIENTED_EDGE ( 'NONE', *, *, #3208, .F. ) ;
#4747 = ORIENTED_EDGE ( 'NONE', *, *, #9514, .F. ) ;
#4748 = ORIENTED_EDGE ( 'NONE', *, *, #2108, .F. ) ;
#4749 = EDGE_CURVE ( 'NONE', #7091, #1091, #9836, .T. ) ;
#4750 = DIRECTION ( 'NONE',  ( 0.0000000000000000000, 0.0000000000000000000, 1.000000000000000000 ) ) ;
#4751 = CIRCLE ( 'NONE', #6142, 34.00000000000000000 ) ;
#4752 = ADVANCED_FACE ( 'NONE', ( #1558 ), #6865, .F. ) ;
#4753 = CARTESIAN_POINT ( 'NONE',  ( -1.099999999832334000, 2.121822057897794100E-016, 5.249999999994769500 ) ) ;
#4754 = ORIENTED_EDGE ( 'NONE', *, *, #4682, .T. ) ;
#4755 = CARTESIAN_POINT ( 'NONE',  ( 1.000000000128239000, -0.2598619697419643500, -8.500000000000003600 ) ) ;
#4756 = AXIS2_PLACEMENT_3D ( 'NONE', #9601, #8045, #4146 ) ;
#4757 = CARTESIAN_POINT ( 'NONE',  ( 6.400000000000034100, 28.90392227660019800, 15.94201915079274400 ) ) ;
#4758 = CARTESIAN_POINT ( 'NONE',  ( -1.999999999871762400, -0.6991244524403359400, 6.964999999999999900 ) ) ;
#4759 = DATE_AND_TIME ( #155, #4040 ) ;
#4760 = LINE ( 'NONE', #8359, #2726 ) ;
#4761 = DIRECTION ( 'NONE',  ( 0.0000000000000000000, 0.0000000000000000000, 1.000000000000000000 ) ) ;
#4762 = PERSON_AND_ORGANIZATION_ROLE ( 'design_owner' ) ;
#4763 = ORIENTED_EDGE ( 'NONE', *, *, #7764, .F. ) ;
#4764 = CARTESIAN_POINT ( 'NONE',  ( 8.999999999997106300, -6.012270237467643800, -3.177737587955852000 ) ) ;
#4765 = CARTESIAN_POINT ( 'NONE',  ( -0.8903129628031729600, 5.429474492442707900, 0.5773138049137163100 ) ) ;
#4766 = CARTESIAN_POINT ( 'NONE',  ( 20.00000000000006400, -13.43094172413954200, -1.365086153621663400 ) ) ;
#4767 = AXIS2_PLACEMENT_3D ( 'NONE', #9684, #5107, #2069 ) ;
#4768 = PRODUCT ( 'GB6010带后盖_25072801', 'GB6010带后盖_25072801', '', ( #2418 ) ) ;
#4769 = CARTESIAN_POINT ( 'NONE',  ( 1.500000000000023800, 30.92074334458997200, 6.015947615895713700 ) ) ;
#4770 = ORIENTED_EDGE ( 'NONE', *, *, #3166, .T. ) ;
#4771 = CARTESIAN_POINT ( 'NONE',  ( 4.315194346083972000E-015, -62.75701428497709600, -31.37850714248853000 ) ) ;
#4772 = DIRECTION ( 'NONE',  ( 1.000000000000000000, 6.071532165918827900E-018, 5.551115123125788900E-017 ) ) ;
#4773 = AXIS2_PLACEMENT_3D ( 'NONE', #2169, #9823, #1401 ) ;
#4774 = ORIENTED_EDGE ( 'NONE', *, *, #1440, .F. ) ;
#4775 = LINE ( 'NONE', #2950, #1156 ) ;
#4776 = ADVANCED_FACE ( 'NONE', ( #3251 ), #4807, .T. ) ;
#4777 = AXIS2_PLACEMENT_3D ( 'NONE', #6722, #9024, #1363 ) ;
#4778 = EDGE_LOOP ( 'NONE', ( #4859, #3731 ) ) ;
#4779 = DIRECTION ( 'NONE',  ( -1.000000000000000000, -0.0000000000000000000, -0.0000000000000000000 ) ) ;
#4780 = CARTESIAN_POINT ( 'NONE',  ( 19.40000000000003400, -33.43043657028685800, 2.165491473040952900 ) ) ;
#4781 = DIRECTION ( 'NONE',  ( 0.0000000000000000000, 0.0000000000000000000, -1.000000000000000000 ) ) ;
#4782 = CARTESIAN_POINT ( 'NONE',  ( 6.400000000000035000, 27.95961130092229800, 17.52898216890879400 ) ) ;
#4783 = FACE_OUTER_BOUND ( 'NONE', #8714, .T. ) ;
#4784 = VECTOR ( 'NONE', #6519, 1000.000000000000000 ) ;
#4785 = DIRECTION ( 'NONE',  ( 1.000000000000000000, 0.0000000000000000000, 0.0000000000000000000 ) ) ;
#4786 = EDGE_CURVE ( 'NONE', #7990, #4117, #5061, .T. ) ;
#4787 = DIRECTION ( 'NONE',  ( 0.0000000000000000000, -0.0000000000000000000, -1.000000000000000000 ) ) ;
#4788 = VERTEX_POINT ( 'NONE', #2567 ) ;
#4789 = AXIS2_PLACEMENT_3D ( 'NONE', #9347, #6405, #1821 ) ;
#4790 = ADVANCED_FACE ( 'NONE', ( #7599 ), #8773, .F. ) ;
#4791 = CARTESIAN_POINT ( 'NONE',  ( 8.999999999997106300, -6.667440768439500500, -1.370555956083969100 ) ) ;
#4792 = DIRECTION ( 'NONE',  ( 0.0000000000000000000, 0.0000000000000000000, 1.000000000000000000 ) ) ;
#4793 = CIRCLE ( 'NONE', #6823, 1.000000000000000200 ) ;
#4794 = CARTESIAN_POINT ( 'NONE',  ( 20.00000000000006000, -12.66978546818398700, 4.671192535515576300 ) ) ;
#4795 = CARTESIAN_POINT ( 'NONE',  ( 19.40000000000003400, 12.90719904683942200, -30.40432608666674600 ) ) ;
#4796 = FACE_OUTER_BOUND ( 'NONE', #7456, .T. ) ;
#4797 = ADVANCED_FACE ( 'NONE', ( #9477 ), #7108, .F. ) ;
#4798 = CARTESIAN_POINT ( 'NONE',  ( 0.1500000000000011300, 24.40000000000000200, 4.394078711698372600 ) ) ;
#4799 = ORIENTED_EDGE ( 'NONE', *, *, #3208, .T. ) ;
#4800 = EDGE_CURVE ( 'NONE', #2459, #3063, #1189, .T. ) ;
#4801 = ORIENTED_EDGE ( 'NONE', *, *, #5690, .T. ) ;
#4802 = CARTESIAN_POINT ( 'NONE',  ( 6.501000000000001200, -17.41510639674034900, 18.91510639673995400 ) ) ;
#4803 = DIRECTION ( 'NONE',  ( 1.000000000000000000, 1.679403124341539000E-016, -1.865376329483173100E-017 ) ) ;
#4804 = DIRECTION ( 'NONE',  ( -1.000000000000000000, -0.0000000000000000000, -0.0000000000000000000 ) ) ;
#4805 = CARTESIAN_POINT ( 'NONE',  ( 1.000000000000000000, 3.814679127159692200E-015, 31.14921894064166000 ) ) ;
#4806 = CIRCLE ( 'NONE', #2759, 2.000000000000000900 ) ;
#4807 = CYLINDRICAL_SURFACE ( 'NONE', #3114, 32.19999999999984700 ) ;
#4808 = CARTESIAN_POINT ( 'NONE',  ( 6.999999999999999100, 2.204364238465223600E-015, 17.99999999999990100 ) ) ;
#4809 = AXIS2_PLACEMENT_3D ( 'NONE', #2257, #1523, #3048 ) ;
#4810 = VERTEX_POINT ( 'NONE', #5696 ) ;
#4811 = ORIENTED_EDGE ( 'NONE', *, *, #4359, .F. ) ;
#4812 = EDGE_CURVE ( 'NONE', #6763, #8733, #7713, .T. ) ;
#4813 = CIRCLE ( 'NONE', #4038, 11.04999999999995500 ) ;
#4814 = VECTOR ( 'NONE', #8159, 1000.000000000000000 ) ;
#4815 = DIRECTION ( 'NONE',  ( 0.0000000000000000000, 0.0000000000000000000, -1.000000000000000000 ) ) ;
#4816 = EDGE_CURVE ( 'NONE', #3787, #8600, #3022, .T. ) ;
#4817 = CARTESIAN_POINT ( 'NONE',  ( 5.399999999999979000, 32.19999999999981800, 0.0000000000000000000 ) ) ;
#4818 = VECTOR ( 'NONE', #6675, 1000.000000000000000 ) ;
#4819 = CARTESIAN_POINT ( 'NONE',  ( 19.40000000000003100, -32.44896679080820700, 8.325973912806452000 ) ) ;
#4820 = VERTEX_POINT ( 'NONE', #3599 ) ;
#4821 = CARTESIAN_POINT ( 'NONE',  ( 6.400000000000035900, 20.42199582747210600, 25.93176369517092200 ) ) ;
#4822 = CARTESIAN_POINT ( 'NONE',  ( -1.100000000000000100, -6.250000000000000000, -2.282095908992510600E-014 ) ) ;
#4823 = CIRCLE ( 'NONE', #404, 1.250000000000932600 ) ;
#4824 = CIRCLE ( 'NONE', #9271, 1.250000000001236300 ) ;
#4825 = AXIS2_PLACEMENT_3D ( 'NONE', #6067, #4572, #6937 ) ;
#4826 = DIRECTION ( 'NONE',  ( -1.000000000000000000, -6.123233995736766000E-017, -0.0000000000000000000 ) ) ;
#4827 = FACE_BOUND ( 'NONE', #2237, .T. ) ;
#4828 = CARTESIAN_POINT ( 'NONE',  ( 8.999999999997104500, -6.725141696191610000, -1.032200669794619600 ) ) ;
#4829 = CARTESIAN_POINT ( 'NONE',  ( 1.000000000128238300, 7.033399776736036600, 4.773540549320299100 ) ) ;
#4830 = ADVANCED_FACE ( 'NONE', ( #6744, #1687, #2533, #6625, #7350, #4083, #3737, #451, #7971, #4574 ), #4469, .F. ) ;
#4831 = DIRECTION ( 'NONE',  ( 0.0000000000000000000, 0.0000000000000000000, -1.000000000000000000 ) ) ;
#4832 = DIRECTION ( 'NONE',  ( -1.626303258728255200E-016, 1.000000000000000000, 0.0000000000000000000 ) ) ;
#4833 = CARTESIAN_POINT ( 'NONE',  ( 19.40000000000003400, 2.428612866367647600E-018, 2.220446049250525800E-017 ) ) ;
#4834 = MANIFOLD_SURFACE_SHAPE_REPRESENTATION ( '', ( #5593, #7241 ), #6210 ) ;
#4835 = EDGE_CURVE ( 'NONE', #3334, #4948, #5301, .T. ) ;
#4836 = CARTESIAN_POINT ( 'NONE',  ( 1.899999999999999900, 0.0000000000000000000, 0.0000000000000000000 ) ) ;
#4837 = CIRCLE ( 'NONE', #5743, 1.000000000000000200 ) ;
#4838 = EDGE_LOOP ( 'NONE', ( #7173, #7354, #9261, #7321 ) ) ;
#4839 = ORIENTED_EDGE ( 'NONE', *, *, #1977, .T. ) ;
#4840 = CARTESIAN_POINT ( 'NONE',  ( 0.0000000000000000000, 0.0000000000000000000, 0.0000000000000000000 ) ) ;
#4841 = CARTESIAN_POINT ( 'NONE',  ( 0.07589598640058845000, -7.738511278831701900E-015, -31.59486998300062400 ) ) ;
#4842 = EDGE_LOOP ( 'NONE', ( #3428, #7083, #2457, #994 ) ) ;
#4843 = CARTESIAN_POINT ( 'NONE',  ( 0.0000000000000000000, 19.50000000000000400, 7.999999999999994700 ) ) ;
#4844 = EDGE_LOOP ( 'NONE', ( #8525, #1101 ) ) ;
#4845 = AXIS2_PLACEMENT_3D ( 'NONE', #7869, #6267, #9402 ) ;
#4846 = ADVANCED_FACE ( 'NONE', ( #2038 ), #2776, .T. ) ;
#4847 = CARTESIAN_POINT ( 'NONE',  ( 6.400000000000032300, -33.50000000000007100, 3.256857540767974500E-015 ) ) ;
#4848 = EDGE_LOOP ( 'NONE', ( #1535, #3495, #5001, #9465 ) ) ;
#4849 = VERTEX_POINT ( 'NONE', #8242 ) ;
#4850 = VERTEX_POINT ( 'NONE', #5156 ) ;
#4851 = ADVANCED_FACE ( 'NONE', ( #9715 ), #945, .T. ) ;
#4852 = DIRECTION ( 'NONE',  ( 1.000000000000000000, -0.0000000000000000000, 0.0000000000000000000 ) ) ;
#4853 = CARTESIAN_POINT ( 'NONE',  ( 19.40000000000003400, -32.03114210962340300, 9.834907021510016300 ) ) ;
#4854 = EDGE_CURVE ( 'NONE', #3283, #923, #4575, .T. ) ;
#4855 = CARTESIAN_POINT ( 'NONE',  ( 6.400000000000035000, 2.133171764757417300, 32.93147467418162200 ) ) ;
#4856 = EDGE_LOOP ( 'NONE', ( #8017, #5316, #2907, #10003, #7749 ) ) ;
#4857 = ORIENTED_EDGE ( 'NONE', *, *, #676, .F. ) ;
#4858 = VERTEX_POINT ( 'NONE', #163 ) ;
#4859 = ORIENTED_EDGE ( 'NONE', *, *, #9192, .T. ) ;
#4860 = CARTESIAN_POINT ( 'NONE',  ( 0.4999999999999988300, 18.91510639674020700, -18.91510639674008600 ) ) ;
#4861 = EDGE_LOOP ( 'NONE', ( #1740, #3318, #8925, #616 ) ) ;
#4862 = DIRECTION ( 'NONE',  ( 0.0000000000000000000, -1.000000000000000000, 0.0000000000000000000 ) ) ;
#4863 = CARTESIAN_POINT ( 'NONE',  ( 8.999999999997106300, 1.758902845180474000, -6.570382497703534800 ) ) ;
#4864 = CARTESIAN_POINT ( 'NONE',  ( 1.000000000128238800, 8.331990669844266500, 1.682006765310135600 ) ) ;
#4865 = CARTESIAN_POINT ( 'NONE',  ( 20.00000000000006000, 2.049390865852958000, -13.35134628408005700 ) ) ;
#4866 = CARTESIAN_POINT ( 'NONE',  ( 21.00000000000006400, -12.61949978155891500, 27.24732554481079200 ) ) ;
#4867 = FACE_OUTER_BOUND ( 'NONE', #9711, .T. ) ;
#4868 = DIRECTION ( 'NONE',  ( 0.0000000000000000000, 0.0000000000000000000, 1.000000000000000000 ) ) ;
#4869 = VERTEX_POINT ( 'NONE', #9078 ) ;
#4870 = DIRECTION ( 'NONE',  ( 0.0000000000000000000, 0.0000000000000000000, 1.000000000000000000 ) ) ;
#4871 = AXIS2_PLACEMENT_3D ( 'NONE', #4063, #5632, #7206 ) ;
#4872 = PLANE ( 'NONE',  #1399 ) ;
#4873 = DIRECTION ( 'NONE',  ( -1.000000000000000000, -0.0000000000000000000, -0.0000000000000000000 ) ) ;
#4874 = LOCAL_TIME ( 11, 40, 0.0000000000000000000, #6940 ) ;
#4875 = VECTOR ( 'NONE', #2162, 1000.000000000000000 ) ;
#4876 = CARTESIAN_POINT ( 'NONE',  ( -1.100000000000000100, 6.249999999999999100, -0.9999999999999358300 ) ) ;
#4877 = EDGE_CURVE ( 'NONE', #2572, #4454, #9602, .T. ) ;
#4878 = CARTESIAN_POINT ( 'NONE',  ( 5.399999999999978200, 0.0000000000000000000, 0.0000000000000000000 ) ) ;
#4879 = ORIENTED_EDGE ( 'NONE', *, *, #6450, .F. ) ;
#4880 = ADVANCED_FACE ( 'NONE', ( #9967 ), #5897, .T. ) ;
#4881 = DIRECTION ( 'NONE',  ( -1.000000000000000000, -0.0000000000000000000, -0.0000000000000000000 ) ) ;
#4882 = DIRECTION ( 'NONE',  ( 0.0000000000000000000, 0.0000000000000000000, -1.000000000000000000 ) ) ;
#4883 = CARTESIAN_POINT ( 'NONE',  ( 19.40000000000003800, -32.27714514008133100, 8.975197621345278900 ) ) ;
#4884 = COORDINATED_UNIVERSAL_TIME_OFFSET ( 8, 0, .AHEAD. ) ;
#4885 = CARTESIAN_POINT ( 'NONE',  ( 1.000000000128238800, -5.072886587589920300, 6.823084891240699600 ) ) ;
#4886 = AXIS2_PLACEMENT_3D ( 'NONE', #9327, #90, #7986 ) ;
#4887 = CARTESIAN_POINT ( 'NONE',  ( 6.400000000000035000, 18.97142964916348600, 27.00159139127659100 ) ) ;
#4888 = CONTEXT_DEPENDENT_SHAPE_REPRESENTATION ( #2586, #8396 ) ;
#4889 = VERTEX_POINT ( 'NONE', #3958 ) ;
#4890 = CARTESIAN_POINT ( 'NONE',  ( 0.0000000000000000000, 15.55634918610283400, -15.55634918610407700 ) ) ;
#4891 = EDGE_CURVE ( 'NONE', #9178, #6552, #6976, .T. ) ;
#4892 = EDGE_CURVE ( 'NONE', #7663, #5231, #7469, .T. ) ;
#4893 = APPROVAL_ROLE ( '' ) ;
#4894 = FACE_BOUND ( 'NONE', #9312, .T. ) ;
#4895 = ADVANCED_FACE ( 'NONE', ( #1796 ), #9254, .T. ) ;
#4896 = CARTESIAN_POINT ( 'NONE',  ( 8.999999999997106300, 3.177737587956019500, -6.012270237467586900 ) ) ;
#4897 = CARTESIAN_POINT ( 'NONE',  ( 1.000000000128238300, 8.213537217113472600, -2.218516657058084100 ) ) ;
#4898 = ORIENTED_EDGE ( 'NONE', *, *, #2595, .F. ) ;
#4899 = CARTESIAN_POINT ( 'NONE',  ( 20.00000000000006400, 1.191459630861137200, -13.44823423611027200 ) ) ;
#4900 = CARTESIAN_POINT ( 'NONE',  ( 21.00000000000006000, 8.451271477094469000, 28.78507544638197000 ) ) ;
#4901 = CARTESIAN_POINT ( 'NONE',  ( -2.168404344971009400E-016, 11.40713421897487100, 28.98537717948505900 ) ) ;
#4902 = ADVANCED_FACE ( 'NONE', ( #8442 ), #6381, .T. ) ;
#4903 = AXIS2_PLACEMENT_3D ( 'NONE', #7667, #3849, #9230 ) ;
#4904 = DIRECTION ( 'NONE',  ( 0.0000000000000000000, 0.0000000000000000000, 1.000000000000000000 ) ) ;
#4905 = VECTOR ( 'NONE', #9772, 1000.000000000000000 ) ;
#4906 = CARTESIAN_POINT ( 'NONE',  ( 0.2191311905569941200, 0.0000000000000000000, -31.77391398819611700 ) ) ;
#4907 = DIRECTION ( 'NONE',  ( -4.031116275487132800E-017, 0.7664067222263166700, 0.6423556150033356000 ) ) ;
#4908 = CARTESIAN_POINT ( 'NONE',  ( 19.40000000000003400, -27.37161942202680700, 19.31438902210244300 ) ) ;
#4909 = CC_DESIGN_APPROVAL ( #3883, ( #2997 ) ) ;
#4910 = ORIENTED_EDGE ( 'NONE', *, *, #3407, .F. ) ;
#4911 = CARTESIAN_POINT ( 'NONE',  ( 6.500000000000000900, 0.0000000000000000000, 0.0000000000000000000 ) ) ;
#4912 = CIRCLE ( 'NONE', #619, 11.04999999999995300 ) ;
#4913 = LINE ( 'NONE', #5389, #7215 ) ;
#4914 = CARTESIAN_POINT ( 'NONE',  ( 22.27639320225006600, -21.48500545928523700, 25.63416933933054800 ) ) ;
#4915 = CARTESIAN_POINT ( 'NONE',  ( 19.40000000000003100, -33.13710004584749000, -4.918090159600492200 ) ) ;
#4916 = CARTESIAN_POINT ( 'NONE',  ( 1.000000000128238500, -4.224513483194781900, -7.378379923617171000 ) ) ;
#4917 = CARTESIAN_POINT ( 'NONE',  ( 6.400000000000035900, -4.711508960753006500E-016, -3.386180225106705600E-016 ) ) ;
#4918 = EDGE_LOOP ( 'NONE', ( #4746, #4706, #1852, #7345 ) ) ;
#4919 = FACE_BOUND ( 'NONE', #2598, .T. ) ;
#4920 = VECTOR ( 'NONE', #1027, 1000.000000000000000 ) ;
#4921 = CARTESIAN_POINT ( 'NONE',  ( 0.0000000000000000000, -18.91510639674024200, 18.91510639674090300 ) ) ;
#4922 = AXIS2_PLACEMENT_3D ( 'NONE', #8640, #6566, #438 ) ;
#4923 = DIRECTION ( 'NONE',  ( -1.000000000000000000, -0.0000000000000000000, -0.0000000000000000000 ) ) ;
#4924 = ORIENTED_EDGE ( 'NONE', *, *, #5022, .F. ) ;
#4925 = CARTESIAN_POINT ( 'NONE',  ( 1.000000000128238800, 4.589923864103343300, 7.154571582959692800 ) ) ;
#4926 = DIRECTION ( 'NONE',  ( 0.0000000000000000000, 0.0000000000000000000, 1.000000000000000000 ) ) ;
#4927 = CARTESIAN_POINT ( 'NONE',  ( 20.00000000000006000, -0.02456631436490573300, -13.51416210593779600 ) ) ;
#4928 = VERTEX_POINT ( 'NONE', #7858 ) ;
#4929 = CARTESIAN_POINT ( 'NONE',  ( 21.00000000000006400, -9.512035441249326000, 28.45210133973683900 ) ) ;
#4930 = DIRECTION ( 'NONE',  ( 1.000000000000000000, 6.071532165918827900E-018, 5.551115123125788900E-017 ) ) ;
#4931 = CYLINDRICAL_SURFACE ( 'NONE', #2570, 2.500000000000000000 ) ;
#4932 = VECTOR ( 'NONE', #2290, 1000.000000000000000 ) ;
#4933 = VERTEX_POINT ( 'NONE', #3995 ) ;
#4934 = EDGE_CURVE ( 'NONE', #4235, #5124, #5414, .T. ) ;
#4935 = DIRECTION ( 'NONE',  ( -1.000000000000000000, -0.0000000000000000000, -0.0000000000000000000 ) ) ;
#4936 = CARTESIAN_POINT ( 'NONE',  ( -1.100000000000000100, -1.092875789857602900E-016, 5.249999999999999100 ) ) ;
#4937 = CARTESIAN_POINT ( 'NONE',  ( 19.40000000000003100, -12.90719904680415000, 30.40432608668053800 ) ) ;
#4938 = ORIENTED_EDGE ( 'NONE', *, *, #6486, .T. ) ;
#4939 = CARTESIAN_POINT ( 'NONE',  ( 6.500000000000000900, 0.0000000000000000000, 0.0000000000000000000 ) ) ;
#4940 = DIRECTION ( 'NONE',  ( -1.000000000000000000, -0.0000000000000000000, -0.0000000000000000000 ) ) ;
#4941 = CARTESIAN_POINT ( 'NONE',  ( 19.40000000000003400, -27.41070651937925400, 19.25887542807992500 ) ) ;
#4942 = CIRCLE ( 'NONE', #9886, 2.999999999999999100 ) ;
#4943 = LINE ( 'NONE', #4542, #9865 ) ;
#4944 = CARTESIAN_POINT ( 'NONE',  ( 21.38196601125016700, 8.445398060899182900E-018, -33.99999999999988600 ) ) ;
#4945 = FACE_OUTER_BOUND ( 'NONE', #7443, .T. ) ;
#4946 = ADVANCED_FACE ( 'NONE', ( #8661 ), #206, .T. ) ;
#4947 = AXIS2_PLACEMENT_3D ( 'NONE', #4817, #4852, #1762 ) ;
#4948 = VERTEX_POINT ( 'NONE', #7134 ) ;
#4949 = VERTEX_POINT ( 'NONE', #1647 ) ;
#4950 = EDGE_CURVE ( 'NONE', #1842, #1613, #5664, .T. ) ;
#4951 = CARTESIAN_POINT ( 'NONE',  ( 2.999999999999999100, 10.60660171779823100, 10.60660171779819000 ) ) ;
#4952 = ADVANCED_FACE ( 'NONE', ( #7224 ), #3134, .F. ) ;
#4953 = CARTESIAN_POINT ( 'NONE',  ( 21.77120881839775300, 30.27556620127602500, 69.73801037592133400 ) ) ;
#4954 = CARTESIAN_POINT ( 'NONE',  ( 5.000000000000000000, -3.327635673973334400, 13.34641771492635500 ) ) ;
#4955 = CARTESIAN_POINT ( 'NONE',  ( 0.1000000000000008000, 26.65000000000000200, -2.661168116285474200E-015 ) ) ;
#4956 = CYLINDRICAL_SURFACE ( 'NONE', #157, 1.499999999999990900 ) ;
#4957 = CARTESIAN_POINT ( 'NONE',  ( 1.000000000128238300, -5.477695403144871000, 6.511282033287245400 ) ) ;
#4958 = EDGE_LOOP ( 'NONE', ( #4022, #4500, #6531, #1108, #4754 ) ) ;
#4959 = CARTESIAN_POINT ( 'NONE',  ( 8.999999999997102800, 5.005694575543437000, -4.604584836073249800 ) ) ;
#4960 = EDGE_LOOP ( 'NONE', ( #750, #4485 ) ) ;
#4961 = LINE ( 'NONE', #1908, #5695 ) ;
#4962 = ORIENTED_EDGE ( 'NONE', *, *, #4661, .F. ) ;
#4963 = CARTESIAN_POINT ( 'NONE',  ( 0.0000000000000000000, 0.0000000000000000000, 0.0000000000000000000 ) ) ;
#4964 = CARTESIAN_POINT ( 'NONE',  ( 8.999999999997102800, 3.324163192939377800, -5.932165435916696900 ) ) ;
#4965 = CARTESIAN_POINT ( 'NONE',  ( 1.000000000128238500, 4.711348703083070100, -7.075186736936085000 ) ) ;
#4966 = DIRECTION ( 'NONE',  ( 1.000000000000000000, 0.0000000000000000000, 0.0000000000000000000 ) ) ;
#4967 = CARTESIAN_POINT ( 'NONE',  ( 20.00000000000006000, 3.492161216137216400, -13.04409189338551500 ) ) ;
#4968 = ORIENTED_EDGE ( 'NONE', *, *, #466, .T. ) ;
#4970 = VERTEX_POINT ( 'NONE', #1841 ) ;
#4969 = CARTESIAN_POINT ( 'NONE',  ( 21.00000000000006400, -1.491731368604713300, 30.03439339771653500 ) ) ;
#4971 = DIRECTION ( 'NONE',  ( 0.0000000000000000000, 0.0000000000000000000, -1.000000000000000000 ) ) ;
#4972 = ORIENTED_EDGE ( 'NONE', *, *, #7058, .T. ) ;
#4973 = ORIENTED_EDGE ( 'NONE', *, *, #6605, .T. ) ;
#4974 = EDGE_CURVE ( 'NONE', #4454, #2572, #3371, .T. ) ;
#4975 = EDGE_CURVE ( 'NONE', #6552, #9178, #1315, .T. ) ;
#4976 = AXIS2_PLACEMENT_3D ( 'NONE', #9309, #2289, #7721 ) ;
#4977 = DIRECTION ( 'NONE',  ( 0.0000000000000000000, 0.0000000000000000000, -1.000000000000000000 ) ) ;
#4978 = DIRECTION ( 'NONE',  ( -1.000000000000000000, -0.0000000000000000000, -0.0000000000000000000 ) ) ;
#4979 = CARTESIAN_POINT ( 'NONE',  ( 0.0000000000000000000, 1.502329441921257900E-015, 12.19999999999999900 ) ) ;
#4980 = CARTESIAN_POINT ( 'NONE',  ( 2.999999999999998200, 21.50000000000000000, 2.999999999999992900 ) ) ;
#4981 = DIRECTION ( 'NONE',  ( 1.000000000000000000, 6.071532165918827900E-018, 5.551115123125788900E-017 ) ) ;
#4982 = ORIENTED_EDGE ( 'NONE', *, *, #503, .T. ) ;
#4983 = ORIENTED_EDGE ( 'NONE', *, *, #1765, .F. ) ;
#4984 = AXIS2_PLACEMENT_3D ( 'NONE', #9571, #390, #1989 ) ;
#4985 = EDGE_LOOP ( 'NONE', ( #8141, #220 ) ) ;
#4986 = ORIENTED_EDGE ( 'NONE', *, *, #2397, .T. ) ;
#4987 = CARTESIAN_POINT ( 'NONE',  ( -1.033140896836401300, 0.3668874207807371600, 5.305805150781004900 ) ) ;
#4988 = ORIENTED_EDGE ( 'NONE', *, *, #9995, .T. ) ;
#4989 = ORIENTED_EDGE ( 'NONE', *, *, #9155, .T. ) ;
#4990 = DIRECTION ( 'NONE',  ( 0.0000000000000000000, 0.0000000000000000000, -1.000000000000000000 ) ) ;
#4991 = PRODUCT_DEFINITION_SHAPE ( 'NONE', 'NONE',  #2997 ) ;
#4992 = DIRECTION ( 'NONE',  ( -1.000000000000000000, -0.0000000000000000000, -0.0000000000000000000 ) ) ;
#4993 = CARTESIAN_POINT ( 'NONE',  ( 19.40000000000003400, 21.19773529511007800, -25.29142183346845100 ) ) ;
#4994 = VERTEX_POINT ( 'NONE', #2655 ) ;
#4995 = LINE ( 'NONE', #1538, #2958 ) ;
#4996 = CARTESIAN_POINT ( 'NONE',  ( 0.0000000000000000000, -6.250000000000000000, 0.9999999999999768000 ) ) ;
#4997 = CARTESIAN_POINT ( 'NONE',  ( 5.999999999999998200, 29.07318352021326600, 4.999999999999999100 ) ) ;
#4998 = VERTEX_POINT ( 'NONE', #7994 ) ;
#4999 = CARTESIAN_POINT ( 'NONE',  ( 19.40000000000003400, 4.078040947881761200, -33.25304967054808000 ) ) ;
#5000 = EDGE_CURVE ( 'NONE', #2441, #1195, #5543, .T. ) ;
#5001 = ORIENTED_EDGE ( 'NONE', *, *, #4740, .T. ) ;
#5002 = CARTESIAN_POINT ( 'NONE',  ( 1.000000000128238500, -8.004622828341922500, -2.872663059693790500 ) ) ;
#5003 = EDGE_CURVE ( 'NONE', #9657, #785, #8516, .T. ) ;
#5004 = CARTESIAN_POINT ( 'NONE',  ( 8.999999999997104500, 5.210182740823766400, -4.369740952848877300 ) ) ;
#5005 = DIRECTION ( 'NONE',  ( -1.626303258728255200E-016, 1.000000000000000000, 0.0000000000000000000 ) ) ;
#5006 = FACE_BOUND ( 'NONE', #2615, .T. ) ;
#5007 = ADVANCED_FACE ( 'NONE', ( #4680 ), #653, .T. ) ;
#5008 = ORIENTED_EDGE ( 'NONE', *, *, #8820, .T. ) ;
#5009 = EDGE_CURVE ( 'NONE', #2699, #2572, #1063, .T. ) ;
#5010 = CARTESIAN_POINT ( 'NONE',  ( 21.00000000000006400, -5.194880905866523500, -29.57879403629467800 ) ) ;
#5011 = DIRECTION ( 'NONE',  ( 0.0000000000000000000, 0.0000000000000000000, -1.000000000000000000 ) ) ;
#5012 = CARTESIAN_POINT ( 'NONE',  ( -2.168404344971009400E-016, 9.810079758984160800, 29.57185129594861200 ) ) ;
#5013 = APPROVAL_DATE_TIME ( #9920, #907 ) ;
#5014 = CIRCLE ( 'NONE', #2648, 2.999999999964534600 ) ;
#5015 = DIRECTION ( 'NONE',  ( 0.0000000000000000000, 0.0000000000000000000, -1.000000000000000000 ) ) ;
#5016 = CARTESIAN_POINT ( 'NONE',  ( 0.1000000000000009100, 25.90000000000000200, -3.998403685112363000 ) ) ;
#5017 = ORIENTED_EDGE ( 'NONE', *, *, #5377, .T. ) ;
#5018 = DIRECTION ( 'NONE',  ( -1.000000000000000000, -6.123233995736766000E-017, -0.0000000000000000000 ) ) ;
#5019 = AXIS2_PLACEMENT_3D ( 'NONE', #412, #1980, #3564 ) ;
#5020 = CARTESIAN_POINT ( 'NONE',  ( 1.699999999999999100, 9.000000000000001800, 0.0000000000000000000 ) ) ;
#5021 = CARTESIAN_POINT ( 'NONE',  ( 6.400000000000036800, -32.27780730637333300, -7.234226641032197600 ) ) ;
#5022 = EDGE_CURVE ( 'NONE', #7771, #5951, #5178, .T. ) ;
#5023 = EDGE_CURVE ( 'NONE', #3882, #7130, #4319, .T. ) ;
#5024 = EDGE_LOOP ( 'NONE', ( #4973, #10 ) ) ;
#5025 = CARTESIAN_POINT ( 'NONE',  ( 19.40000000000003100, 31.28776521354577900, -10.49843564187268900 ) ) ;
#5026 = DIRECTION ( 'NONE',  ( 0.0000000000000000000, -1.000000000000000000, 0.0000000000000000000 ) ) ;
#5027 = VERTEX_POINT ( 'NONE', #2964 ) ;
#5028 = CARTESIAN_POINT ( 'NONE',  ( 19.40000000000003400, 34.00000000000000000, 2.220446049250525800E-017 ) ) ;
#5029 = CARTESIAN_POINT ( 'NONE',  ( 19.40000000000003400, 18.87324208820929900, -27.70077831912599100 ) ) ;
#5030 = CARTESIAN_POINT ( 'NONE',  ( 1.000000000128239000, -7.876547097709281100, -3.195507051172957500 ) ) ;
#5031 = AXIS2_PLACEMENT_3D ( 'NONE', #517, #3563, #4868 ) ;
#5032 = CARTESIAN_POINT ( 'NONE',  ( 8.999999999997102800, 4.756242010700748100, -4.867664509033179600 ) ) ;
#5033 = CYLINDRICAL_SURFACE ( 'NONE', #4976, 1.250000000000849300 ) ;
#5034 = DIRECTION ( 'NONE',  ( 1.000000000000000000, 0.0000000000000000000, 0.0000000000000000000 ) ) ;
#5035 = EDGE_CURVE ( 'NONE', #3216, #6489, #9369, .T. ) ;
#5036 = EDGE_CURVE ( 'NONE', #6775, #6304, #1787, .T. ) ;
#5037 = ORIENTED_EDGE ( 'NONE', *, *, #547, .T. ) ;
#5038 = CARTESIAN_POINT ( 'NONE',  ( 21.00000000000006800, -8.575330479199305200, -28.74835462545110700 ) ) ;
#5039 = CIRCLE ( 'NONE', #7042, 1.499999999999990900 ) ;
#5040 = CARTESIAN_POINT ( 'NONE',  ( 6.500000000128237900, -1.092875789857602900E-016, -9.992007221555231900E-016 ) ) ;
#5041 = CARTESIAN_POINT ( 'NONE',  ( 21.00000000000006000, 26.08664278818024600, 14.81512238544210200 ) ) ;
#5042 = CARTESIAN_POINT ( 'NONE',  ( -2.168404344971008900E-016, 28.87675955815099000, 11.67965702576057300 ) ) ;
#5043 = LINE ( 'NONE', #4802, #6484 ) ;
#5044 = AXIS2_PLACEMENT_3D ( 'NONE', #533, #9049, #2986 ) ;
#5045 = CARTESIAN_POINT ( 'NONE',  ( 2.000000000000001800, -18.91510639674033800, 18.91510639673995400 ) ) ;
#5046 = DIRECTION ( 'NONE',  ( -1.000000000000000000, -0.0000000000000000000, -0.0000000000000000000 ) ) ;
#5047 = DIRECTION ( 'NONE',  ( 0.0000000000000000000, 0.0000000000000000000, -1.000000000000000000 ) ) ;
#5048 = LINE ( 'NONE', #2340, #4187 ) ;
#5049 = CARTESIAN_POINT ( 'NONE',  ( 6.400000000000035900, -31.79539628401101200, 8.841240372360042300 ) ) ;
#5050 = FACE_BOUND ( 'NONE', #158, .T. ) ;
#5051 = CC_DESIGN_DATE_AND_TIME_ASSIGNMENT ( #4759, #5548, ( #5952 ) ) ;
#5052 = DIRECTION ( 'NONE',  ( 0.0000000000000000000, 0.0000000000000000000, 1.000000000000000000 ) ) ;
#5053 = EDGE_CURVE ( 'NONE', #827, #8650, #1177, .T. ) ;
#5054 = ORIENTED_EDGE ( 'NONE', *, *, #7082, .F. ) ;
#5055 = ORIENTED_EDGE ( 'NONE', *, *, #6891, .F. ) ;
#5056 = ORIENTED_EDGE ( 'NONE', *, *, #4538, .F. ) ;
#5057 = VECTOR ( 'NONE', #3173, 1000.000000000000000 ) ;
#5058 = ADVANCED_FACE ( 'NONE', ( #3476 ), #6587, .T. ) ;
#5059 = CARTESIAN_POINT ( 'NONE',  ( 22.27639320225007000, 21.48500545928524000, -25.63416933933054800 ) ) ;
#5060 = CARTESIAN_POINT ( 'NONE',  ( 6.499999999999999100, 28.05797569319640100, 4.999999999999999100 ) ) ;
#5061 = CIRCLE ( 'NONE', #5698, 0.9999999999999991100 ) ;
#5062 = CARTESIAN_POINT ( 'NONE',  ( 19.40000000000003400, -0.5606814950432995600, -33.51444442819820300 ) ) ;
#5063 = DIRECTION ( 'NONE',  ( 1.000000000000000000, 1.679403124341539000E-016, -1.865376329483173100E-017 ) ) ;
#5064 = CARTESIAN_POINT ( 'NONE',  ( 6.400000000000035000, -19.95277980556694400, 26.32641004970805200 ) ) ;
#5065 = VERTEX_POINT ( 'NONE', #612 ) ;
#5066 = CARTESIAN_POINT ( 'NONE',  ( 0.1000000000000017000, 20.46667702163212600, -3.998403685112363000 ) ) ;
#5067 = FACE_OUTER_BOUND ( 'NONE', #9780, .T. ) ;
#5068 = CYLINDRICAL_SURFACE ( 'NONE', #4192, 2.999999999999999100 ) ;
#5069 = FACE_OUTER_BOUND ( 'NONE', #3276, .T. ) ;
#5070 = ORIENTED_EDGE ( 'NONE', *, *, #982, .F. ) ;
#5071 = DIRECTION ( 'NONE',  ( 0.0000000000000000000, 0.0000000000000000000, -1.000000000000000000 ) ) ;
#5072 = CARTESIAN_POINT ( 'NONE',  ( 1.000000000128238300, 3.160822777723055800, -7.890522775366927800 ) ) ;
#5073 = DIRECTION ( 'NONE',  ( -1.000000000000000000, -0.0000000000000000000, -0.0000000000000000000 ) ) ;
#5074 = DIRECTION ( 'NONE',  ( 1.000000000000000000, 0.0000000000000000000, 0.0000000000000000000 ) ) ;
#5075 = AXIS2_PLACEMENT_3D ( 'NONE', #4890, #1040, #3353 ) ;
#5076 = CARTESIAN_POINT ( 'NONE',  ( 21.00000000000005700, 29.78181337830073300, 3.612161443879583700 ) ) ;
#5077 = CIRCLE ( 'NONE', #3521, 1.250000000000660400 ) ;
#5078 = CIRCLE ( 'NONE', #1741, 1.249999999999999300 ) ;
#5079 = EDGE_CURVE ( 'NONE', #6331, #62, #5656, .T. ) ;
#5080 = CIRCLE ( 'NONE', #4460, 5.249999999989539900 ) ;
#5081 = CARTESIAN_POINT ( 'NONE',  ( 1.892869739333573200, -67.73217434833362900, -33.86608717416679300 ) ) ;
#5082 = VERTEX_POINT ( 'NONE', #2889 ) ;
#5083 = ORIENTED_EDGE ( 'NONE', *, *, #4414, .T. ) ;
#5084 = DIRECTION ( 'NONE',  ( -1.000000000000000000, -0.0000000000000000000, -0.0000000000000000000 ) ) ;
#5085 = DIRECTION ( 'NONE',  ( 0.0000000000000000000, 0.0000000000000000000, -1.000000000000000000 ) ) ;
#5086 = CARTESIAN_POINT ( 'NONE',  ( 6.400000000000035000, -33.01422896795470800, 0.5523157344416425000 ) ) ;
#5087 = CARTESIAN_POINT ( 'NONE',  ( 0.0000000000000000000, 15.55634918610407200, 15.55634918610401500 ) ) ;
#5088 = VECTOR ( 'NONE', #2588, 1000.000000000000000 ) ;
#5089 = DIRECTION ( 'NONE',  ( 1.000000000000000000, 6.071532165918827900E-018, 5.551115123125788900E-017 ) ) ;
#5090 = AXIS2_PLACEMENT_3D ( 'NONE', #4692, #24, #5478 ) ;
#5091 = ORIENTED_EDGE ( 'NONE', *, *, #8975, .T. ) ;
#5092 = EDGE_LOOP ( 'NONE', ( #6437, #5343, #8463, #5298 ) ) ;
#5093 = CARTESIAN_POINT ( 'NONE',  ( -1.100000000000000100, 5.755839955992559700E-016, -4.700000000000000200 ) ) ;
#5094 = ORIENTED_EDGE ( 'NONE', *, *, #6718, .F. ) ;
#5095 = CARTESIAN_POINT ( 'NONE',  ( 2.000000000000001800, -18.91510639674015300, -18.91510639674014300 ) ) ;
#5096 = CARTESIAN_POINT ( 'NONE',  ( 19.40000000000003800, 12.81935447495929600, -30.97179555103096500 ) ) ;
#5097 = DIRECTION ( 'NONE',  ( 1.000000000000000000, -0.0000000000000000000, -0.0000000000000000000 ) ) ;
#5098 = CARTESIAN_POINT ( 'NONE',  ( 8.999999999997102800, 6.725141696192335600, 1.032200669791925900 ) ) ;
#5099 = EDGE_CURVE ( 'NONE', #3417, #6317, #2157, .T. ) ;
#5100 = AXIS2_PLACEMENT_3D ( 'NONE', #3832, #3102, #820 ) ;
#5101 = DIRECTION ( 'NONE',  ( 1.000000000000000000, -0.0000000000000000000, -0.0000000000000000000 ) ) ;
#5102 = ORIENTED_EDGE ( 'NONE', *, *, #3125, .F. ) ;
#5103 = CARTESIAN_POINT ( 'NONE',  ( 1.000000000131194400, 1.451207502099228900E-015, -11.85000853396763900 ) ) ;
#5104 = ORIENTED_EDGE ( 'NONE', *, *, #4950, .T. ) ;
#5105 = AXIS2_PLACEMENT_3D ( 'NONE', #5537, #7775, #80 ) ;
#5106 = CARTESIAN_POINT ( 'NONE',  ( 21.00000000000006400, 3.799398919606388900, -29.75850982343543500 ) ) ;
#5107 = DIRECTION ( 'NONE',  ( -1.000000000000000000, -0.0000000000000000000, -0.0000000000000000000 ) ) ;
#5108 = CARTESIAN_POINT ( 'NONE',  ( 21.00000000000006800, 28.79076347228274100, 8.492373289614482300 ) ) ;
#5109 = CARTESIAN_POINT ( 'NONE',  ( -2.168404344971008900E-016, 30.70266789340424700, -5.257903867244543500 ) ) ;
#5110 = ORIENTED_EDGE ( 'NONE', *, *, #4222, .T. ) ;
#5111 = ORIENTED_EDGE ( 'NONE', *, *, #85, .F. ) ;
#5112 = ADVANCED_FACE ( 'NONE', ( #6372 ), #8203, .T. ) ;
#5113 = ORIENTED_EDGE ( 'NONE', *, *, #7298, .T. ) ;
#5114 = ORIENTED_EDGE ( 'NONE', *, *, #3319, .F. ) ;
#5115 = CARTESIAN_POINT ( 'NONE',  ( 6.500999999999997700, 15.55634918610283400, -14.30634918610284100 ) ) ;
#5116 = DIRECTION ( 'NONE',  ( -1.000000000000000000, -6.123233995736766000E-017, -0.0000000000000000000 ) ) ;
#5117 = CARTESIAN_POINT ( 'NONE',  ( 19.00000000000000000, -18.91510639674024200, 18.91510639674090300 ) ) ;
#5118 = AXIS2_PLACEMENT_3D ( 'NONE', #6778, #2953, #9156 ) ;
#5119 = CARTESIAN_POINT ( 'NONE',  ( 5.000000000000000000, 9.024091943764368300, -10.38103027596428000 ) ) ;
#5120 = CIRCLE ( 'NONE', #1274, 0.5000000000000004400 ) ;
#5121 = DIRECTION ( 'NONE',  ( 1.000000000000000000, 1.679403124341539000E-016, -1.865376329483173100E-017 ) ) ;
#5122 = DIRECTION ( 'NONE',  ( 1.084202172482923000E-016, -1.000000000000000000, 0.0000000000000000000 ) ) ;
#5123 = CARTESIAN_POINT ( 'NONE',  ( 21.00000000000006000, 14.13182353007338300, -18.11094788897896600 ) ) ;
#5124 = VERTEX_POINT ( 'NONE', #7737 ) ;
#5125 = CARTESIAN_POINT ( 'NONE',  ( 19.40000000000003800, 28.74191458941744100, 16.21429328368433100 ) ) ;
#5126 = CARTESIAN_POINT ( 'NONE',  ( -1.099999999866668700, -4.184397135485869300, 2.258054064016151500 ) ) ;
#5127 = CARTESIAN_POINT ( 'NONE',  ( 19.00000000000000000, 15.55634918610326000, -14.30634918610303600 ) ) ;
#5128 = CALENDAR_DATE ( 2025, 28, 7 ) ;
#5129 = CIRCLE ( 'NONE', #4215, 16.99999999999971900 ) ;
#5130 = CARTESIAN_POINT ( 'NONE',  ( -1.100000000000000100, -6.250000000000000000, -2.282095908992510600E-014 ) ) ;
#5131 = ORIENTED_EDGE ( 'NONE', *, *, #6393, .F. ) ;
#5132 = CARTESIAN_POINT ( 'NONE',  ( 8.999999999997106300, 6.643889616498158900, -1.522915381567896600 ) ) ;
#5133 = AXIS2_PLACEMENT_3D ( 'NONE', #2577, #6374, #4016 ) ;
#5134 = AXIS2_PLACEMENT_3D ( 'NONE', #1285, #2063, #5810 ) ;
#5135 = EDGE_LOOP ( 'NONE', ( #1767, #3705, #6616, #5292 ) ) ;
#5136 = CARTESIAN_POINT ( 'NONE',  ( 0.0000000000000000000, -10.60660171779941200, -10.60660171779701200 ) ) ;
#5137 = LOCAL_TIME ( 11, 40, 0.0000000000000000000, #8295 ) ;
#5138 = EDGE_CURVE ( 'NONE', #9408, #300, #8544, .T. ) ;
#5139 = CARTESIAN_POINT ( 'NONE',  ( 1.000000000128238100, 1.614434768016692200, -8.345343225972508000 ) ) ;
#5140 = DIRECTION ( 'NONE',  ( 0.0000000000000000000, 0.0000000000000000000, -1.000000000000000000 ) ) ;
#5141 = ORIENTED_EDGE ( 'NONE', *, *, #6029, .F. ) ;
#5142 = DIRECTION ( 'NONE',  ( -1.000000000000000000, -0.0000000000000000000, -0.0000000000000000000 ) ) ;
#5143 = CARTESIAN_POINT ( 'NONE',  ( 21.00000000000006400, 16.38360379569947200, 25.16437974307993400 ) ) ;
#5144 = CARTESIAN_POINT ( 'NONE',  ( -2.168404344971008900E-016, 6.101923432655691900, -30.54618222958626100 ) ) ;
#5145 = DIRECTION ( 'NONE',  ( 0.0000000000000000000, 0.0000000000000000000, 1.000000000000000000 ) ) ;
#5147 = CARTESIAN_POINT ( 'NONE',  ( 0.4999999999881765700, -18.91510639674015300, -18.91510639674014300 ) ) ;
#5146 = CYLINDRICAL_SURFACE ( 'NONE', #6843, 0.7500000000000006700 ) ;
#5148 = AXIS2_PLACEMENT_3D ( 'NONE', #9229, #16, #9924 ) ;
#5149 = CARTESIAN_POINT ( 'NONE',  ( -1.099999999866668300, 0.6041996316045346000, 4.749999999999856100 ) ) ;
#5150 = CARTESIAN_POINT ( 'NONE',  ( 0.2000000000000005100, 28.26026810416997000, 6.954320935151961300 ) ) ;
#5151 = CARTESIAN_POINT ( 'NONE',  ( 1.282376982381094900E-010, -1.092875789857602900E-016, -9.992007221555231900E-016 ) ) ;
#5152 = VERTEX_POINT ( 'NONE', #5440 ) ;
#5153 = CARTESIAN_POINT ( 'NONE',  ( 6.400000000000035900, 14.18908458344102500, -29.83218016776202900 ) ) ;
#5154 =( BOUNDED_SURFACE ( )  B_SPLINE_SURFACE ( 3, 3, ( 
 ( #3528, #373, #6565, #8836 ),
 ( #3461, #8097, #4223, #5791 ),
 ( #4320, #7439, #5081, #1978 ),
 ( #7371, #7405, #6694, #2757 ) ),
 .UNSPECIFIED., .F., .F., .F. ) 
 B_SPLINE_SURFACE_WITH_KNOTS ( ( 4, 4 ),
 ( 4, 4 ),
 ( 0.0000000000000000000, 1.000000000000000000 ),
 ( 0.0000000000000000000, 1.000000000000000000 ),
 .UNSPECIFIED. ) 
 GEOMETRIC_REPRESENTATION_ITEM ( )  RATIONAL_B_SPLINE_SURFACE ( (
 ( 1.000000000000000000, 0.3333333333333334300, 0.3333333333333334300, 1.000000000000000000),
 ( 0.9342021575379015900, 0.3114007191793006200, 0.3114007191793006200, 0.9342021575379015900),
 ( 0.9342021575379015900, 0.3114007191793006200, 0.3114007191793006200, 0.9342021575379015900),
 ( 1.000000000000000000, 0.3333333333333334300, 0.3333333333333334300, 1.000000000000000000) ) ) 
 REPRESENTATION_ITEM ( '' )  SURFACE ( )  );
#5155 = DIRECTION ( 'NONE',  ( 0.0000000000000000000, 0.0000000000000000000, 1.000000000000000000 ) ) ;
#5156 = CARTESIAN_POINT ( 'NONE',  ( 5.000000000000000000, -3.327635673973334400, 14.14641771492635600 ) ) ;
#5157 = CARTESIAN_POINT ( 'NONE',  ( 1.000000000128238500, 0.0000000000000000000, 0.0000000000000000000 ) ) ;
#5158 = CYLINDRICAL_SURFACE ( 'NONE', #7016, 2.000000000000000900 ) ;
#5159 = CARTESIAN_POINT ( 'NONE',  ( -2.168404344971008600E-016, -23.54611101278690200, 20.50548430696840200 ) ) ;
#5160 = CARTESIAN_POINT ( 'NONE',  ( 19.40000000000003400, 5.163707711699131200, 32.67295704819257200 ) ) ;
#5161 = CARTESIAN_POINT ( 'NONE',  ( 23.70000000000010600, 3.287007416736669600E-015, 26.60000000000002600 ) ) ;
#5162 = CARTESIAN_POINT ( 'NONE',  ( 1.731408215263068700E-015, 29.58039891549805800, -5.000000000000000000 ) ) ;
#5163 = DIRECTION ( 'NONE',  ( 0.0000000000000000000, 0.0000000000000000000, 1.000000000000000000 ) ) ;
#5164 = AXIS2_PLACEMENT_3D ( 'NONE', #3438, #4231, #8843 ) ;
#5165 = CARTESIAN_POINT ( 'NONE',  ( 8.999999999997106300, -1.032200669792679100, 6.725141696191834700 ) ) ;
#5166 = VERTEX_POINT ( 'NONE', #6218 ) ;
#5167 = CIRCLE ( 'NONE', #5148, 0.7500000000000006700 ) ;
#5168 = DIRECTION ( 'NONE',  ( 0.0000000000000000000, 0.0000000000000000000, -1.000000000000000000 ) ) ;
#5169 = CYLINDRICAL_SURFACE ( 'NONE', #2931, 2.999999999999999100 ) ;
#5170 = CARTESIAN_POINT ( 'NONE',  ( 1.282376982381094900E-010, -5.689999999999898300, 0.8284926070882283600 ) ) ;
#5171 = EDGE_CURVE ( 'NONE', #3833, #4358, #2766, .T. ) ;
#5172 = CARTESIAN_POINT ( 'NONE',  ( 21.00000000000005700, -25.71218028818772100, -15.45893515915317500 ) ) ;
#5173 = CARTESIAN_POINT ( 'NONE',  ( 4.315194346083972000E-015, 0.0000000000000000000, -31.37850714248854800 ) ) ;
#5174 = VERTEX_POINT ( 'NONE', #7504 ) ;
#5175 = CARTESIAN_POINT ( 'NONE',  ( 21.00000000000006400, 23.66627109344067700, -18.43949073870546200 ) ) ;
#5176 = FACE_BOUND ( 'NONE', #4856, .T. ) ;
#5177 = AXIS2_PLACEMENT_3D ( 'NONE', #8999, #2149, #3703 ) ;
#5178 = CIRCLE ( 'NONE', #4074, 26.60000000000002600 ) ;
#5179 = CARTESIAN_POINT ( 'NONE',  ( 20.00000000000006800, 8.635570435990848300, 10.37677953702347000 ) ) ;
#5180 = CARTESIAN_POINT ( 'NONE',  ( 0.2000000000000002900, 28.38206628694081200, -6.676856858129552200 ) ) ;
#5181 = CARTESIAN_POINT ( 'NONE',  ( 0.0000000000000000000, 15.55634918610283400, -16.80634918610531500 ) ) ;
#5182 = CARTESIAN_POINT ( 'NONE',  ( 0.2000000000000006800, 27.22016111113346800, 7.865917277347301200 ) ) ;
#5183 = ORIENTED_EDGE ( 'NONE', *, *, #8935, .F. ) ;
#5184 = CARTESIAN_POINT ( 'NONE',  ( 2.999999999999997800, 28.05797569319640100, 5.000000000000000000 ) ) ;
#5185 = CARTESIAN_POINT ( 'NONE',  ( 6.400000000000037700, -23.79735449051844800, -22.86234902414651100 ) ) ;
#5186 = LINE ( 'NONE', #596, #8093 ) ;
#5187 = CARTESIAN_POINT ( 'NONE',  ( -1.100000000000000100, 0.0000000000000000000, 0.0000000000000000000 ) ) ;
#5188 = DIRECTION ( 'NONE',  ( -1.000000000000000000, -6.071532165918826400E-018, -5.551115123125788900E-017 ) ) ;
#5189 = CARTESIAN_POINT ( 'NONE',  ( -1.099999999866668500, 3.787939934119729700, -2.867249597347014700 ) ) ;
#5190 = VECTOR ( 'NONE', #8286, 1000.000000000000000 ) ;
#5191 = EDGE_CURVE ( 'NONE', #4311, #5372, #7342, .T. ) ;
#5192 = DIRECTION ( 'NONE',  ( 1.000000000000000000, 1.679403124341539000E-016, -1.865376329483173100E-017 ) ) ;
#5193 = EDGE_CURVE ( 'NONE', #465, #7518, #579, .T. ) ;
#5194 = VERTEX_POINT ( 'NONE', #7699 ) ;
#5195 = CARTESIAN_POINT ( 'NONE',  ( -2.168404344971008400E-016, -9.097689088044411700, 29.82121128584289600 ) ) ;
#5196 = CARTESIAN_POINT ( 'NONE',  ( 19.40000000000003800, 31.88548489068072200, 8.536719156873450800 ) ) ;
#5197 = DIRECTION ( 'NONE',  ( -1.000000000000000000, -6.123233995736766000E-017, -0.0000000000000000000 ) ) ;
#5198 = DIRECTION ( 'NONE',  ( 1.000000000000000000, 0.0000000000000000000, -0.0000000000000000000 ) ) ;
#5199 = CYLINDRICAL_SURFACE ( 'NONE', #7998, 1.249999999999999300 ) ;
#5200 = CIRCLE ( 'NONE', #1017, 0.5000000000000004400 ) ;
#5201 = CARTESIAN_POINT ( 'NONE',  ( 8.999999999997102800, 5.952345099356823400, -3.288285847138173500 ) ) ;
#5202 = VECTOR ( 'NONE', #7842, 1000.000000000000000 ) ;
#5203 = EDGE_LOOP ( 'NONE', ( #5891, #5303, #7953, #7895 ) ) ;
#5204 = CARTESIAN_POINT ( 'NONE',  ( 1.299999999997001800, 16.86094788897911200, 14.13182353007320400 ) ) ;
#5205 = CIRCLE ( 'NONE', #7671, 5.749999999999886300 ) ;
#5206 = CARTESIAN_POINT ( 'NONE',  ( 21.00000000000007100, -29.19512216355590800, -7.032599006968345300 ) ) ;
#5207 = DIRECTION ( 'NONE',  ( 1.000000000000000000, -0.0000000000000000000, -0.0000000000000000000 ) ) ;
#5208 = CARTESIAN_POINT ( 'NONE',  ( 2.999999999999998200, 18.91510639674020700, -18.91510639674008600 ) ) ;
#5209 = AXIS2_PLACEMENT_3D ( 'NONE', #8274, #7473, #2866 ) ;
#5211 = ORIENTED_EDGE ( 'NONE', *, *, #8603, .F. ) ;
#5210 = DIRECTION ( 'NONE',  ( 1.000000000000000000, 1.679403124341539000E-016, -1.865376329483173100E-017 ) ) ;
#5212 = CARTESIAN_POINT ( 'NONE',  ( -2.168404344971008900E-016, 6.534352418676363100, -30.45803142761955900 ) ) ;
#5213 = CYLINDRICAL_SURFACE ( 'NONE', #8255, 0.5000000000000004400 ) ;
#5214 = ORIENTED_EDGE ( 'NONE', *, *, #7962, .T. ) ;
#5215 = EDGE_CURVE ( 'NONE', #9079, #4651, #6135, .T. ) ;
#5216 = CARTESIAN_POINT ( 'NONE',  ( 20.00000000000006000, 11.93607134189612900, 6.308864498664676500 ) ) ;
#5217 = CARTESIAN_POINT ( 'NONE',  ( 0.2000000000000002100, 28.50000000000000400, -5.999999999999990200 ) ) ;
#5218 = CARTESIAN_POINT ( 'NONE',  ( 6.500000000000000900, 0.0000000000000000000, 0.0000000000000000000 ) ) ;
#5219 = CARTESIAN_POINT ( 'NONE',  ( -3.110548898502819500E-015, 29.58039891549805500, 4.999999999999999100 ) ) ;
#5220 = VERTEX_POINT ( 'NONE', #7777 ) ;
#5221 = CARTESIAN_POINT ( 'NONE',  ( 6.400000000000038500, 9.427818365365897800, -31.70650154892832600 ) ) ;
#5222 = ORIENTED_EDGE ( 'NONE', *, *, #9306, .F. ) ;
#5223 = ORIENTED_EDGE ( 'NONE', *, *, #5191, .F. ) ;
#5224 = DIRECTION ( 'NONE',  ( 1.000000000000000000, 1.679403124341539000E-016, -1.865376329483173100E-017 ) ) ;
#5225 = CARTESIAN_POINT ( 'NONE',  ( 19.40000000000003800, -23.08222224210499000, 23.62210436797459000 ) ) ;
#5226 = CARTESIAN_POINT ( 'NONE',  ( 1.000000000128238500, 0.0000000000000000000, -8.500000000000000000 ) ) ;
#5227 = CARTESIAN_POINT ( 'NONE',  ( 0.0000000000000000000, -15.55634918610525300, -15.55634918610283700 ) ) ;
#5228 = AXIS2_PLACEMENT_3D ( 'NONE', #345, #9509, #8968 ) ;
#5229 = CARTESIAN_POINT ( 'NONE',  ( -2.168404344971008900E-016, -17.15752963062037000, 25.99802946668546600 ) ) ;
#5230 = CARTESIAN_POINT ( 'NONE',  ( 19.40000000000003800, 11.41816335561476800, 30.97071548961664100 ) ) ;
#5231 = VERTEX_POINT ( 'NONE', #4657 ) ;
#5232 = EDGE_LOOP ( 'NONE', ( #2990, #7893 ) ) ;
#5233 = CARTESIAN_POINT ( 'NONE',  ( 21.38196601125016000, 4.172244515161886200E-015, 33.99999999999988600 ) ) ;
#5234 = DIRECTION ( 'NONE',  ( -1.000000000000000000, -0.0000000000000000000, -0.0000000000000000000 ) ) ;
#5235 = ORIENTED_EDGE ( 'NONE', *, *, #2968, .F. ) ;
#5236 = CARTESIAN_POINT ( 'NONE',  ( 6.500000000128237900, 6.561166704812939100E-016, 6.249999999999659800 ) ) ;
#5237 = VERTEX_POINT ( 'NONE', #6756 ) ;
#5238 = EDGE_CURVE ( 'NONE', #6683, #2401, #5533, .T. ) ;
#5239 = CARTESIAN_POINT ( 'NONE',  ( 8.999999999997106300, -1.370555956080575100, 6.667440768439892200 ) ) ;
#5240 = EDGE_CURVE ( 'NONE', #106, #878, #9707, .T. ) ;
#5241 = CARTESIAN_POINT ( 'NONE',  ( 21.00000000000006000, -14.13182353007326400, 16.86094788897906200 ) ) ;
#5242 = ORIENTED_EDGE ( 'NONE', *, *, #5138, .T. ) ;
#5243 = FACE_OUTER_BOUND ( 'NONE', #6898, .T. ) ;
#5244 = AXIS2_PLACEMENT_3D ( 'NONE', #507, #1294, #6689 ) ;
#5245 = OPEN_SHELL ( 'NONE', ( #8641, #8831, #9422, #4143, #5672, #3243, #2494, #6275, #3291, #5820, #180, #4141, #7835, #8619, #7136, #8107, #4895, #9315, #1044, #4286, #7852, #3394, #7213 ) ) ;
#5246 = ORIENTED_EDGE ( 'NONE', *, *, #7415, .F. ) ;
#5247 = ORIENTED_EDGE ( 'NONE', *, *, #1337, .F. ) ;
#5248 = CARTESIAN_POINT ( 'NONE',  ( -2.168404344971008900E-016, -11.26017529103674200, -29.04288946980496900 ) ) ;
#5249 = CARTESIAN_POINT ( 'NONE',  ( 21.00000000000006400, -27.18450354441025900, 12.70689951183095300 ) ) ;
#5250 = CARTESIAN_POINT ( 'NONE',  ( 24.00000000000006000, -2.216910000805129500E-047, 8.673617379884035500E-016 ) ) ;
#5251 = CARTESIAN_POINT ( 'NONE',  ( 22.27639320225007000, 21.48500545928524000, -25.63416933933055100 ) ) ;
#5252 = DIRECTION ( 'NONE',  ( 1.000000000000000000, 0.0000000000000000000, 0.0000000000000000000 ) ) ;
#5253 = CC_DESIGN_SECURITY_CLASSIFICATION ( #3372, ( #10005 ) ) ;
#5254 = FACE_OUTER_BOUND ( 'NONE', #7728, .T. ) ;
#5255 = CARTESIAN_POINT ( 'NONE',  ( 20.00000000000006000, 13.44823423611041100, 1.191459630848930900 ) ) ;
#5256 = CARTESIAN_POINT ( 'NONE',  ( 6.500999999999997700, 10.60660171779701100, -10.60660171779823500 ) ) ;
#5257 = ORIENTED_EDGE ( 'NONE', *, *, #9110, .F. ) ;
#5258 = CARTESIAN_POINT ( 'NONE',  ( 0.2000000000000004300, 28.50000000000000400, 5.999999999999982200 ) ) ;
#5259 = CARTESIAN_POINT ( 'NONE',  ( 6.400000000000037700, 17.40824518847048800, -28.03495213840881200 ) ) ;
#5260 = DIRECTION ( 'NONE',  ( 0.0000000000000000000, 0.0000000000000000000, -1.000000000000000000 ) ) ;
#5261 = CARTESIAN_POINT ( 'NONE',  ( 19.40000000000003400, -30.97071548965417500, 11.41816335552232400 ) ) ;
#5262 = CARTESIAN_POINT ( 'NONE',  ( -1.099999999866668700, 2.873434326883741900, -3.796514326861251100 ) ) ;
#5263 = CALENDAR_DATE ( 2025, 28, 7 ) ;
#5264 = FACE_OUTER_BOUND ( 'NONE', #1031, .T. ) ;
#5265 = ORIENTED_EDGE ( 'NONE', *, *, #7069, .T. ) ;
#5266 = CARTESIAN_POINT ( 'NONE',  ( -2.168404344971008400E-016, -10.52675318849322600, 29.33398225629380100 ) ) ;
#5267 = CARTESIAN_POINT ( 'NONE',  ( 19.40000000000003400, 14.73241396040522100, 29.54996355190358800 ) ) ;
#5268 = DIRECTION ( 'NONE',  ( 1.000000000000000000, 0.0000000000000000000, 0.0000000000000000000 ) ) ;
#5269 = CARTESIAN_POINT ( 'NONE',  ( 0.2191311905569941200, 4.004509861216042600E-015, 31.77391398819611700 ) ) ;
#5270 = CARTESIAN_POINT ( 'NONE',  ( 6.000000000000000000, 0.0000000000000000000, 0.0000000000000000000 ) ) ;
#5271 = FACE_OUTER_BOUND ( 'NONE', #514, .T. ) ;
#5272 = ORIENTED_EDGE ( 'NONE', *, *, #4473, .F. ) ;
#5273 = EDGE_LOOP ( 'NONE', ( #1223, #4149, #2088, #2930, #6303, #640 ) ) ;
#5274 = CARTESIAN_POINT ( 'NONE',  ( -2.168404344971009400E-016, -11.43528256740014200, -28.97428516715475100 ) ) ;
#5275 = EDGE_CURVE ( 'NONE', #4634, #1201, #5358, .T. ) ;
#5276 = CARTESIAN_POINT ( 'NONE',  ( 21.00000000000005700, -24.18274994665411300, 17.76568544547399900 ) ) ;
#5277 = CARTESIAN_POINT ( 'NONE',  ( 0.0000000000000000000, 15.55634918610407200, 15.55634918610401500 ) ) ;
#5278 = CARTESIAN_POINT ( 'NONE',  ( -1.100000000000000100, 4.353422915655340400E-014, -7.250000000000000000 ) ) ;
#5279 = ORIENTED_EDGE ( 'NONE', *, *, #483, .T. ) ;
#5280 = CARTESIAN_POINT ( 'NONE',  ( 20.00000000000006000, 10.37678651923595100, -8.635561981061286500 ) ) ;
#5281 = AXIS2_PLACEMENT_3D ( 'NONE', #2456, #3194, #1609 ) ;
#5282 = DIRECTION ( 'NONE',  ( 1.000000000000000000, 6.071532165918827900E-018, 5.551115123125788900E-017 ) ) ;
#5283 = DIRECTION ( 'NONE',  ( 0.0000000000000000000, 0.0000000000000000000, 1.000000000000000000 ) ) ;
#5284 = VECTOR ( 'NONE', #8210, 1000.000000000000000 ) ;
#5285 = CARTESIAN_POINT ( 'NONE',  ( 6.400000000000035900, -19.29851906587387600, -26.76937796887546000 ) ) ;
#5286 = CARTESIAN_POINT ( 'NONE',  ( 19.40000000000003400, -30.48569849038048600, 13.88784315700641500 ) ) ;
#5287 = CIRCLE ( 'NONE', #3435, 1.250000000000932600 ) ;
#5288 = DIRECTION ( 'NONE',  ( 1.000000000000000000, 6.071532165918827900E-018, 5.551115123125788900E-017 ) ) ;
#5289 = CARTESIAN_POINT ( 'NONE',  ( 19.40000000000003400, -33.03461128931075300, 0.05959732398670595400 ) ) ;
#5290 = CARTESIAN_POINT ( 'NONE',  ( 0.0000000000000000000, -6.250000000000000000, -2.282095908992510600E-014 ) ) ;
#5291 = ORIENTED_EDGE ( 'NONE', *, *, #2849, .F. ) ;
#5292 = ORIENTED_EDGE ( 'NONE', *, *, #4877, .T. ) ;
#5293 = CARTESIAN_POINT ( 'NONE',  ( 19.40000000000003800, 33.39789608149876400, -2.638998193472618800 ) ) ;
#5294 = CIRCLE ( 'NONE', #7940, 0.8000000000000003800 ) ;
#5295 = VECTOR ( 'NONE', #4422, 1000.000000000000000 ) ;
#5296 = DIRECTION ( 'NONE',  ( 0.0000000000000000000, -1.000000000000000000, 0.0000000000000000000 ) ) ;
#5297 = AXIS2_PLACEMENT_3D ( 'NONE', #5582, #2482, #939 ) ;
#5298 = ORIENTED_EDGE ( 'NONE', *, *, #317, .F. ) ;
#5299 = EDGE_LOOP ( 'NONE', ( #2564, #9535 ) ) ;
#5300 = FACE_OUTER_BOUND ( 'NONE', #502, .T. ) ;
#5301 = CIRCLE ( 'NONE', #4652, 25.99999999999989000 ) ;
#5302 = AXIS2_PLACEMENT_3D ( 'NONE', #5331, #3013, #7527 ) ;
#5303 = ORIENTED_EDGE ( 'NONE', *, *, #1037, .T. ) ;
#5304 = CARTESIAN_POINT ( 'NONE',  ( 21.00000000000006000, -29.19073814256326200, 6.955858922855384200 ) ) ;
#5305 = CARTESIAN_POINT ( 'NONE',  ( 6.500999999999997700, 10.60660171779823100, 10.60660171779819000 ) ) ;
#5306 = DIRECTION ( 'NONE',  ( -1.000000000000000000, -0.0000000000000000000, -0.0000000000000000000 ) ) ;
#5307 = CARTESIAN_POINT ( 'NONE',  ( 21.38196601125016000, -21.84009091011333600, 26.05782855569468000 ) ) ;
#5308 = EDGE_LOOP ( 'NONE', ( #3618, #5701, #4424, #6309 ) ) ;
#5309 = AXIS2_PLACEMENT_3D ( 'NONE', #6082, #3016, #3784 ) ;
#5310 = LINE ( 'NONE', #7191, #2539 ) ;
#5311 = CYLINDRICAL_SURFACE ( 'NONE', #5427, 0.8000000000000003800 ) ;
#5312 = VECTOR ( 'NONE', #4596, 1000.000000000000000 ) ;
#5313 = CARTESIAN_POINT ( 'NONE',  ( 20.00000000000006000, 11.77922156527336400, -6.595852929592624000 ) ) ;
#5314 = CARTESIAN_POINT ( 'NONE',  ( 0.0000000000000000000, -18.91510639674090700, -18.91510639673938200 ) ) ;
#5315 = CARTESIAN_POINT ( 'NONE',  ( -1.999999999871762400, 0.6991244524403836800, -6.964999999999996300 ) ) ;
#5316 = ORIENTED_EDGE ( 'NONE', *, *, #7415, .T. ) ;
#5317 = CARTESIAN_POINT ( 'NONE',  ( 2.999999999999999100, 10.60660171779823100, 10.60660171779819000 ) ) ;
#5318 = ADVANCED_FACE ( 'NONE', ( #4796 ), #1915, .F. ) ;
#5319 = DIRECTION ( 'NONE',  ( 1.000000000000000000, 0.0000000000000000000, 0.0000000000000000000 ) ) ;
#5320 = CARTESIAN_POINT ( 'NONE',  ( 0.2000000000000008400, 26.65000000000000200, -2.663033492614957100E-015 ) ) ;
#5321 = CARTESIAN_POINT ( 'NONE',  ( 1.000000000131194600, 0.0000000000000000000, 0.0000000000000000000 ) ) ;
#5322 = CARTESIAN_POINT ( 'NONE',  ( 19.40000000000004500, 9.936001231104187400, -31.46921137157651700 ) ) ;
#5323 = CARTESIAN_POINT ( 'NONE',  ( 1.699756038043516400, 4.117837516229316200E-015, 33.62469504755424100 ) ) ;
#5324 = FACE_OUTER_BOUND ( 'NONE', #6285, .T. ) ;
#5325 = FACE_BOUND ( 'NONE', #229, .T. ) ;
#5326 = FACE_OUTER_BOUND ( 'NONE', #3652, .T. ) ;
#5327 = AXIS2_PLACEMENT_3D ( 'NONE', #7911, #178, #933 ) ;
#5328 = ORIENTED_EDGE ( 'NONE', *, *, #7585, .F. ) ;
#5329 = CARTESIAN_POINT ( 'NONE',  ( 19.40000000000003800, 33.51444442819249800, -0.5606814950059035900 ) ) ;
#5330 = DIRECTION ( 'NONE',  ( 0.0000000000000000000, 0.0000000000000000000, 1.000000000000000000 ) ) ;
#5331 = CARTESIAN_POINT ( 'NONE',  ( 24.00000000000006000, 3.035766082959442600E-017, 2.775557561562930300E-016 ) ) ;
#5332 = CARTESIAN_POINT ( 'NONE',  ( -0.5999999998469293100, -5.689999999999892900, -0.8284926070882690000 ) ) ;
#5333 = CARTESIAN_POINT ( 'NONE',  ( 8.999999999997104500, -3.177737587955293400, 6.012270237468134900 ) ) ;
#5334 = CIRCLE ( 'NONE', #9835, 1.250000000000002900 ) ;
#5335 = EDGE_CURVE ( 'NONE', #3180, #3288, #2026, .T. ) ;
#5336 = ORIENTED_EDGE ( 'NONE', *, *, #5669, .T. ) ;
#5337 = ORIENTED_EDGE ( 'NONE', *, *, #7492, .T. ) ;
#5338 = VERTEX_POINT ( 'NONE', #6508 ) ;
#5339 = CARTESIAN_POINT ( 'NONE',  ( 0.2000000000000020700, 18.54567906484791000, 7.760268104169539600 ) ) ;
#5340 = CARTESIAN_POINT ( 'NONE',  ( 0.1000000000000017000, 20.46667702163212600, -2.581566074340896200E-015 ) ) ;
#5341 = AXIS2_PLACEMENT_3D ( 'NONE', #3966, #1585, #5491 ) ;
#5342 = ORIENTED_EDGE ( 'NONE', *, *, #1053, .F. ) ;
#5343 = ORIENTED_EDGE ( 'NONE', *, *, #1006, .T. ) ;
#5344 = ORIENTED_EDGE ( 'NONE', *, *, #9812, .T. ) ;
#5345 = ORIENTED_EDGE ( 'NONE', *, *, #687, .F. ) ;
#5346 = EDGE_CURVE ( 'NONE', #2284, #7203, #1436, .T. ) ;
#5347 = DIRECTION ( 'NONE',  ( -1.000000000000000000, -0.0000000000000000000, -0.0000000000000000000 ) ) ;
#5348 = CARTESIAN_POINT ( 'NONE',  ( 1.299999999997001800, 14.13182353007338300, -18.11094788897896600 ) ) ;
#5349 = CARTESIAN_POINT ( 'NONE',  ( 6.400000000000037700, 24.75472548383350400, -21.86829664695685300 ) ) ;
#5350 = CARTESIAN_POINT ( 'NONE',  ( 1.200000000000000000, 19.50000000000000400, 7.999999999999992900 ) ) ;
#5351 = ORIENTED_EDGE ( 'NONE', *, *, #7609, .T. ) ;
#5352 = DIRECTION ( 'NONE',  ( 1.000000000000000000, 0.0000000000000000000, 0.0000000000000000000 ) ) ;
#5353 = CARTESIAN_POINT ( 'NONE',  ( 19.40000000000003800, -31.46921137158274100, -9.936001231075399800 ) ) ;
#5354 = DIRECTION ( 'NONE',  ( -1.000000000000000000, -0.0000000000000000000, -0.0000000000000000000 ) ) ;
#5355 = ORIENTED_EDGE ( 'NONE', *, *, #5977, .T. ) ;
#5356 = EDGE_LOOP ( 'NONE', ( #1289, #7101, #4243, #2871, #7158, #5795, #4558, #3777 ) ) ;
#5357 = AXIS2_PLACEMENT_3D ( 'NONE', #2775, #9734, #8180 ) ;
#5358 = B_SPLINE_CURVE_WITH_KNOTS ( 'NONE', 3,
 ( #1637, #7018, #2409, #3093, #2342, #3120, #3887, #9259, #8564, #3945, #3851, #6927, #9232, #9324, #9990, #5403, #82, #5504, #6281, #6889, #8448, #3823, #9204, #4598, #5374, #746, #6149, #4114, #7086, #3285, #3215, #4757, #9474, #941, #8696, #4782, #3246, #187, #1791, #1700, #7982, #9413, #1013, #7921, #8726, #7157, #6377, #1766, #4821, #2483, #3351, #7053, #978, #4887, #2548, #4079, #251, #7881, #7948, #3320, #5677, #1664, #8597, #9381, #4051, #5613, #5644, #9445, #8627, #2448, #4855, #1038, #6415, #5583, #219, #4020, #7189, #7843, #153, #2580, #8657, #5539, #7122, #3983, #9351, #6346, #115, #6315, #912, #1735, #2510, #5710, #2613, #1829, #5064, #8016, #6448, #1107, #8853, #4273, #5806, #4241, #8079, #1959, #1866, #1173, #9608, #3380, #7294, #286, #1898, #1932, #8876, #7261 ),
 .UNSPECIFIED., .F., .F.,
 ( 4, 1, 1, 1, 1, 1, 2, 2, 1, 1, 1, 1, 1, 2, 2, 1, 1, 1, 1, 2, 2, 2, 1, 1, 1, 1, 2, 2, 1, 1, 1, 1, 1, 2, 2, 1, 1, 1, 1, 1, 2, 2, 2, 1, 1, 1, 1, 1, 2, 2, 1, 1, 1, 1, 1, 2, 2, 1, 1, 1, 1, 2, 2, 2, 1, 1, 1, 1, 2, 2, 1, 1, 1, 1, 1, 2, 2, 1, 1, 1, 1, 1, 2, 2, 4 ),
 ( 0.0000000000000000000, 0.03125000000000433700, 0.04687500000000653600, 0.05468750000000766100, 0.05859375000000819500, 0.06054687500000845900, 0.06152343750000859000, 0.06250000000000872900, 0.09375000000001236500, 0.1093750000000141700, 0.1171875000000150700, 0.1210937500000155300, 0.1230468750000157500, 0.1240234375000158600, 0.1250000000000159600, 0.1562500000000197300, 0.1718750000000216200, 0.1796875000000225700, 0.1835937500000230400, 0.1855468750000232900, 0.1875000000000235100, 0.2500000000000308600, 0.2812500000000345300, 0.2968750000000363600, 0.3046875000000373000, 0.3085937500000376900, 0.3105468750000378600, 0.3125000000000380300, 0.3437500000000408600, 0.3593750000000423000, 0.3671875000000430800, 0.3710937500000434700, 0.3730468750000436300, 0.3740234375000436900, 0.3750000000000437400, 0.4062500000000438000, 0.4218750000000437400, 0.4296875000000436300, 0.4335937500000436300, 0.4355468750000436300, 0.4365234375000435800, 0.4375000000000435800, 0.5000000000000376400, 0.5312500000000346400, 0.5468750000000332000, 0.5546875000000324200, 0.5585937500000320900, 0.5605468750000319700, 0.5615234375000318600, 0.5625000000000317500, 0.5937500000000285300, 0.6093750000000269800, 0.6171875000000260900, 0.6210937500000256500, 0.6230468750000255400, 0.6240234375000254200, 0.6250000000000253100, 0.6562500000000223200, 0.6718750000000208700, 0.6796875000000201000, 0.6835937500000196500, 0.6855468750000195400, 0.6875000000000193200, 0.7500000000000136600, 0.7812500000000108800, 0.7968750000000093300, 0.8046875000000086600, 0.8085937500000083300, 0.8105468750000081000, 0.8125000000000079900, 0.8437500000000064400, 0.8593750000000056600, 0.8671875000000053300, 0.8710937500000052200, 0.8730468750000050000, 0.8740234375000051100, 0.8750000000000051100, 0.9062500000000050000, 0.9218750000000047700, 0.9296875000000047700, 0.9335937500000046600, 0.9355468750000045500, 0.9365234375000045500, 0.9375000000000044400, 1.000000000000000000 ),
 .UNSPECIFIED. ) ;
#5359 = CARTESIAN_POINT ( 'NONE',  ( 19.40000000000003800, 33.31574612484199300, -3.583446664923793700 ) ) ;
#5360 = CARTESIAN_POINT ( 'NONE',  ( 6.500999999999997700, 17.41510639674021700, -18.91510639674008600 ) ) ;
#5361 = CARTESIAN_POINT ( 'NONE',  ( -0.5999999998560314700, 0.8284926070826271700, -5.689999999991516500 ) ) ;
#5362 = CARTESIAN_POINT ( 'NONE',  ( 2.000000000000001800, -20.41510639674014300, -18.91510639674014300 ) ) ;
#5363 = CARTESIAN_POINT ( 'NONE',  ( -0.8363751622328325900, -5.476747355251131200, -0.6383020591404596800 ) ) ;
#5364 = CYLINDRICAL_SURFACE ( 'NONE', #5100, 0.5000000000000004400 ) ;
#5365 = EDGE_CURVE ( 'NONE', #1964, #2333, #3242, .T. ) ;
#5366 = CARTESIAN_POINT ( 'NONE',  ( 6.500999999999997700, -10.60660171779819200, 11.85660171779940900 ) ) ;
#5367 = EDGE_LOOP ( 'NONE', ( #319, #5455, #4982, #427, #9226, #1492, #9857, #1347, #4247, #8506, #2203, #8008, #6194, #1180 ) ) ;
#5368 = AXIS2_PLACEMENT_3D ( 'NONE', #7529, #2844, #4412 ) ;
#5369 = LOCAL_TIME ( 11, 40, 0.0000000000000000000, #7551 ) ;
#5370 = CIRCLE ( 'NONE', #5925, 1.249999999999997600 ) ;
#5371 = CARTESIAN_POINT ( 'NONE',  ( -2.168404344971009400E-016, -27.44093195717581300, -14.80619068781229500 ) ) ;
#5372 = VERTEX_POINT ( 'NONE', #2714 ) ;
#5373 = DIRECTION ( 'NONE',  ( 0.0000000000000000000, 0.0000000000000000000, -1.000000000000000000 ) ) ;
#5374 = CARTESIAN_POINT ( 'NONE',  ( 6.400000000000036800, 32.66268667325179100, 4.706822257418436600 ) ) ;
#5375 = CARTESIAN_POINT ( 'NONE',  ( 20.00000000000006400, -1.365086153624924800, 13.43094172413948200 ) ) ;
#5376 = DATE_AND_TIME ( #9443, #5741 ) ;
#5377 = EDGE_CURVE ( 'NONE', #6446, #7435, #7702, .T. ) ;
#5378 = CARTESIAN_POINT ( 'NONE',  ( -1.999999999871762400, -6.250000000000000000, 0.9999999999999768000 ) ) ;
#5379 = DIRECTION ( 'NONE',  ( 1.000000000000000000, 6.123233995736766000E-017, -0.0000000000000000000 ) ) ;
#5380 = APPROVAL_DATE_TIME ( #2363, #9800 ) ;
#5381 = DIRECTION ( 'NONE',  ( 1.000000000000000000, 6.071532165918827900E-018, 5.551115123125788900E-017 ) ) ;
#5382 = EDGE_LOOP ( 'NONE', ( #8895, #1054 ) ) ;
#5383 = DIRECTION ( 'NONE',  ( 0.0000000000000000000, 0.0000000000000000000, 1.000000000000000000 ) ) ;
#5384 = CARTESIAN_POINT ( 'NONE',  ( 27.30496494509936100, 5.042386180099899500E-017, 4.610181650377063500E-016 ) ) ;
#5385 = DIRECTION ( 'NONE',  ( 0.0000000000000000000, 0.0000000000000000000, -1.000000000000000000 ) ) ;
#5386 = CARTESIAN_POINT ( 'NONE',  ( 19.40000000000003100, -16.53014958283102200, -28.56368247519197800 ) ) ;
#5387 = LINE ( 'NONE', #9210, #3212 ) ;
#5388 = CARTESIAN_POINT ( 'NONE',  ( 19.40000000000003400, 27.70077831914871100, 18.87324208817707900 ) ) ;
#5389 = CARTESIAN_POINT ( 'NONE',  ( -1.999999999871762400, -0.8284926070882083800, -5.689999999999903600 ) ) ;
#5390 = ORIENTED_EDGE ( 'NONE', *, *, #4975, .T. ) ;
#5391 = CARTESIAN_POINT ( 'NONE',  ( 0.2191311905569937000, 3.891182206202769000E-015, 31.77391398819611700 ) ) ;
#5392 = CARTESIAN_POINT ( 'NONE',  ( 1.282376982381094900E-010, 0.8284926070882886500, -5.689999999999890300 ) ) ;
#5393 = ORIENTED_EDGE ( 'NONE', *, *, #9994, .F. ) ;
#5394 = FACE_BOUND ( 'NONE', #4844, .T. ) ;
#5395 = DIRECTION ( 'NONE',  ( 1.020425574104007600E-016, 0.0000000000000000000, -1.000000000000000000 ) ) ;
#5396 = AXIS2_PLACEMENT_3D ( 'NONE', #4132, #8797, #4977 ) ;
#5397 = CARTESIAN_POINT ( 'NONE',  ( -2.168404344971008400E-016, -31.14918650883044600, -1.904886227180785800 ) ) ;
#5398 = EDGE_CURVE ( 'NONE', #5152, #9773, #2404, .T. ) ;
#5399 = VERTEX_POINT ( 'NONE', #7220 ) ;
#5400 = CARTESIAN_POINT ( 'NONE',  ( 21.00000000000006000, -23.15093643790556400, 19.07969951539046200 ) ) ;
#5401 = CARTESIAN_POINT ( 'NONE',  ( 1.000000000128238500, 4.353422915655340400E-014, -6.250000000000000900 ) ) ;
#5402 = CARTESIAN_POINT ( 'NONE',  ( 2.000000000128237900, -6.965000000000006100, 0.6991244524403076300 ) ) ;
#5403 = CARTESIAN_POINT ( 'NONE',  ( 6.400000000000035900, 32.94540037735852400, -1.899635688655608300 ) ) ;
#5404 = FACE_OUTER_BOUND ( 'NONE', #9147, .T. ) ;
#5405 = CIRCLE ( 'NONE', #9285, 0.5000000000000004400 ) ;
#5406 = CARTESIAN_POINT ( 'NONE',  ( 20.00000000000006400, -1.539953547712713500, 13.41199954437107600 ) ) ;
#5407 = AXIS2_PLACEMENT_3D ( 'NONE', #7863, #2466, #2527 ) ;
#5408 = APPROVAL_ROLE ( '' ) ;
#5409 = ORIENTED_EDGE ( 'NONE', *, *, #8498, .F. ) ;
#5410 = CARTESIAN_POINT ( 'NONE',  ( 6.400000000000035000, 26.76937796888472600, -19.29851906586205200 ) ) ;
#5411 = FACE_OUTER_BOUND ( 'NONE', #3943, .T. ) ;
#5412 = CARTESIAN_POINT ( 'NONE',  ( 0.0000000000000000000, 18.91510639674004300, 18.91510639674024600 ) ) ;
#5413 = CARTESIAN_POINT ( 'NONE',  ( 19.40000000000003100, -15.77169475316831500, -28.98714761530764900 ) ) ;
#5414 = CIRCLE ( 'NONE', #7769, 0.8000000000000003800 ) ;
#5415 = ADVANCED_FACE ( 'NONE', ( #5050, #7097 ), #4152, .T. ) ;
#5416 = EDGE_CURVE ( 'NONE', #1856, #2111, #6771, .T. ) ;
#5417 = EDGE_CURVE ( 'NONE', #3680, #6089, #2644, .T. ) ;
#5418 = AXIS2_PLACEMENT_3D ( 'NONE', #4878, #6302, #4070 ) ;
#5419 = ORIENTED_EDGE ( 'NONE', *, *, #9824, .T. ) ;
#5420 = CARTESIAN_POINT ( 'NONE',  ( 19.40000000000003400, 33.18762128032610500, 4.568177959048300700 ) ) ;
#5421 = DIRECTION ( 'NONE',  ( -1.000000000000000000, -0.0000000000000000000, -0.0000000000000000000 ) ) ;
#5422 = DIRECTION ( 'NONE',  ( -1.000000000000000000, -0.0000000000000000000, -0.0000000000000000000 ) ) ;
#5423 = DIRECTION ( 'NONE',  ( 0.0000000000000000000, 0.0000000000000000000, -1.000000000000000000 ) ) ;
#5424 = DIRECTION ( 'NONE',  ( -1.000000000000000000, -0.0000000000000000000, -0.0000000000000000000 ) ) ;
#5425 = CYLINDRICAL_SURFACE ( 'NONE', #3275, 8.000000000000000000 ) ;
#5426 = LINE ( 'NONE', #1503, #6153 ) ;
#5427 = AXIS2_PLACEMENT_3D ( 'NONE', #7791, #3957, #5753 ) ;
#5428 = CARTESIAN_POINT ( 'NONE',  ( 0.2000000000000007900, 26.49999999999998900, 7.999999999999996400 ) ) ;
#5429 = CIRCLE ( 'NONE', #901, 2.500000000000000000 ) ;
#5430 = EDGE_LOOP ( 'NONE', ( #8809, #6044, #1976, #7403 ) ) ;
#5431 = ORIENTED_EDGE ( 'NONE', *, *, #466, .F. ) ;
#5432 = FACE_OUTER_BOUND ( 'NONE', #6200, .T. ) ;
#5433 = CC_DESIGN_APPROVAL ( #3499, ( #1236 ) ) ;
#5434 = VECTOR ( 'NONE', #3598, 1000.000000000000000 ) ;
#5435 = CARTESIAN_POINT ( 'NONE',  ( -2.168404344971008900E-016, -25.99802946668591400, -17.15752963061994400 ) ) ;
#5436 = CARTESIAN_POINT ( 'NONE',  ( 0.2000000000000022600, 17.50000000000000000, 6.127073140420960400 ) ) ;
#5437 = FACE_OUTER_BOUND ( 'NONE', #7390, .T. ) ;
#5438 = CARTESIAN_POINT ( 'NONE',  ( 1.000000000128238500, 4.353422915655340400E-014, -7.250000000000000000 ) ) ;
#5439 = CARTESIAN_POINT ( 'NONE',  ( 3.000000000000000000, -10.60660171779819200, 11.85660171779940900 ) ) ;
#5441 = VERTEX_POINT ( 'NONE', #1073 ) ;
#5440 = CARTESIAN_POINT ( 'NONE',  ( 5.000000000000000000, 9.024091943764368300, -9.581030275964279100 ) ) ;
#5442 = CARTESIAN_POINT ( 'NONE',  ( 1.000000000128238500, 1.317710092897502400E-017, 7.249999999999999100 ) ) ;
#5443 = LINE ( 'NONE', #6553, #5088 ) ;
#5444 = DIRECTION ( 'NONE',  ( 1.000000000000000000, 0.0000000000000000000, 0.0000000000000000000 ) ) ;
#5445 = CARTESIAN_POINT ( 'NONE',  ( 3.901794921838701100, 12.80587005673361400, -13.65763881671070700 ) ) ;
#5446 = EDGE_LOOP ( 'NONE', ( #8802, #3020 ) ) ;
#5447 = CARTESIAN_POINT ( 'NONE',  ( 6.400000000000036800, 23.65735026280623600, -23.03206244948064100 ) ) ;
#5448 = FACE_OUTER_BOUND ( 'NONE', #6654, .T. ) ;
#5449 = VERTEX_POINT ( 'NONE', #318 ) ;
#5450 = CARTESIAN_POINT ( 'NONE',  ( 20.00000000000006000, -12.87377762982770300, -4.064686218723992700 ) ) ;
#5451 = CARTESIAN_POINT ( 'NONE',  ( 19.40000000000003100, -13.22909213001559600, -30.26853721213504800 ) ) ;
#5452 = DIRECTION ( 'NONE',  ( 0.0000000000000000000, 0.6423556150033356000, -0.7664067222263166700 ) ) ;
#5453 = AXIS2_PLACEMENT_3D ( 'NONE', #8098, #8132, #5823 ) ;
#5454 = CARTESIAN_POINT ( 'NONE',  ( 19.40000000000003100, 0.5606814950957790300, 33.51444442819016700 ) ) ;
#5455 = ORIENTED_EDGE ( 'NONE', *, *, #9567, .T. ) ;
#5456 = CARTESIAN_POINT ( 'NONE',  ( 2.000000000128237900, 6.249999999999999100, 6.446607438115323100E-014 ) ) ;
#5457 = CARTESIAN_POINT ( 'NONE',  ( 11.17070943148337400, -1.092875789857602900E-016, -9.992007221555231900E-016 ) ) ;
#5458 =( BOUNDED_CURVE ( )  B_SPLINE_CURVE ( 3, ( #3829, #3066, #2211, #4603 ),
 .UNSPECIFIED., .F., .T. ) 
 B_SPLINE_CURVE_WITH_KNOTS ( ( 4, 4 ),
 ( 0.0000000000000000000, 1.000000000000000000 ),
 .UNSPECIFIED. ) 
 CURVE ( )  GEOMETRIC_REPRESENTATION_ITEM ( )  RATIONAL_B_SPLINE_CURVE ( ( 1.000000000000000000, 0.3333333333333333700, 0.3333333333333333700, 1.000000000000000000 ) ) 
 REPRESENTATION_ITEM ( '' )  );
#5459 = VECTOR ( 'NONE', #7932, 1000.000000000000000 ) ;
#5460 = DIRECTION ( 'NONE',  ( -1.000000000000000000, -0.0000000000000000000, -0.0000000000000000000 ) ) ;
#5461 = ORIENTED_EDGE ( 'NONE', *, *, #931, .F. ) ;
#5462 = EDGE_CURVE ( 'NONE', #3308, #9670, #702, .T. ) ;
#5463 = ORIENTED_EDGE ( 'NONE', *, *, #6439, .T. ) ;
#5464 = ORIENTED_EDGE ( 'NONE', *, *, #2748, .T. ) ;
#5465 = ORIENTED_EDGE ( 'NONE', *, *, #9034, .F. ) ;
#5466 = ADVANCED_FACE ( 'NONE', ( #5887 ), #8334, .F. ) ;
#5467 = CARTESIAN_POINT ( 'NONE',  ( -1.099999999827111500, 0.09475699373034281200, -5.249999999999994700 ) ) ;
#5468 = DESIGN_CONTEXT ( 'detailed design', #5510, 'design' ) ;
#5469 = CARTESIAN_POINT ( 'NONE',  ( -1.999999999871762400, -6.965000000000006100, 0.6991244524403076300 ) ) ;
#5470 = CARTESIAN_POINT ( 'NONE',  ( 6.500000000000000000, -2.407412430484044800E-032, 0.0000000000000000000 ) ) ;
#5471 = DIRECTION ( 'NONE',  ( -5.178279032766577400E-017, 1.000000000000000000, 0.0000000000000000000 ) ) ;
#5472 = AXIS2_PLACEMENT_3D ( 'NONE', #3979, #9350, #112 ) ;
#5473 = EDGE_CURVE ( 'NONE', #3953, #5237, #2524, .T. ) ;
#5474 = CIRCLE ( 'NONE', #8015, 4.750000000000000000 ) ;
#5475 = VERTEX_POINT ( 'NONE', #2191 ) ;
#5476 = DIRECTION ( 'NONE',  ( 1.000000000000000000, 6.071532165918827900E-018, 5.551115123125788900E-017 ) ) ;
#5477 = VERTEX_POINT ( 'NONE', #5392 ) ;
#5478 = DIRECTION ( 'NONE',  ( 0.0000000000000000000, 0.0000000000000000000, 1.000000000000000000 ) ) ;
#5479 = APPROVAL_ROLE ( '' ) ;
#5480 = CARTESIAN_POINT ( 'NONE',  ( 8.999999999997104500, -3.429993627959603500, -5.871826980070864900 ) ) ;
#5481 = CARTESIAN_POINT ( 'NONE',  ( -1.025933137136315600, 5.312588547710628700, 0.3594828967210675900 ) ) ;
#5482 = CARTESIAN_POINT ( 'NONE',  ( 20.00000000000006000, -11.81894376830507400, 6.524056575701838100 ) ) ;
#5483 = DIRECTION ( 'NONE',  ( 0.0000000000000000000, 0.0000000000000000000, -1.000000000000000000 ) ) ;
#5484 = DIRECTION ( 'NONE',  ( -2.551063935260010300E-017, 1.000000000000000000, 0.0000000000000000000 ) ) ;
#5485 = CIRCLE ( 'NONE', #6841, 1.250000000000001100 ) ;
#5486 = AXIS2_PLACEMENT_3D ( 'NONE', #3071, #5288, #4406 ) ;
#5487 = CARTESIAN_POINT ( 'NONE',  ( 1.448637179704749900, 30.90340663350245300, 5.832383694674248000 ) ) ;
#5488 = VERTEX_POINT ( 'NONE', #4586 ) ;
#5489 = CARTESIAN_POINT ( 'NONE',  ( 19.40000000000003100, -20.25509831265184200, 26.72529216802120900 ) ) ;
#5490 = DIRECTION ( 'NONE',  ( 0.0000000000000000000, 0.0000000000000000000, -1.000000000000000000 ) ) ;
#5491 = DIRECTION ( 'NONE',  ( 0.0000000000000000000, 0.0000000000000000000, 1.000000000000000000 ) ) ;
#5492 = DIRECTION ( 'NONE',  ( 0.0000000000000000000, -0.6423556150033356000, 0.7664067222263166700 ) ) ;
#5493 = CARTESIAN_POINT ( 'NONE',  ( 0.2000000000000007600, 25.40000000000000200, -3.248403685112362500 ) ) ;
#5494 = EDGE_CURVE ( 'NONE', #8117, #9408, #76, .T. ) ;
#5495 = COORDINATED_UNIVERSAL_TIME_OFFSET ( 8, 0, .AHEAD. ) ;
#5496 = CARTESIAN_POINT ( 'NONE',  ( 20.00000000000005700, 0.0000000000000000000, 0.0000000000000000000 ) ) ;
#5497 = ORIENTED_EDGE ( 'NONE', *, *, #2672, .F. ) ;
#5498 = ADVANCED_FACE ( 'NONE', ( #3014 ), #8653, .T. ) ;
#5499 = AXIS2_PLACEMENT_3D ( 'NONE', #3083, #6039, #7657 ) ;
#5500 = DIRECTION ( 'NONE',  ( -1.000000000000000000, -6.123233995736766000E-017, -0.0000000000000000000 ) ) ;
#5501 = CARTESIAN_POINT ( 'NONE',  ( 23.92834014497567100, 65.56681638258706400, 15.62341848518261700 ) ) ;
#5502 = DIRECTION ( 'NONE',  ( 0.0000000000000000000, 0.0000000000000000000, 1.000000000000000000 ) ) ;
#5503 = CARTESIAN_POINT ( 'NONE',  ( 20.00000000000006000, 9.635334225050032200, -10.24610083339474900 ) ) ;
#5504 = CARTESIAN_POINT ( 'NONE',  ( 6.400000000000036800, 32.95449659198762800, -1.732696345985890800 ) ) ;
#5505 = EDGE_LOOP ( 'NONE', ( #632, #4100, #7833, #6051 ) ) ;
#5506 = ORIENTED_EDGE ( 'NONE', *, *, #687, .T. ) ;
#5507 = CARTESIAN_POINT ( 'NONE',  ( -1.100000000000000100, 0.0000000000000000000, 4.750000000000000000 ) ) ;
#5508 = EDGE_CURVE ( 'NONE', #3600, #2337, #3724, .T. ) ;
#5509 = EDGE_CURVE ( 'NONE', #1660, #7485, #936, .T. ) ;
#5510 = APPLICATION_CONTEXT ( 'configuration controlled 3d designs of mechanical parts and assemblies' ) ;
#5511 = CYLINDRICAL_SURFACE ( 'NONE', #1360, 0.9999999999999995600 ) ;
#5512 = CARTESIAN_POINT ( 'NONE',  ( 8.999999999997102800, -6.473813739637065200, 2.081591793994004700 ) ) ;
#5513 = CARTESIAN_POINT ( 'NONE',  ( 6.499999999999998200, 29.90401310861136300, 4.999999999999999100 ) ) ;
#5514 = CARTESIAN_POINT ( 'NONE',  ( 20.00000000000005300, -9.937864143519249200, 9.141381308996173500 ) ) ;
#5515 = DIRECTION ( 'NONE',  ( 1.000000000000000000, 0.0000000000000000000, 0.0000000000000000000 ) ) ;
#5516 = CARTESIAN_POINT ( 'NONE',  ( 23.92834014497567800, 19.36273067059046200, -23.10204285599831000 ) ) ;
#5517 = ADVANCED_FACE ( 'NONE', ( #6495 ), #8435, .F. ) ;
#5518 = ORIENTED_EDGE ( 'NONE', *, *, #8863, .T. ) ;
#5519 = CARTESIAN_POINT ( 'NONE',  ( 24.00000000000006000, -14.13182353007326400, 18.11094788897906200 ) ) ;
#5520 = EDGE_CURVE ( 'NONE', #9233, #6, #9843, .T. ) ;
#5521 = CARTESIAN_POINT ( 'NONE',  ( 19.40000000000003800, -27.31287181251660500, 19.39755906331655300 ) ) ;
#5522 = CARTESIAN_POINT ( 'NONE',  ( -0.5999999998469293100, 5.689999999999886700, 0.8284926070883079600 ) ) ;
#5523 = FACE_BOUND ( 'NONE', #1225, .T. ) ;
#5524 = CARTESIAN_POINT ( 'NONE',  ( 6.499999999999998200, 40.50860386925227600, 4.999999999999998200 ) ) ;
#5525 = CARTESIAN_POINT ( 'NONE',  ( 19.00000000000000000, -15.55634918610412000, 16.80634918610461200 ) ) ;
#5526 = LINE ( 'NONE', #3904, #2834 ) ;
#5527 = CARTESIAN_POINT ( 'NONE',  ( 24.00000000000006000, -2.216910000805129500E-047, 8.673617379884035500E-016 ) ) ;
#5528 = ORIENTED_EDGE ( 'NONE', *, *, #3950, .F. ) ;
#5529 = CARTESIAN_POINT ( 'NONE',  ( 27.30496494509936100, 5.042386180099899500E-017, -11.04999999999995500 ) ) ;
#5530 = AXIS2_PLACEMENT_3D ( 'NONE', #8769, #5694, #8647 ) ;
#5531 = CYLINDRICAL_SURFACE ( 'NONE', #1005, 1.249999999999787700 ) ;
#5532 = EDGE_CURVE ( 'NONE', #9991, #6001, #4561, .T. ) ;
#5533 = LINE ( 'NONE', #2270, #6852 ) ;
#5534 = CARTESIAN_POINT ( 'NONE',  ( 1.299999999997001800, -11.49610083339478300, -9.635334225049994900 ) ) ;
#5535 = EDGE_CURVE ( 'NONE', #4170, #8817, #4197, .T. ) ;
#5536 = CARTESIAN_POINT ( 'NONE',  ( 19.00000000000000000, 18.91510639674004300, 18.91510639674024600 ) ) ;
#5537 = CARTESIAN_POINT ( 'NONE',  ( 6.499999999999998200, 23.50000000000001400, -5.000000000000000000 ) ) ;
#5538 = CARTESIAN_POINT ( 'NONE',  ( 1.000000000131194400, 0.0000000000000000000, 11.85000853396763900 ) ) ;
#5539 = CARTESIAN_POINT ( 'NONE',  ( 6.400000000000033200, -4.844685506476250400, 32.64251647885350100 ) ) ;
#5540 = ORIENTED_EDGE ( 'NONE', *, *, #3794, .T. ) ;
#5541 = EDGE_LOOP ( 'NONE', ( #6348, #714, #9881, #9730 ) ) ;
#5542 = CIRCLE ( 'NONE', #6888, 30.42229123600019500 ) ;
#5543 = CIRCLE ( 'NONE', #2265, 1.249999999999999300 ) ;
#5544 = CARTESIAN_POINT ( 'NONE',  ( 0.1999999999999987900, 1.534794619964178200E-015, -12.46509829663151700 ) ) ;
#5545 = AXIS2_PLACEMENT_3D ( 'NONE', #1780, #2427, #7899 ) ;
#5546 = ORIENTED_EDGE ( 'NONE', *, *, #9217, .T. ) ;
#5547 = CARTESIAN_POINT ( 'NONE',  ( 6.399999999999979000, -15.55634918610482300, -15.55634918610326000 ) ) ;
#5548 = DATE_TIME_ROLE ( 'creation_date' ) ;
#5549 = CARTESIAN_POINT ( 'NONE',  ( 8.999999999997104500, -6.265232206285901400, -2.659442850016749300 ) ) ;
#5550 = VERTEX_POINT ( 'NONE', #4648 ) ;
#5551 = DIRECTION ( 'NONE',  ( -1.000000000000000000, -0.0000000000000000000, -0.0000000000000000000 ) ) ;
#5552 = ADVANCED_FACE ( 'NONE', ( #6614 ), #642, .F. ) ;
#5553 = CARTESIAN_POINT ( 'NONE',  ( 20.00000000000005700, -12.84760346284866200, -4.146071457859559200 ) ) ;
#5554 = VERTEX_POINT ( 'NONE', #5428 ) ;
#5555 = DIRECTION ( 'NONE',  ( 1.000000000000000000, 6.071532165918827900E-018, 5.551115123125788900E-017 ) ) ;
#5556 = DIRECTION ( 'NONE',  ( -1.000000000000000000, -0.0000000000000000000, -0.0000000000000000000 ) ) ;
#5557 = CIRCLE ( 'NONE', #4085, 1.250000000000001100 ) ;
#5558 = LINE ( 'NONE', #2752, #3264 ) ;
#5559 = EDGE_CURVE ( 'NONE', #3578, #6923, #6016, .T. ) ;
#5560 = PERSON ( 'NAUO-PER1', 'UNSPECIFIED', 'UNSPECIFIED', ('UNSPECIFIED'), ('UNSPECIFIED'), ('UNSPECIFIED') ) ;
#5561 = EDGE_CURVE ( 'NONE', #2061, #4810, #6907, .T. ) ;
#5562 = DIRECTION ( 'NONE',  ( -1.000000000000000000, -0.0000000000000000000, -0.0000000000000000000 ) ) ;
#5563 = FACE_OUTER_BOUND ( 'NONE', #3154, .T. ) ;
#5564 = ORIENTED_EDGE ( 'NONE', *, *, #5767, .T. ) ;
#5565 = DIRECTION ( 'NONE',  ( 0.0000000000000000000, 1.000000000000000000, 0.0000000000000000000 ) ) ;
#5566 = DIRECTION ( 'NONE',  ( 1.679403124341539000E-016, -1.000000000000000000, 0.0000000000000000000 ) ) ;
#5567 = CARTESIAN_POINT ( 'NONE',  ( 4.315194346083972000E-015, -7.685517666814192300E-015, -31.37850714248854800 ) ) ;
#5568 = CARTESIAN_POINT ( 'NONE',  ( 0.1500000000000008800, 25.90000000000000900, -3.248403685112363400 ) ) ;
#5569 = AXIS2_PLACEMENT_3D ( 'NONE', #5527, #2435, #3205 ) ;
#5570 = FACE_OUTER_BOUND ( 'NONE', #3899, .T. ) ;
#5571 = ADVANCED_FACE ( 'NONE', ( #444 ), #696, .T. ) ;
#5572 = DIRECTION ( 'NONE',  ( -1.000000000000000000, -0.0000000000000000000, -0.0000000000000000000 ) ) ;
#5573 = ORIENTED_EDGE ( 'NONE', *, *, #5416, .F. ) ;
#5574 = CIRCLE ( 'NONE', #1835, 1.249999999999999300 ) ;
#5575 = CC_DESIGN_APPROVAL ( #2668, ( #9227 ) ) ;
#5576 = ADVANCED_FACE ( 'NONE', ( #7836 ), #1052, .T. ) ;
#5577 = DIRECTION ( 'NONE',  ( 0.0000000000000000000, 0.0000000000000000000, -1.000000000000000000 ) ) ;
#5578 = DIRECTION ( 'NONE',  ( -1.000000000000000000, -0.0000000000000000000, -0.0000000000000000000 ) ) ;
#5579 = CARTESIAN_POINT ( 'NONE',  ( 19.40000000000003400, -30.48569849038048600, 13.88784315700641500 ) ) ;
#5580 = CIRCLE ( 'NONE', #8508, 0.9999999999999995600 ) ;
#5581 = EDGE_CURVE ( 'NONE', #7002, #7686, #7592, .T. ) ;
#5582 = CARTESIAN_POINT ( 'NONE',  ( 0.0000000000000000000, 19.50000000000000400, -6.000000000000005300 ) ) ;
#5583 = CARTESIAN_POINT ( 'NONE',  ( 6.400000000000033200, 1.732696345987521100, 32.95449659198740000 ) ) ;
#5584 = ORIENTED_EDGE ( 'NONE', *, *, #603, .F. ) ;
#5585 = ORIENTED_EDGE ( 'NONE', *, *, #5709, .T. ) ;
#5586 = ORIENTED_EDGE ( 'NONE', *, *, #2127, .T. ) ;
#5587 = CARTESIAN_POINT ( 'NONE',  ( 6.499999999999998200, 23.50000000000001400, -5.000000000000000900 ) ) ;
#5588 = CARTESIAN_POINT ( 'NONE',  ( 8.999999999997106300, -5.005694575544670700, 4.604584836072216800 ) ) ;
#5589 = ORIENTED_EDGE ( 'NONE', *, *, #7020, .F. ) ;
#5590 = CARTESIAN_POINT ( 'NONE',  ( 20.00000000000006000, -11.68509863674957000, 6.762399619780306500 ) ) ;
#5592 = ORIENTED_EDGE ( 'NONE', *, *, #1324, .F. ) ;
#5591 = DIRECTION ( 'NONE',  ( 1.000000000000000000, 0.0000000000000000000, 0.0000000000000000000 ) ) ;
#5593 = SHELL_BASED_SURFACE_MODEL ( 'NONE', ( #9796, #9483, #7967, #5245, #2819, #7279, #1074, #4080, #9544, #6080, #8119 ) );
#5594 = ORIENTED_EDGE ( 'NONE', *, *, #6554, .F. ) ;
#5595 = ORIENTED_EDGE ( 'NONE', *, *, #6814, .F. ) ;
#5596 = CARTESIAN_POINT ( 'NONE',  ( 1.500000000000025500, 30.88447255479534400, 6.196721311475410100 ) ) ;
#5597 = DIRECTION ( 'NONE',  ( -1.626303258728255200E-016, 1.000000000000000000, 0.0000000000000000000 ) ) ;
#5598 = AXIS2_PLACEMENT_3D ( 'NONE', #255, #2616, #8051 ) ;
#5599 = CARTESIAN_POINT ( 'NONE',  ( 2.000000000128237900, -6.964999999999998100, -0.6991244524403608100 ) ) ;
#5600 = CARTESIAN_POINT ( 'NONE',  ( -4.336808689942017700E-016, -7.629358254319389100E-015, -31.14921894064168100 ) ) ;
#5601 = DIRECTION ( 'NONE',  ( 1.000000000000000000, 6.071532165918827900E-018, 5.551115123125788900E-017 ) ) ;
#5602 = ORIENTED_EDGE ( 'NONE', *, *, #5275, .T. ) ;
#5603 = ORIENTED_EDGE ( 'NONE', *, *, #72, .T. ) ;
#5604 = ORIENTED_EDGE ( 'NONE', *, *, #9192, .F. ) ;
#5605 = EDGE_CURVE ( 'NONE', #8817, #4021, #1906, .T. ) ;
#5606 = ADVANCED_FACE ( 'NONE', ( #3469 ), #8997, .F. ) ;
#5607 = FACE_OUTER_BOUND ( 'NONE', #1318, .T. ) ;
#5608 = DIRECTION ( 'NONE',  ( -5.551115123125788900E-017, 0.0000000000000000000, 1.000000000000000000 ) ) ;
#5609 = CARTESIAN_POINT ( 'NONE',  ( 19.40000000000003400, -29.34185890298482800, -16.18356809135417900 ) ) ;
#5610 = VERTEX_POINT ( 'NONE', #5717 ) ;
#5611 = DIRECTION ( 'NONE',  ( 1.000000000000000000, 0.0000000000000000000, 0.0000000000000000000 ) ) ;
#5612 = AXIS2_PLACEMENT_3D ( 'NONE', #3733, #3068, #8456 ) ;
#5613 = CARTESIAN_POINT ( 'NONE',  ( 6.400000000000033200, 8.020139023311688900, 32.01059907059760700 ) ) ;
#5614 = DIRECTION ( 'NONE',  ( 1.000000000000000000, -0.0000000000000000000, -0.0000000000000000000 ) ) ;
#5615 = DATE_AND_TIME ( #2725, #5369 ) ;
#5616 = FACE_BOUND ( 'NONE', #947, .T. ) ;
#5617 = CARTESIAN_POINT ( 'NONE',  ( 0.0000000000000000000, -15.55634918610401500, 16.80634918610494200 ) ) ;
#5618 = EDGE_CURVE ( 'NONE', #8129, #1864, #5405, .T. ) ;
#5619 = PERSON_AND_ORGANIZATION_ROLE ( 'classification_officer' ) ;
#5620 = ADVANCED_FACE ( 'NONE', ( #929 ), #4675, .T. ) ;
#5621 = AXIS2_PLACEMENT_3D ( 'NONE', #10004, #6939, #728 ) ;
#5622 = ORIENTED_EDGE ( 'NONE', *, *, #2968, .T. ) ;
#5623 = DIRECTION ( 'NONE',  ( 0.0000000000000000000, 0.0000000000000000000, 1.000000000000000000 ) ) ;
#5624 = CARTESIAN_POINT ( 'NONE',  ( 1.000000000128238300, 7.928379597048971700, -3.064629149131981900 ) ) ;
#5625 = DIRECTION ( 'NONE',  ( 1.000000000000000000, 0.0000000000000000000, 0.0000000000000000000 ) ) ;
#5626 = CARTESIAN_POINT ( 'NONE',  ( 19.40000000000003400, 16.12516649987237500, -28.79201524191459800 ) ) ;
#5627 = DIRECTION ( 'NONE',  ( -1.000000000000000000, -3.642919299551294900E-017, -2.775557561562891400E-017 ) ) ;
#5628 = ADVANCED_FACE ( 'NONE', ( #311 ), #9832, .F. ) ;
#5629 = AXIS2_PLACEMENT_3D ( 'NONE', #1775, #5625, #989 ) ;
#5630 = CARTESIAN_POINT ( 'NONE',  ( 0.9524268403814697400, 30.51349045390708900, 5.194827467036723200 ) ) ;
#5631 = COORDINATED_UNIVERSAL_TIME_OFFSET ( 8, 0, .AHEAD. ) ;
#5632 = DIRECTION ( 'NONE',  ( 1.000000000000000000, 6.071532165918827900E-018, 5.551115123125788900E-017 ) ) ;
#5633 = ORIENTED_EDGE ( 'NONE', *, *, #7785, .T. ) ;
#5634 = DIRECTION ( 'NONE',  ( -1.626303258728255200E-016, 1.000000000000000000, 0.0000000000000000000 ) ) ;
#5635 = AXIS2_PLACEMENT_3D ( 'NONE', #954, #7959, #3298 ) ;
#5636 = AXIS2_PLACEMENT_3D ( 'NONE', #3593, #2935, #8931 ) ;
#5637 = LINE ( 'NONE', #8713, #8982 ) ;
#5638 = DIRECTION ( 'NONE',  ( 1.000000000000000000, 0.0000000000000000000, 0.0000000000000000000 ) ) ;
#5639 = ORIENTED_EDGE ( 'NONE', *, *, #9335, .T. ) ;
#5640 = AXIS2_PLACEMENT_3D ( 'NONE', #1525, #4482, #6109 ) ;
#5641 = CARTESIAN_POINT ( 'NONE',  ( -1.099999999832333800, -5.249999999994771300, -1.874839383578208200E-014 ) ) ;
#5642 = CARTESIAN_POINT ( 'NONE',  ( 24.00000000000006000, 64.90653072629010000, 15.46608403313454600 ) ) ;
#5643 = CARTESIAN_POINT ( 'NONE',  ( 19.40000000000003400, -30.91038600275402000, 12.95559649289302600 ) ) ;
#5644 = CARTESIAN_POINT ( 'NONE',  ( 6.400000000000034100, 6.949463432736175500, 32.27771842963931400 ) ) ;
#5645 = CIRCLE ( 'NONE', #940, 1.999999999999998400 ) ;
#5646 = DIRECTION ( 'NONE',  ( -1.000000000000000000, 0.0000000000000000000, 0.0000000000000000000 ) ) ;
#5647 = DIRECTION ( 'NONE',  ( -1.037290278918901400E-016, 0.0000000000000000000, 1.000000000000000000 ) ) ;
#5648 = AXIS2_PLACEMENT_3D ( 'NONE', #6487, #4099, #1090 ) ;
#5649 = AXIS2_PLACEMENT_3D ( 'NONE', #1476, #9171, #9102 ) ;
#5650 = CARTESIAN_POINT ( 'NONE',  ( 8.999999999997104500, -2.081591793993396300, -6.473813739637412500 ) ) ;
#5651 = CARTESIAN_POINT ( 'NONE',  ( 1.000000000128238500, 2.903598142560602600, 7.989218698386590500 ) ) ;
#5652 = FACE_OUTER_BOUND ( 'NONE', #200, .T. ) ;
#5653 = ADVANCED_FACE ( 'NONE', ( #4553 ), #70, .F. ) ;
#5654 = CARTESIAN_POINT ( 'NONE',  ( 20.00000000000006400, 4.200289803288501200, -12.82997844125305400 ) ) ;
#5655 = CARTESIAN_POINT ( 'NONE',  ( 21.00000000000006000, -14.86494455989662500, 26.05828519785184500 ) ) ;
#5656 = LINE ( 'NONE', #1504, #3959 ) ;
#5657 = CARTESIAN_POINT ( 'NONE',  ( -1.099999999866668500, 1.187016255077474500, 4.638831476682041100 ) ) ;
#5658 = EDGE_CURVE ( 'NONE', #5174, #1444, #4191, .T. ) ;
#5659 = VERTEX_POINT ( 'NONE', #3422 ) ;
#5660 = ORIENTED_EDGE ( 'NONE', *, *, #6371, .F. ) ;
#5661 = DIRECTION ( 'NONE',  ( -1.000000000000000000, -1.679403124341539000E-016, 1.865376329483171500E-017 ) ) ;
#5662 = CARTESIAN_POINT ( 'NONE',  ( -0.8441823162686449300, -5.469408162263400500, 0.6455901762556536200 ) ) ;
#5663 = CIRCLE ( 'NONE', #1534, 33.99999999999988600 ) ;
#5664 = CIRCLE ( 'NONE', #8163, 33.99999999999988600 ) ;
#5665 = ADVANCED_FACE ( 'NONE', ( #9353 ), #1667, .T. ) ;
#5666 = DIRECTION ( 'NONE',  ( -1.000000000000000000, -0.0000000000000000000, -0.0000000000000000000 ) ) ;
#5667 = AXIS2_PLACEMENT_3D ( 'NONE', #1441, #9930, #6895 ) ;
#5668 = EDGE_LOOP ( 'NONE', ( #4879, #456 ) ) ;
#5669 = EDGE_CURVE ( 'NONE', #1604, #1758, #2636, .T. ) ;
#5670 = CYLINDRICAL_SURFACE ( 'NONE', #4353, 1.250000000000932600 ) ;
#5671 = CIRCLE ( 'NONE', #6329, 0.8000000000000003800 ) ;
#5672 = ADVANCED_FACE ( 'NONE', ( #9120 ), #1428, .F. ) ;
#5673 = CARTESIAN_POINT ( 'NONE',  ( 1.350000000132411500, 0.0000000000000000000, 11.50000853396639400 ) ) ;
#5674 = DIRECTION ( 'NONE',  ( -6.086749038515113000E-017, 1.000000000000000000, 0.0000000000000000000 ) ) ;
#5675 = CIRCLE ( 'NONE', #9982, 1.249999999999999300 ) ;
#5676 = CARTESIAN_POINT ( 'NONE',  ( 1.000000000128238500, -7.033399776735617300, -4.773540549320941300 ) ) ;
#5677 = CARTESIAN_POINT ( 'NONE',  ( 6.400000000000034100, 8.841306579372188800, 31.79537976623703700 ) ) ;
#5678 = CYLINDRICAL_SURFACE ( 'NONE', #3076, 11.85000853396763900 ) ;
#5679 = FACE_OUTER_BOUND ( 'NONE', #5866, .T. ) ;
#5680 = AXIS2_PLACEMENT_3D ( 'NONE', #1198, #6534, #1949 ) ;
#5681 = CARTESIAN_POINT ( 'NONE',  ( 1.899999999999999900, 0.0000000000000000000, 4.700000000000000200 ) ) ;
#5682 = CIRCLE ( 'NONE', #2526, 1.000000000000000000 ) ;
#5683 = ORIENTED_EDGE ( 'NONE', *, *, #3962, .T. ) ;
#5684 = EDGE_LOOP ( 'NONE', ( #3504, #5113, #1884, #9636 ) ) ;
#5685 = CARTESIAN_POINT ( 'NONE',  ( 1.000000000128238500, 7.271562279047658200, 4.411019706537689300 ) ) ;
#5686 = CARTESIAN_POINT ( 'NONE',  ( -1.999999999871762400, 6.249999999999999100, 1.000000000000064600 ) ) ;
#5687 = CARTESIAN_POINT ( 'NONE',  ( 20.00000000000005300, -4.294887910549526600, -12.79950958075173900 ) ) ;
#5688 = CARTESIAN_POINT ( 'NONE',  ( 21.00000000000006000, 8.265065350619993400, 28.83954286804236800 ) ) ;
#5689 = CARTESIAN_POINT ( 'NONE',  ( -2.168404344971008900E-016, 29.82121128583928600, 9.097689088056659700 ) ) ;
#5690 = EDGE_CURVE ( 'NONE', #2810, #9937, #6971, .T. ) ;
#5691 = CIRCLE ( 'NONE', #8205, 1.000000000000000000 ) ;
#5692 = CARTESIAN_POINT ( 'NONE',  ( 0.2000000000000011800, 24.40000000000000200, -2.203790942934699100E-015 ) ) ;
#5693 = VERTEX_POINT ( 'NONE', #4160 ) ;
#5694 = DIRECTION ( 'NONE',  ( -1.000000000000000000, -1.679403124341539000E-016, 1.865376329483171500E-017 ) ) ;
#5695 = VECTOR ( 'NONE', #4978, 1000.000000000000000 ) ;
#5696 = CARTESIAN_POINT ( 'NONE',  ( -0.5999999998560311400, -0.8284926070825480200, -5.689999999991528900 ) ) ;
#5697 = VERTEX_POINT ( 'NONE', #9519 ) ;
#5698 = AXIS2_PLACEMENT_3D ( 'NONE', #484, #5730, #6400 ) ;
#5699 = CARTESIAN_POINT ( 'NONE',  ( 8.999999999997104500, -4.368018182022542100, 5.211565711138788100 ) ) ;
#5700 = ADVANCED_FACE ( 'NONE', ( #7579 ), #2882, .F. ) ;
#5701 = ORIENTED_EDGE ( 'NONE', *, *, #5036, .T. ) ;
#5702 = ORIENTED_EDGE ( 'NONE', *, *, #6605, .F. ) ;
#5703 = VERTEX_POINT ( 'NONE', #4392 ) ;
#5704 = CARTESIAN_POINT ( 'NONE',  ( -1.099999999866668300, -1.625270760816593300, 4.463610776843218300 ) ) ;
#5705 = CARTESIAN_POINT ( 'NONE',  ( 27.30496494509936100, 1.403658574858818600E-015, 11.04999999999995500 ) ) ;
#5706 = CARTESIAN_POINT ( 'NONE',  ( 19.40000000000003400, -19.59092004405846800, -27.17497531263653700 ) ) ;
#5707 = EDGE_CURVE ( 'NONE', #8689, #9895, #7459, .T. ) ;
#5708 = CARTESIAN_POINT ( 'NONE',  ( 1.000000000128238500, -7.952956208293666200, 3.000284323784408300 ) ) ;
#5709 = EDGE_CURVE ( 'NONE', #7854, #4128, #6247, .T. ) ;
#5710 = CARTESIAN_POINT ( 'NONE',  ( 6.400000000000036800, -17.52898216890686800, 27.95961130092313600 ) ) ;
#5711 = VERTEX_POINT ( 'NONE', #2004 ) ;
#5712 = EDGE_LOOP ( 'NONE', ( #2529, #6824 ) ) ;
#5713 = ORIENTED_EDGE ( 'NONE', *, *, #4042, .T. ) ;
#5714 = ADVANCED_FACE ( 'NONE', ( #3362 ), #7017, .T. ) ;
#5715 = CARTESIAN_POINT ( 'NONE',  ( 8.999999999997104500, -3.288285847138582100, -5.952345099356631600 ) ) ;
#5716 = CARTESIAN_POINT ( 'NONE',  ( 1.000000000128238800, 8.452666083386400700, 1.035816813050102200 ) ) ;
#5717 = CARTESIAN_POINT ( 'NONE',  ( 0.0000000000000000000, -10.60660171779819200, 9.356601717799408700 ) ) ;
#5718 = CARTESIAN_POINT ( 'NONE',  ( 20.00000000000006000, -4.023724387671824900, -12.88653859593029300 ) ) ;
#5719 = CARTESIAN_POINT ( 'NONE',  ( 0.0000000000000000000, 18.91510639673938200, -18.91510639674004000 ) ) ;
#5720 = CARTESIAN_POINT ( 'NONE',  ( -2.168404344971008900E-016, 15.48175744255451000, 27.03863249258473900 ) ) ;
#5721 = CIRCLE ( 'NONE', #7483, 0.8000000000000003800 ) ;
#5722 = DIRECTION ( 'NONE',  ( 0.0000000000000000000, 0.0000000000000000000, 1.000000000000000000 ) ) ;
#5723 = ORIENTED_EDGE ( 'NONE', *, *, #846, .F. ) ;
#5724 = ORIENTED_EDGE ( 'NONE', *, *, #6393, .T. ) ;
#5725 = DIRECTION ( 'NONE',  ( 0.0000000000000000000, 0.0000000000000000000, 1.000000000000000000 ) ) ;
#5726 = CARTESIAN_POINT ( 'NONE',  ( -1.100000000000000100, 6.249999999999999100, 1.000000000000064600 ) ) ;
#5727 = AXIS2_PLACEMENT_3D ( 'NONE', #6776, #6107, #4617 ) ;
#5728 = CARTESIAN_POINT ( 'NONE',  ( -1.099999999827105100, 5.250000000000001800, -0.1893027508437062100 ) ) ;
#5729 = DIRECTION ( 'NONE',  ( 1.000000000000000000, 0.0000000000000000000, 0.0000000000000000000 ) ) ;
#5730 = DIRECTION ( 'NONE',  ( -1.000000000000000000, -0.0000000000000000000, -0.0000000000000000000 ) ) ;
#5731 = CARTESIAN_POINT ( 'NONE',  ( 19.40000000000003800, -23.13106841480006200, 24.23231254747619100 ) ) ;
#5732 = LINE ( 'NONE', #6128, #6213 ) ;
#5733 = CARTESIAN_POINT ( 'NONE',  ( 24.00000000000006400, 18.96738926836106000, -22.63035349707299900 ) ) ;
#5734 = EDGE_LOOP ( 'NONE', ( #868, #851 ) ) ;
#5735 = EDGE_CURVE ( 'NONE', #5220, #8689, #8325, .T. ) ;
#5736 = ORIENTED_EDGE ( 'NONE', *, *, #4502, .F. ) ;
#5737 = CARTESIAN_POINT ( 'NONE',  ( 1.282376982381094900E-010, 6.249999999999999100, 6.446607438115323100E-014 ) ) ;
#5738 = DIRECTION ( 'NONE',  ( -1.000000000000000000, 0.0000000000000000000, 0.0000000000000000000 ) ) ;
#5739 = CARTESIAN_POINT ( 'NONE',  ( 24.00000000000006000, -16.86094788897901300, -12.88182353007332500 ) ) ;
#5740 = DIRECTION ( 'NONE',  ( 1.000000000000000000, 1.679403124341539000E-016, -1.865376329483173100E-017 ) ) ;
#5741 = LOCAL_TIME ( 11, 40, 0.0000000000000000000, #4884 ) ;
#5742 = CARTESIAN_POINT ( 'NONE',  ( 1.000000000128238800, -7.989218698386555900, 2.903598142560772200 ) ) ;
#5743 = AXIS2_PLACEMENT_3D ( 'NONE', #7434, #8844, #1830 ) ;
#5744 = CARTESIAN_POINT ( 'NONE',  ( 11.17070943148337400, -1.092875789857602900E-016, -3.750000000001904700 ) ) ;
#5745 = ORIENTED_EDGE ( 'NONE', *, *, #3949, .F. ) ;
#5746 = EDGE_CURVE ( 'NONE', #621, #6386, #2147, .T. ) ;
#5747 = EDGE_CURVE ( 'NONE', #6089, #4718, #1306, .T. ) ;
#5748 = CIRCLE ( 'NONE', #6662, 30.42229123600019500 ) ;
#5749 = AXIS2_PLACEMENT_3D ( 'NONE', #7482, #8280, #591 ) ;
#5750 = CARTESIAN_POINT ( 'NONE',  ( 1.000000000128238500, 8.004622828340696800, 2.872663059698696400 ) ) ;
#5751 = CARTESIAN_POINT ( 'NONE',  ( 1.699756038043516400, 0.0000000000000000000, 0.0000000000000000000 ) ) ;
#5752 = VERTEX_POINT ( 'NONE', #3648 ) ;
#5753 = DIRECTION ( 'NONE',  ( 0.0000000000000000000, 0.0000000000000000000, 1.000000000000000000 ) ) ;
#5754 = CARTESIAN_POINT ( 'NONE',  ( 21.00000000000006000, -13.91844341211450200, 26.59368771528196600 ) ) ;
#5755 = DIRECTION ( 'NONE',  ( 0.0000000000000000000, 0.0000000000000000000, -1.000000000000000000 ) ) ;
#5756 = AXIS2_PLACEMENT_3D ( 'NONE', #3927, #856, #7067 ) ;
#5757 = VERTEX_POINT ( 'NONE', #2887 ) ;
#5758 = DIRECTION ( 'NONE',  ( 0.0000000000000000000, 0.0000000000000000000, 1.000000000000000000 ) ) ;
#5760 = CARTESIAN_POINT ( 'NONE',  ( 2.000000000128237900, 6.249999999999999100, -0.9999999999999358300 ) ) ;
#5759 = VECTOR ( 'NONE', #2225, 1000.000000000000000 ) ;
#5761 = DIRECTION ( 'NONE',  ( 0.0000000000000000000, -1.000000000000000000, 0.0000000000000000000 ) ) ;
#5762 = CARTESIAN_POINT ( 'NONE',  ( -1.033140896836350500, 5.305805150781053700, -0.3668874207808136600 ) ) ;
#5763 = AXIS2_PLACEMENT_3D ( 'NONE', #8426, #5283, #7576 ) ;
#5764 = DIRECTION ( 'NONE',  ( 0.0000000000000000000, 0.0000000000000000000, 1.000000000000000000 ) ) ;
#5765 = ORIENTED_EDGE ( 'NONE', *, *, #8004, .F. ) ;
#5766 = ADVANCED_FACE ( 'NONE', ( #6004 ), #5169, .F. ) ;
#5767 = EDGE_CURVE ( 'NONE', #5830, #7595, #2512, .T. ) ;
#5768 = DIRECTION ( 'NONE',  ( 0.0000000000000000000, 0.0000000000000000000, 1.000000000000000000 ) ) ;
#5769 = CYLINDRICAL_SURFACE ( 'NONE', #1986, 1.249999999999997600 ) ;
#5770 = CIRCLE ( 'NONE', #3565, 33.99999999999988600 ) ;
#5771 = CARTESIAN_POINT ( 'NONE',  ( 19.40000000000003400, 30.97071548960957400, -11.41816335563232300 ) ) ;
#5772 = CARTESIAN_POINT ( 'NONE',  ( 19.40000000000004500, -10.33359851017399400, 31.34035613506572200 ) ) ;
#5773 = CARTESIAN_POINT ( 'NONE',  ( 1.299999999997001800, -11.49610083339478300, -8.385334225049994900 ) ) ;
#5774 = CARTESIAN_POINT ( 'NONE',  ( 19.40000000000003100, 16.18356809137326000, -29.34185890297769100 ) ) ;
#5775 = CARTESIAN_POINT ( 'NONE',  ( 1.000000000128238500, -2.676814450619005900, -8.069614187852483400 ) ) ;
#5776 = CARTESIAN_POINT ( 'NONE',  ( 5.999999999999998200, 29.07318352021326600, -4.999999999999999100 ) ) ;
#5777 = ORIENTED_EDGE ( 'NONE', *, *, #1935, .T. ) ;
#5778 = FACE_BOUND ( 'NONE', #1182, .T. ) ;
#5779 = VECTOR ( 'NONE', #5565, 1000.000000000000000 ) ;
#5780 = ORIENTED_EDGE ( 'NONE', *, *, #3717, .T. ) ;
#5781 = CARTESIAN_POINT ( 'NONE',  ( -1.100000000000000100, -1.092875789857602900E-016, 6.249999999999999100 ) ) ;
#5782 = ORIENTED_EDGE ( 'NONE', *, *, #3427, .F. ) ;
#5783 = CARTESIAN_POINT ( 'NONE',  ( 21.00000000000006400, 15.45887576069772800, -25.71221387312253600 ) ) ;
#5784 = DIRECTION ( 'NONE',  ( 1.000000000000000000, 0.0000000000000000000, 0.0000000000000000000 ) ) ;
#5785 = DIRECTION ( 'NONE',  ( 0.0000000000000000000, 0.0000000000000000000, -1.000000000000000000 ) ) ;
#5786 = ORIENTED_EDGE ( 'NONE', *, *, #2230, .T. ) ;
#5787 = CARTESIAN_POINT ( 'NONE',  ( 21.00000000000006000, -9.857324339679983900, 28.33478321408632500 ) ) ;
#5788 = CONICAL_SURFACE ( 'NONE', #3619, 12.60000000000000100, 0.5934119456780723200 ) ;
#5789 = ORIENTED_EDGE ( 'NONE', *, *, #9825, .T. ) ;
#5790 = EDGE_CURVE ( 'NONE', #1720, #3684, #809, .T. ) ;
#5791 = CARTESIAN_POINT ( 'NONE',  ( 2.171492092158871800, -8.327598234201960100E-015, -33.99999999999982900 ) ) ;
#5792 = CARTESIAN_POINT ( 'NONE',  ( 0.0000000000000000000, 1.543054966925665300E-015, -12.60000000000000100 ) ) ;
#5793 = VERTEX_POINT ( 'NONE', #506 ) ;
#5794 = DIRECTION ( 'NONE',  ( 1.000000000000000000, 0.0000000000000000000, 0.0000000000000000000 ) ) ;
#5795 = ORIENTED_EDGE ( 'NONE', *, *, #1133, .F. ) ;
#5796 = CARTESIAN_POINT ( 'NONE',  ( 6.400000000000037700, -31.96465373706542600, 8.201705901330587500 ) ) ;
#5797 = VECTOR ( 'NONE', #2542, 1000.000000000000000 ) ;
#5798 = FACE_OUTER_BOUND ( 'NONE', #4314, .T. ) ;
#5799 = DIRECTION ( 'NONE',  ( -0.4472135954999579800, 1.066584342912342500E-016, -0.8944271909999158600 ) ) ;
#5800 = CIRCLE ( 'NONE', #4585, 4.700000000000000200 ) ;
#5801 = CARTESIAN_POINT ( 'NONE',  ( 19.40000000000003400, 27.08494314345497100, -18.90567994331511400 ) ) ;
#5802 = CARTESIAN_POINT ( 'NONE',  ( 22.27639320225005900, 1.116095129610790300E-032, 33.44721359549988200 ) ) ;
#5803 = CARTESIAN_POINT ( 'NONE',  ( 19.40000000000003400, -2.165491473040755700, -33.43043657028692200 ) ) ;
#5804 = VECTOR ( 'NONE', #5799, 1000.000000000000000 ) ;
#5805 = CARTESIAN_POINT ( 'NONE',  ( 1.000000000128238500, -8.396910016695990500, 1.322653745681192900 ) ) ;
#5806 = CARTESIAN_POINT ( 'NONE',  ( 6.400000000000036800, -22.83618490832713400, 23.82246502096064600 ) ) ;
#5807 = ORIENTED_EDGE ( 'NONE', *, *, #4661, .T. ) ;
#5808 = VECTOR ( 'NONE', #4537, 1000.000000000000000 ) ;
#5809 = ORIENTED_EDGE ( 'NONE', *, *, #1569, .T. ) ;
#5810 = DIRECTION ( 'NONE',  ( 0.0000000000000000000, 0.0000000000000000000, -1.000000000000000000 ) ) ;
#5811 = AXIS2_PLACEMENT_3D ( 'NONE', #7697, #9202, #9891 ) ;
#5812 = CYLINDRICAL_SURFACE ( 'NONE', #355, 0.8000000000000003800 ) ;
#5813 = DIRECTION ( 'NONE',  ( -1.000000000000000000, -6.123233995736766000E-017, -0.0000000000000000000 ) ) ;
#5814 = CARTESIAN_POINT ( 'NONE',  ( 1.000000000128238500, 0.5200794799632849600, -8.500000000000000000 ) ) ;
#5816 = VERTEX_POINT ( 'NONE', #8329 ) ;
#5815 = CARTESIAN_POINT ( 'NONE',  ( 21.00000000000006000, 26.09994302351611100, 14.79168232833554200 ) ) ;
#5817 = CARTESIAN_POINT ( 'NONE',  ( -2.168404344971008900E-016, 28.91350601765352100, 11.58810265469840700 ) ) ;
#5818 = ORIENTED_EDGE ( 'NONE', *, *, #2943, .T. ) ;
#5819 = ORIENTED_EDGE ( 'NONE', *, *, #2241, .T. ) ;
#5820 = ADVANCED_FACE ( 'NONE', ( #9468 ), #6607, .T. ) ;
#5821 = AXIS2_PLACEMENT_3D ( 'NONE', #375, #3433, #6601 ) ;
#5822 = DIRECTION ( 'NONE',  ( 0.0000000000000000000, 0.0000000000000000000, 1.000000000000000000 ) ) ;
#5823 = DIRECTION ( 'NONE',  ( 0.0000000000000000000, 0.0000000000000000000, -1.000000000000000000 ) ) ;
#5824 = DIRECTION ( 'NONE',  ( 0.0000000000000000000, 0.0000000000000000000, 1.000000000000000000 ) ) ;
#5825 = CARTESIAN_POINT ( 'NONE',  ( -1.099999999866668500, 4.749999999999857900, -9.992007221555231900E-016 ) ) ;
#5826 = CARTESIAN_POINT ( 'NONE',  ( 23.78885438199990400, 2.907568341821367900E-017, 2.658348198236691200E-016 ) ) ;
#5827 = AXIS2_PLACEMENT_3D ( 'NONE', #877, #2306, #7810 ) ;
#5828 = EDGE_LOOP ( 'NONE', ( #7964, #814, #3895, #7770 ) ) ;
#5829 = CARTESIAN_POINT ( 'NONE',  ( 6.400000000000035900, -32.58939096745207600, 5.380564614789305400 ) ) ;
#5830 = VERTEX_POINT ( 'NONE', #1838 ) ;
#5831 = ORIENTED_EDGE ( 'NONE', *, *, #1748, .T. ) ;
#5832 = CARTESIAN_POINT ( 'NONE',  ( 19.40000000000003400, 25.30492111651753000, -21.18178546556352900 ) ) ;
#5833 = VERTEX_POINT ( 'NONE', #4944 ) ;
#5834 = CARTESIAN_POINT ( 'NONE',  ( 0.0000000000000000000, 23.50000000000000700, 5.000000000000000000 ) ) ;
#5835 = CARTESIAN_POINT ( 'NONE',  ( -1.999999999871762400, 6.965000000000010500, -0.6991244524402611100 ) ) ;
#5836 = VERTEX_POINT ( 'NONE', #7647 ) ;
#5837 = CARTESIAN_POINT ( 'NONE',  ( 19.40000000000003400, -1.826745652202125000, -33.45017453979549800 ) ) ;
#5838 = EDGE_CURVE ( 'NONE', #7593, #7627, #8764, .T. ) ;
#5839 = EDGE_LOOP ( 'NONE', ( #8748, #3645, #3108, #1286, #7763 ) ) ;
#5840 = CARTESIAN_POINT ( 'NONE',  ( 0.1000000000000017800, 19.96667702163212600, 3.644078711698373500 ) ) ;
#5841 = AXIS2_PLACEMENT_3D ( 'NONE', #9908, #3667, #589 ) ;
#5842 = DIRECTION ( 'NONE',  ( -1.000000000000000000, -0.0000000000000000000, -0.0000000000000000000 ) ) ;
#5843 = DIRECTION ( 'NONE',  ( -1.000000000000000000, 0.0000000000000000000, 0.0000000000000000000 ) ) ;
#5844 = CIRCLE ( 'NONE', #3752, 1.249999999999999300 ) ;
#5845 = VERTEX_POINT ( 'NONE', #7654 ) ;
#5846 = DIRECTION ( 'NONE',  ( 1.000000000000000000, 1.679403124341539000E-016, -1.865376329483173100E-017 ) ) ;
#5847 = EDGE_CURVE ( 'NONE', #4810, #1232, #4913, .T. ) ;
#5848 = CARTESIAN_POINT ( 'NONE',  ( 21.00000000000006400, 9.857324339688537100, -28.33478321408579200 ) ) ;
#5849 = DIRECTION ( 'NONE',  ( 1.000000000000000000, 0.0000000000000000000, 0.0000000000000000000 ) ) ;
#5850 = CARTESIAN_POINT ( 'NONE',  ( 23.70000000000010600, 3.213528608787811700E-015, 25.99999999999989000 ) ) ;
#5851 = CARTESIAN_POINT ( 'NONE',  ( 21.00000000000006400, 25.91778600860381600, -15.13986913022743300 ) ) ;
#5852 = CARTESIAN_POINT ( 'NONE',  ( -2.168404344971008900E-016, 31.14923515654421500, -0.9524431136048829800 ) ) ;
#5853 = APPROVAL_PERSON_ORGANIZATION ( #8164, #3695, #7061 ) ;
#5854 = CYLINDRICAL_SURFACE ( 'NONE', #9218, 1.249999999999999300 ) ;
#5855 = DIRECTION ( 'NONE',  ( -1.626303258728255200E-016, 1.000000000000000000, 0.0000000000000000000 ) ) ;
#5856 = ORIENTED_EDGE ( 'NONE', *, *, #7739, .F. ) ;
#5857 = DIRECTION ( 'NONE',  ( 1.000000000000000000, 6.123233995736766000E-017, -0.0000000000000000000 ) ) ;
#5858 = AXIS2_PLACEMENT_3D ( 'NONE', #6204, #4709, #2392 ) ;
#5859 = DIRECTION ( 'NONE',  ( 5.551115123125788900E-017, 0.0000000000000000000, -1.000000000000000000 ) ) ;
#5860 = CARTESIAN_POINT ( 'NONE',  ( 6.400000000000036800, -30.44903640787149600, 12.76223058852679600 ) ) ;
#5861 = CARTESIAN_POINT ( 'NONE',  ( 6.499999999999998200, 21.50000000000000000, 2.999999999999985300 ) ) ;
#5862 = EDGE_CURVE ( 'NONE', #9252, #4012, #8073, .T. ) ;
#5863 = ORIENTED_EDGE ( 'NONE', *, *, #8478, .T. ) ;
#5864 = CARTESIAN_POINT ( 'NONE',  ( 19.40000000000003400, 24.29268597980042400, -22.34549048068698700 ) ) ;
#5865 = CARTESIAN_POINT ( 'NONE',  ( -1.099999999866668700, -4.142527707260153000, -2.325672942807235400 ) ) ;
#5866 = EDGE_LOOP ( 'NONE', ( #527, #2498, #4446, #1779 ) ) ;
#5867 = CARTESIAN_POINT ( 'NONE',  ( 0.0000000000000000000, 10.60660171779701100, -9.356601717798234600 ) ) ;
#5868 = CARTESIAN_POINT ( 'NONE',  ( 19.40000000000003100, 26.89590733535391800, -19.97483221064840500 ) ) ;
#5869 = CARTESIAN_POINT ( 'NONE',  ( 1.000000000128238500, -3.195507051173177300, 7.876547097709139000 ) ) ;
#5870 = AXIS2_PLACEMENT_3D ( 'NONE', #1901, #7301, #364 ) ;
#5871 = CARTESIAN_POINT ( 'NONE',  ( 8.999999999997106300, 6.462175795545690000, 2.116840630405976100 ) ) ;
#5872 = FACE_OUTER_BOUND ( 'NONE', #9498, .T. ) ;
#5873 = EDGE_LOOP ( 'NONE', ( #9184, #6177, #8281, #6078 ) ) ;
#5874 = CARTESIAN_POINT ( 'NONE',  ( 0.3191358715913166200, 29.90401310861159300, -5.000000000000000000 ) ) ;
#5875 = EDGE_CURVE ( 'NONE', #7717, #5488, #3122, .T. ) ;
#5876 = EDGE_CURVE ( 'NONE', #7270, #6763, #7335, .T. ) ;
#5877 = ORIENTED_EDGE ( 'NONE', *, *, #3774, .F. ) ;
#5878 = CARTESIAN_POINT ( 'NONE',  ( 1.000000000128238300, 3.195507051173314100, -7.876547097708993300 ) ) ;
#5879 = CARTESIAN_POINT ( 'NONE',  ( -1.099999999837564200, -1.092875789857602900E-016, -8.673617379884035500E-016 ) ) ;
#5880 = CIRCLE ( 'NONE', #9565, 2.999999999964347200 ) ;
#5881 = CARTESIAN_POINT ( 'NONE',  ( 2.480624847486558400, 0.0000000000000000000, 0.0000000000000000000 ) ) ;
#5882 = CARTESIAN_POINT ( 'NONE',  ( 21.00000000000005700, 29.79356190428052300, -3.662887500451518500 ) ) ;
#5883 = AXIS2_PLACEMENT_3D ( 'NONE', #2912, #7558, #4443 ) ;
#5884 = DIRECTION ( 'NONE',  ( 1.000000000000000000, 6.071532165918827900E-018, 5.551115123125788900E-017 ) ) ;
#5885 = CYLINDRICAL_SURFACE ( 'NONE', #9258, 1.250000000000001100 ) ;
#5886 = CARTESIAN_POINT ( 'NONE',  ( 5.999999999999998200, 29.90401310861151500, -5.000000000000000000 ) ) ;
#5887 = FACE_OUTER_BOUND ( 'NONE', #6922, .T. ) ;
#5888 = EDGE_CURVE ( 'NONE', #8149, #1853, #3947, .T. ) ;
#5889 = CARTESIAN_POINT ( 'NONE',  ( 0.5000000000450199900, -18.91510639674015300, -18.91510639674014300 ) ) ;
#5890 = EDGE_CURVE ( 'NONE', #3260, #4164, #571, .T. ) ;
#5891 = ORIENTED_EDGE ( 'NONE', *, *, #8313, .F. ) ;
#5892 = ORIENTED_EDGE ( 'NONE', *, *, #5707, .F. ) ;
#5893 = DIRECTION ( 'NONE',  ( -1.000000000000000000, -0.0000000000000000000, -0.0000000000000000000 ) ) ;
#5894 = CARTESIAN_POINT ( 'NONE',  ( 19.40000000000003800, 29.17698499503040900, 15.42184579697301000 ) ) ;
#5895 = FACE_OUTER_BOUND ( 'NONE', #7525, .T. ) ;
#5896 = CARTESIAN_POINT ( 'NONE',  ( -1.099999999866668300, -4.586765464082756000, -1.252172045550164600 ) ) ;
#5897 = CONICAL_SURFACE ( 'NONE', #7246, 12.33490170336848400, 0.5934119456780738700 ) ;
#5898 = CARTESIAN_POINT ( 'NONE',  ( 8.999999999997104500, 5.478483534404797500, 4.049502985205680100 ) ) ;
#5899 = PLANE ( 'NONE',  #3902 ) ;
#5900 = ORIENTED_EDGE ( 'NONE', *, *, #6523, .F. ) ;
#5901 = CARTESIAN_POINT ( 'NONE',  ( 0.0000000000000000000, -6.250000000000000000, -1.000000000000022400 ) ) ;
#5902 = CIRCLE ( 'NONE', #5598, 1.499999999999990900 ) ;
#5903 = CIRCLE ( 'NONE', #767, 5.749999999999886300 ) ;
#5904 = VECTOR ( 'NONE', #2501, 1000.000000000000000 ) ;
#5905 = CARTESIAN_POINT ( 'NONE',  ( 2.900000000133330600, -1.092875789857602900E-016, -9.992007221555231900E-016 ) ) ;
#5906 = CARTESIAN_POINT ( 'NONE',  ( 21.00000000000006000, 1.491731368687445200, -30.03439339771432500 ) ) ;
#5907 = CARTESIAN_POINT ( 'NONE',  ( -1.100000000000000100, 1.317710092897502400E-017, 7.249999999999999100 ) ) ;
#5908 = AXIS2_PLACEMENT_3D ( 'NONE', #4288, #8965, #5145 ) ;
#5909 = CARTESIAN_POINT ( 'NONE',  ( 21.00000000000006400, 28.83954286804286600, -8.265065350612133000 ) ) ;
#5910 = CARTESIAN_POINT ( 'NONE',  ( -2.168404344971009400E-016, 31.14918650883668500, 1.904886227209784600 ) ) ;
#5911 = CONICAL_SURFACE ( 'NONE', #9968, 17.99999999999971900, 0.7853981633974466100 ) ;
#5912 = EDGE_CURVE ( 'NONE', #9233, #1232, #8535, .T. ) ;
#5913 = LINE ( 'NONE', #1993, #1462 ) ;
#5914 = DIRECTION ( 'NONE',  ( 0.0000000000000000000, -1.000000000000000000, 0.0000000000000000000 ) ) ;
#5915 = CARTESIAN_POINT ( 'NONE',  ( 0.2000000000000002600, 28.10917479222135600, -7.219147321991037800 ) ) ;
#5916 = ORIENTED_EDGE ( 'NONE', *, *, #5862, .T. ) ;
#5918 = ORIENTED_EDGE ( 'NONE', *, *, #3467, .F. ) ;
#5917 = CARTESIAN_POINT ( 'NONE',  ( -1.099999999866668500, 3.242959681624689100, 3.474580997099229900 ) ) ;
#5919 = CARTESIAN_POINT ( 'NONE',  ( 6.000000000000000000, -3.061616997868383000E-017, 0.0000000000000000000 ) ) ;
#5920 = DIRECTION ( 'NONE',  ( 0.0000000000000000000, 0.0000000000000000000, -1.000000000000000000 ) ) ;
#5921 = CARTESIAN_POINT ( 'NONE',  ( 6.400000000000035900, 21.44992777220883400, -25.08904779470248400 ) ) ;
#5922 = CARTESIAN_POINT ( 'NONE',  ( 19.40000000000003400, -28.08954472717590900, 17.33469914044107100 ) ) ;
#5923 = VERTEX_POINT ( 'NONE', #4517 ) ;
#5924 = CIRCLE ( 'NONE', #8755, 11.50000853396639400 ) ;
#5925 = AXIS2_PLACEMENT_3D ( 'NONE', #3304, #4739, #6394 ) ;
#5926 = ORIENTED_EDGE ( 'NONE', *, *, #3268, .F. ) ;
#5927 = CIRCLE ( 'NONE', #9549, 7.499999999999992900 ) ;
#5928 = CARTESIAN_POINT ( 'NONE',  ( -2.168404344971008900E-016, -16.16426840759801900, 26.64768366556634800 ) ) ;
#5929 = CARTESIAN_POINT ( 'NONE',  ( 19.40000000000003400, 32.63656857688506100, 5.009869791182792300 ) ) ;
#5930 = ORIENTED_EDGE ( 'NONE', *, *, #4018, .T. ) ;
#5931 = CARTESIAN_POINT ( 'NONE',  ( -1.099999999866668300, -4.638763996590666000, 1.187186652192439700 ) ) ;
#5932 = DIRECTION ( 'NONE',  ( -1.626303258728255200E-016, 1.000000000000000000, 0.0000000000000000000 ) ) ;
#5933 = DIRECTION ( 'NONE',  ( -1.000000000000000000, -0.0000000000000000000, -0.0000000000000000000 ) ) ;
#5934 = EDGE_CURVE ( 'NONE', #6789, #9508, #9583, .T. ) ;
#5935 = CARTESIAN_POINT ( 'NONE',  ( 8.999999999997102800, 2.190496823772667400, 6.437797285167089700 ) ) ;
#5936 = EDGE_CURVE ( 'NONE', #1845, #6340, #2394, .T. ) ;
#5937 = DIRECTION ( 'NONE',  ( 1.000000000000000000, 0.0000000000000000000, 0.0000000000000000000 ) ) ;
#5938 = VERTEX_POINT ( 'NONE', #8491 ) ;
#5939 = ORIENTED_EDGE ( 'NONE', *, *, #8023, .T. ) ;
#5940 = DIRECTION ( 'NONE',  ( -1.000000000000000000, -0.0000000000000000000, -0.0000000000000000000 ) ) ;
#5941 = EDGE_LOOP ( 'NONE', ( #9898, #1793, #8386, #2101 ) ) ;
#5942 = AXIS2_PLACEMENT_3D ( 'NONE', #8182, #496, #3545 ) ;
#5943 = DIRECTION ( 'NONE',  ( 0.0000000000000000000, 0.0000000000000000000, -1.000000000000000000 ) ) ;
#5944 = CARTESIAN_POINT ( 'NONE',  ( 21.00000000000006000, -14.17289643887123100, -26.44106719028826200 ) ) ;
#5945 = DIRECTION ( 'NONE',  ( -0.0000000000000000000, -1.000000000000000000, 0.0000000000000000000 ) ) ;
#5946 = DIRECTION ( 'NONE',  ( 0.0000000000000000000, 0.0000000000000000000, 1.000000000000000000 ) ) ;
#5947 = CARTESIAN_POINT ( 'NONE',  ( 21.00000000000006000, 23.40161567809770200, -18.77208450239249500 ) ) ;
#5948 = CARTESIAN_POINT ( 'NONE',  ( -2.168404344971009400E-016, 26.32121519916930600, -16.65830011088967300 ) ) ;
#5949 = ORIENTED_EDGE ( 'NONE', *, *, #7411, .T. ) ;
#5950 = ORIENTED_EDGE ( 'NONE', *, *, #3825, .T. ) ;
#5951 = VERTEX_POINT ( 'NONE', #1584 ) ;
#5952 = PRODUCT_DEFINITION ( '未知', '', #771, #5468 ) ;
#5953 = ORIENTED_EDGE ( 'NONE', *, *, #5240, .F. ) ;
#5954 = PRODUCT_DEFINITION_SHAPE ( 'NONE', 'NONE',  #5952 ) ;
#5955 = CARTESIAN_POINT ( 'NONE',  ( 20.00000000000006000, 8.616903421916825700, 10.39229015512953700 ) ) ;
#5956 = CARTESIAN_POINT ( 'NONE',  ( 6.400000000000035900, -26.32641004970852400, -19.95277980556388900 ) ) ;
#5957 = LINE ( 'NONE', #5323, #1120 ) ;
#5958 = CARTESIAN_POINT ( 'NONE',  ( 19.40000000000003400, -32.95283928263430800, -1.922259292606826500 ) ) ;
#5959 = CARTESIAN_POINT ( 'NONE',  ( -1.099999999866669000, 4.401591234495152000, -1.785741214135790500 ) ) ;
#5960 = ORIENTED_EDGE ( 'NONE', *, *, #2180, .T. ) ;
#5961 = CARTESIAN_POINT ( 'NONE',  ( 0.0000000000000000000, 15.55634918610396700, 15.55634918610412100 ) ) ;
#5962 = EDGE_LOOP ( 'NONE', ( #6442, #8057 ) ) ;
#5963 = CARTESIAN_POINT ( 'NONE',  ( -2.168404344971009400E-016, -5.792129186678189400, 30.60598120472878800 ) ) ;
#5964 = CARTESIAN_POINT ( 'NONE',  ( 19.40000000000003100, 31.32898004069219100, 10.36803227518075200 ) ) ;
#5965 = DIRECTION ( 'NONE',  ( 0.0000000000000000000, -1.000000000000000000, 0.0000000000000000000 ) ) ;
#5966 = DIRECTION ( 'NONE',  ( 1.000000000000000000, 6.123233995736766000E-017, 0.0000000000000000000 ) ) ;
#5967 = CARTESIAN_POINT ( 'NONE',  ( 1.200000000000000000, 17.50000000000000000, 5.999999999999979600 ) ) ;
#5968 = FACE_BOUND ( 'NONE', #4578, .T. ) ;
#5969 = ORIENTED_EDGE ( 'NONE', *, *, #6055, .T. ) ;
#5970 = CARTESIAN_POINT ( 'NONE',  ( 8.999999999997104500, 6.790284991403789900, 0.3959148961562574100 ) ) ;
#5971 = EDGE_CURVE ( 'NONE', #4229, #4375, #4432, .T. ) ;
#5972 = VERTEX_POINT ( 'NONE', #7757 ) ;
#5973 = CARTESIAN_POINT ( 'NONE',  ( 0.0000000000000000000, 6.249999999999999100, 1.000000000000064600 ) ) ;
#5974 = CARTESIAN_POINT ( 'NONE',  ( 1.200000000000000000, 17.50000000000000000, -5.999999999999991100 ) ) ;
#5975 = LOCAL_TIME ( 11, 40, 0.0000000000000000000, #4050 ) ;
#5976 = DIRECTION ( 'NONE',  ( -1.626303258728255200E-016, 1.000000000000000000, 0.0000000000000000000 ) ) ;
#5977 = EDGE_CURVE ( 'NONE', #8923, #2284, #7088, .T. ) ;
#5978 = CARTESIAN_POINT ( 'NONE',  ( 21.00000000000006000, -27.89696454432033700, -11.05370416102630000 ) ) ;
#5979 = DIRECTION ( 'NONE',  ( 0.0000000000000000000, 0.0000000000000000000, 1.000000000000000000 ) ) ;
#5980 = EDGE_LOOP ( 'NONE', ( #8416, #1025 ) ) ;
#5981 = CARTESIAN_POINT ( 'NONE',  ( 21.77120881839775300, -21.84009091011333200, 26.05782855569468000 ) ) ;
#5982 = CARTESIAN_POINT ( 'NONE',  ( -2.168404344971009400E-016, 30.09921705120216400, -8.130791273893326100 ) ) ;
#5983 = CARTESIAN_POINT ( 'NONE',  ( 20.00000000000006000, 11.34550811540052500, 7.362849967680626100 ) ) ;
#5984 = CARTESIAN_POINT ( 'NONE',  ( 0.2000000000000001800, 28.25812579856413400, -6.992642346970194800 ) ) ;
#5985 = DIRECTION ( 'NONE',  ( 0.0000000000000000000, 0.0000000000000000000, 1.000000000000000000 ) ) ;
#5986 = DIRECTION ( 'NONE',  ( 1.000000000000000000, 6.071532165918827900E-018, 5.551115123125788900E-017 ) ) ;
#5987 = ORIENTED_EDGE ( 'NONE', *, *, #8175, .F. ) ;
#5988 = CARTESIAN_POINT ( 'NONE',  ( 6.400000000000037700, 17.22683476566849200, -28.14734725583608500 ) ) ;
#5989 = EDGE_CURVE ( 'NONE', #7289, #7148, #5770, .T. ) ;
#5990 = CARTESIAN_POINT ( 'NONE',  ( 19.40000000000003400, -26.12729706442639400, 20.18688923864168000 ) ) ;
#5991 = DIRECTION ( 'NONE',  ( -1.000000000000000000, -0.0000000000000000000, -0.0000000000000000000 ) ) ;
#5992 = ORIENTED_EDGE ( 'NONE', *, *, #5053, .T. ) ;
#5993 = DIRECTION ( 'NONE',  ( 0.0000000000000000000, 0.0000000000000000000, 1.000000000000000000 ) ) ;
#5994 = B_SPLINE_CURVE_WITH_KNOTS ( 'NONE', 3,
 ( #6323, #9388, #6253, #5588, #3222, #92, #8606, #4029, #9423, #7817, #1671, #7063, #1742, #8666, #4728, #3193, #8570, #3990, #5512, #886, #1708, #7131, #2518, #6286, #7092, #2490, #8540, #3292, #4828, #4791, #1772, #9356, #7929, #1644, #2455, #7853, #5549, #852, #4764, #7887, #949, #193, #124, #986, #6385, #7165, #7026, #8635, #56, #159, #7789, #3923, #9299, #4694, #5480, #6454, #5715, #3389, #8823, #1114, #8734, #5650, #1836, #1801, #8085, #3357, #9480, #2683, #3326, #1872, #1020, #7228, #2618, #4863, #4088, #8025, #6477, #325, #4158, #3453, #7991, #4896, #291, #9517, #4964, #8702, #2649, #1147 ),
 .UNSPECIFIED., .F., .F.,
 ( 4, 1, 1, 1, 2, 2, 1, 1, 2, 2, 1, 1, 2, 2, 2, 1, 1, 2, 2, 1, 1, 1, 2, 2, 1, 1, 1, 2, 2, 2, 1, 1, 1, 2, 2, 1, 1, 2, 2, 1, 1, 2, 2, 2, 1, 1, 2, 2, 1, 1, 1, 2, 2, 1, 1, 1, 2, 2, 4 ),
 ( 0.0000000000000000000, 0.03125000000000080500, 0.04687500000000120700, 0.05468750000000140900, 0.05859375000000145700, 0.06250000000000151300, 0.09375000000000170700, 0.1093750000000018600, 0.1171875000000019000, 0.1250000000000019400, 0.1562500000000020000, 0.1718750000000020300, 0.1796875000000020800, 0.1875000000000021100, 0.2500000000000025500, 0.2812500000000027200, 0.2968750000000028900, 0.3046875000000028900, 0.3125000000000029400, 0.3437500000000030500, 0.3593750000000031600, 0.3671875000000031600, 0.3710937500000031600, 0.3750000000000031600, 0.4062500000000030500, 0.4218750000000030500, 0.4296875000000030000, 0.4335937500000030000, 0.4375000000000030000, 0.5000000000000016700, 0.5312500000000010000, 0.5468750000000006700, 0.5546875000000005600, 0.5585937500000005600, 0.5625000000000004400, 0.5937500000000002200, 0.6093750000000000000, 0.6171874999999998900, 0.6249999999999997800, 0.6562499999999996700, 0.6718749999999995600, 0.6796874999999995600, 0.6874999999999994400, 0.7499999999999994400, 0.7812499999999993300, 0.7968749999999993300, 0.8046874999999993300, 0.8124999999999992200, 0.8437499999999992200, 0.8593749999999991100, 0.8671874999999991100, 0.8710937499999991100, 0.8749999999999991100, 0.9062499999999992200, 0.9218749999999993300, 0.9296874999999993300, 0.9335937499999993300, 0.9374999999999992200, 1.000000000000000000 ),
 .UNSPECIFIED. ) ;
#5995 = CYLINDRICAL_SURFACE ( 'NONE', #967, 2.000000000000000900 ) ;
#5996 = CARTESIAN_POINT ( 'NONE',  ( -2.168404344971008900E-016, -12.31702094399988700, 28.61277362789850500 ) ) ;
#5997 = CARTESIAN_POINT ( 'NONE',  ( 19.40000000000004100, 32.97271886181145800, -1.760156411217373100 ) ) ;
#5998 = DIRECTION ( 'NONE',  ( 0.0000000000000000000, 0.0000000000000000000, 1.000000000000000000 ) ) ;
#5999 = CARTESIAN_POINT ( 'NONE',  ( 0.0000000000000000000, 0.0000000000000000000, 0.0000000000000000000 ) ) ;
#6000 = AXIS2_PLACEMENT_3D ( 'NONE', #5412, #2250, #9964 ) ;
#6001 = VERTEX_POINT ( 'NONE', #1522 ) ;
#6002 = VECTOR ( 'NONE', #2876, 1000.000000000000000 ) ;
#6003 = DIRECTION ( 'NONE',  ( 0.0000000000000000000, 0.0000000000000000000, 1.000000000000000000 ) ) ;
#6004 = FACE_OUTER_BOUND ( 'NONE', #634, .T. ) ;
#6005 = EDGE_CURVE ( 'NONE', #1725, #300, #5287, .T. ) ;
#6006 = EDGE_CURVE ( 'NONE', #2031, #8010, #5043, .T. ) ;
#6007 = AXIS2_PLACEMENT_3D ( 'NONE', #6699, #6731, #5920 ) ;
#6008 = DIRECTION ( 'NONE',  ( 0.0000000000000000000, -1.000000000000000000, 0.0000000000000000000 ) ) ;
#6009 = VERTEX_POINT ( 'NONE', #5522 ) ;
#6010 = CARTESIAN_POINT ( 'NONE',  ( 21.00000000000006400, -28.96233685042891200, 7.829761025649309800 ) ) ;
#6011 = DIRECTION ( 'NONE',  ( 0.0000000000000000000, 0.0000000000000000000, 1.000000000000000000 ) ) ;
#6012 = CARTESIAN_POINT ( 'NONE',  ( 21.00000000000006800, 23.17136923281317700, -19.05488218924542900 ) ) ;
#6013 = CARTESIAN_POINT ( 'NONE',  ( 6.400000000000035000, -30.03068806515095800, 13.68056191585708000 ) ) ;
#6014 = FACE_OUTER_BOUND ( 'NONE', #8877, .T. ) ;
#6015 = AXIS2_PLACEMENT_3D ( 'NONE', #9653, #1969, #8088 ) ;
#6016 = LINE ( 'NONE', #5366, #9592 ) ;
#6017 = CARTESIAN_POINT ( 'NONE',  ( 20.00000000000006000, 12.38251315605737400, -5.412068936939269800 ) ) ;
#6018 = CARTESIAN_POINT ( 'NONE',  ( 0.2000000000000005100, 26.49999999999998900, -8.000000000000003600 ) ) ;
#6019 = CARTESIAN_POINT ( 'NONE',  ( 0.2000000000000017300, 20.46667702163212600, 3.644078711698373500 ) ) ;
#6020 = CARTESIAN_POINT ( 'NONE',  ( 0.0000000000000000000, 9.024091943764368300, -10.38103027596428000 ) ) ;
#6021 = VERTEX_POINT ( 'NONE', #7797 ) ;
#6022 =( LENGTH_UNIT ( ) NAMED_UNIT ( * ) SI_UNIT ( .MILLI., .METRE. ) );
#6023 = CARTESIAN_POINT ( 'NONE',  ( 6.400000000000038500, -11.36202497237050800, -31.01126060145201200 ) ) ;
#6024 = CONICAL_SURFACE ( 'NONE', #8618, 34.00000000000000000, 0.7853981633974396200 ) ;
#6025 = CARTESIAN_POINT ( 'NONE',  ( 2.999999999999998700, 15.55634918610407200, 15.55634918610401500 ) ) ;
#6026 = DIRECTION ( 'NONE',  ( 1.000000000000000000, 0.0000000000000000000, 0.0000000000000000000 ) ) ;
#6027 = CARTESIAN_POINT ( 'NONE',  ( -1.099999999866668500, 4.184397135486267200, -2.258054064015623900 ) ) ;
#6028 = LINE ( 'NONE', #7799, #2660 ) ;
#6029 = EDGE_CURVE ( 'NONE', #357, #2807, #4297, .T. ) ;
#6030 = EDGE_CURVE ( 'NONE', #1575, #5697, #189, .T. ) ;
#6031 = VERTEX_POINT ( 'NONE', #3964 ) ;
#6032 = EDGE_LOOP ( 'NONE', ( #6537, #1355 ) ) ;
#6033 = CARTESIAN_POINT ( 'NONE',  ( -2.168404344971008400E-016, -5.697276556569363500, 30.62377728200033300 ) ) ;
#6034 = CARTESIAN_POINT ( 'NONE',  ( 19.40000000000003800, 32.77665439218785100, 3.833498260417278500 ) ) ;
#6035 = CARTESIAN_POINT ( 'NONE',  ( -0.5999999999999926500, 0.0000000000000000000, 0.0000000000000000000 ) ) ;
#6036 = PLANE ( 'NONE',  #5044 ) ;
#6037 = VECTOR ( 'NONE', #605, 1000.000000000000000 ) ;
#6038 = CIRCLE ( 'NONE', #1144, 1.250000000000001100 ) ;
#6039 = DIRECTION ( 'NONE',  ( -1.000000000000000000, -0.0000000000000000000, -0.0000000000000000000 ) ) ;
#6040 = CIRCLE ( 'NONE', #2471, 0.9999999999999991100 ) ;
#6041 = EDGE_CURVE ( 'NONE', #8483, #4718, #2264, .T. ) ;
#6042 = CARTESIAN_POINT ( 'NONE',  ( 3.000000000000000000, -10.60660171779819200, 10.60660171779940900 ) ) ;
#6043 = CARTESIAN_POINT ( 'NONE',  ( 1.282376982381094900E-010, 6.249999999999999100, 1.000000000000064600 ) ) ;
#6044 = ORIENTED_EDGE ( 'NONE', *, *, #9471, .F. ) ;
#6045 = CIRCLE ( 'NONE', #4302, 3.750000000001903800 ) ;
#6046 = CARTESIAN_POINT ( 'NONE',  ( -2.168404344971009400E-016, -5.636970309625800400, -30.63493706880067400 ) ) ;
#6047 = CARTESIAN_POINT ( 'NONE',  ( 21.00000000000006000, -29.78181337830075700, -3.612161443874705400 ) ) ;
#6048 = CARTESIAN_POINT ( 'NONE',  ( 0.4999999999881765700, 15.91510639673288100, -18.91510639674008600 ) ) ;
#6049 = AXIS2_PLACEMENT_3D ( 'NONE', #281, #7288, #8075 ) ;
#6051 = ORIENTED_EDGE ( 'NONE', *, *, #3848, .F. ) ;
#6050 = CARTESIAN_POINT ( 'NONE',  ( 22.10231852694308700, -21.70864114951187300, 25.90099334197980200 ) ) ;
#6052 = CYLINDRICAL_SURFACE ( 'NONE', #3577, 1.999999999999999100 ) ;
#6053 = EDGE_LOOP ( 'NONE', ( #5265, #773 ) ) ;
#6054 = EDGE_CURVE ( 'NONE', #827, #8368, #2299, .T. ) ;
#6055 = EDGE_CURVE ( 'NONE', #2699, #4889, #3854, .T. ) ;
#6056 = CARTESIAN_POINT ( 'NONE',  ( 20.00000000000006800, 12.88653859592883100, -4.023724387674917600 ) ) ;
#6057 = DIRECTION ( 'NONE',  ( 0.0000000000000000000, 0.0000000000000000000, 1.000000000000000000 ) ) ;
#6058 = CIRCLE ( 'NONE', #9087, 1.249999999999796400 ) ;
#6059 = CARTESIAN_POINT ( 'NONE',  ( -3.469446951953614200E-016, 3.676586257077263200E-015, 31.14921894064168800 ) ) ;
#6060 = CARTESIAN_POINT ( 'NONE',  ( 6.000000000000000000, 0.0000000000000000000, 31.50000000000000700 ) ) ;
#6061 = ORIENTED_EDGE ( 'NONE', *, *, #5605, .T. ) ;
#6062 = VERTEX_POINT ( 'NONE', #2497 ) ;
#6063 = CARTESIAN_POINT ( 'NONE',  ( 6.400000000000036800, 16.80140911408875900, -28.40528955823154400 ) ) ;
#6064 = DIRECTION ( 'NONE',  ( -1.000000000000000000, -6.071532165918827900E-018, -5.551115123125788900E-017 ) ) ;
#6065 = EDGE_LOOP ( 'NONE', ( #4968, #1491 ) ) ;
#6066 = VERTEX_POINT ( 'NONE', #4742 ) ;
#6067 = CARTESIAN_POINT ( 'NONE',  ( 0.4999999999881765700, -18.91510639674033800, 18.91510639673995400 ) ) ;
#6068 = DIRECTION ( 'NONE',  ( 0.0000000000000000000, -0.0000000000000000000, -1.000000000000000000 ) ) ;
#6069 = AXIS2_PLACEMENT_3D ( 'NONE', #2694, #8337, #6893 ) ;
#6070 = B_SPLINE_CURVE_WITH_KNOTS ( 'NONE', 3,
 ( #1479, #8273, #3625, #4400 ),
 .UNSPECIFIED., .F., .F.,
 ( 4, 4 ),
 ( 0.0000000000000000000, 1.000000000000000000 ),
 .UNSPECIFIED. ) ;
#6071 = CARTESIAN_POINT ( 'NONE',  ( 19.40000000000003400, 19.22949037892090400, 27.43132681042591200 ) ) ;
#6072 = CARTESIAN_POINT ( 'NONE',  ( 2.000000000128237900, -6.250000000000000000, -2.282095908992510600E-014 ) ) ;
#6073 = ORIENTED_EDGE ( 'NONE', *, *, #8355, .F. ) ;
#6074 = ORIENTED_EDGE ( 'NONE', *, *, #1914, .F. ) ;
#6075 = ORIENTED_EDGE ( 'NONE', *, *, #1170, .T. ) ;
#6076 = DIRECTION ( 'NONE',  ( 1.000000000000000000, -0.0000000000000000000, -0.0000000000000000000 ) ) ;
#6077 = CARTESIAN_POINT ( 'NONE',  ( 1.282368308763715000E-010, 1.317710092897502400E-017, 7.249999999999999100 ) ) ;
#6078 = ORIENTED_EDGE ( 'NONE', *, *, #3043, .F. ) ;
#6079 = CARTESIAN_POINT ( 'NONE',  ( 0.0000000000000000000, 15.55634918610407200, 14.30634918610401300 ) ) ;
#6080 = OPEN_SHELL ( 'NONE', ( #9334, #3302 ) ) ;
#6081 = EDGE_CURVE ( 'NONE', #4459, #952, #7360, .T. ) ;
#6082 = CARTESIAN_POINT ( 'NONE',  ( 6.399999999999979000, 15.55634918610326000, -15.55634918610396900 ) ) ;
#6083 = DIRECTION ( 'NONE',  ( -1.000000000000000000, -0.0000000000000000000, -0.0000000000000000000 ) ) ;
#6084 = ORIENTED_EDGE ( 'NONE', *, *, #6375, .F. ) ;
#6085 = EDGE_LOOP ( 'NONE', ( #4024, #9526, #4986, #7402, #7530, #2247 ) ) ;
#6086 = AXIS2_PLACEMENT_3D ( 'NONE', #4734, #5591, #95 ) ;
#6087 = EDGE_LOOP ( 'NONE', ( #8590, #971, #9260, #7022, #5953, #3526, #7346, #1389 ) ) ;
#6088 = EDGE_LOOP ( 'NONE', ( #7906, #8833 ) ) ;
#6089 = VERTEX_POINT ( 'NONE', #135 ) ;
#6090 = CARTESIAN_POINT ( 'NONE',  ( 21.00000000000006000, -19.07970166342625600, -23.15093466422961700 ) ) ;
#6091 = DIRECTION ( 'NONE',  ( 0.0000000000000000000, 0.0000000000000000000, 1.000000000000000000 ) ) ;
#6092 = CARTESIAN_POINT ( 'NONE',  ( 23.50000000000006400, 2.732189474663502600E-017, 2.498001805406642600E-016 ) ) ;
#6093 = CARTESIAN_POINT ( 'NONE',  ( 21.38196601125016400, 21.84009091011333200, -26.05782855569468400 ) ) ;
#6094 = APPROVAL ( #8509, '未指定' ) ;
#6095 = CIRCLE ( 'NONE', #7903, 12.19999999999999900 ) ;
#6096 = CARTESIAN_POINT ( 'NONE',  ( 20.00000000000006400, 12.87377762982831100, 4.064686218722159500 ) ) ;
#6097 = EDGE_CURVE ( 'NONE', #7062, #9047, #821, .T. ) ;
#6098 = ORIENTED_EDGE ( 'NONE', *, *, #2742, .F. ) ;
#6099 = DIRECTION ( 'NONE',  ( 1.000000000000000000, 0.0000000000000000000, 0.0000000000000000000 ) ) ;
#6100 = CARTESIAN_POINT ( 'NONE',  ( 2.900000000133330600, -1.092875789857602900E-016, -9.992007221555231900E-016 ) ) ;
#6101 = CARTESIAN_POINT ( 'NONE',  ( 19.40000000000004100, -9.835629122929560700, -31.50024882813121300 ) ) ;
#6102 = CARTESIAN_POINT ( 'NONE',  ( -1.099999999866669000, 1.713317439486584000, -4.430281932450088600 ) ) ;
#6103 = LOCAL_TIME ( 11, 40, 0.0000000000000000000, #8849 ) ;
#6104 = CYLINDRICAL_SURFACE ( 'NONE', #1113, 9.000000000000001800 ) ;
#6105 = EDGE_LOOP ( 'NONE', ( #9189, #2376, #6073, #5900, #8932, #5892, #4857, #8859 ) ) ;
#6106 = CARTESIAN_POINT ( 'NONE',  ( 19.40000000000003400, 30.48569849038048600, -13.88784315700641200 ) ) ;
#6107 = DIRECTION ( 'NONE',  ( 1.000000000000000000, 6.071532165918827900E-018, 5.551115123125788900E-017 ) ) ;
#6108 = DIRECTION ( 'NONE',  ( 1.000000000000000000, 6.071532165918827900E-018, 5.551115123125788900E-017 ) ) ;
#6109 = DIRECTION ( 'NONE',  ( 0.0000000000000000000, 0.0000000000000000000, -1.000000000000000000 ) ) ;
#6110 = DATE_AND_TIME ( #783, #5137 ) ;
#6111 = DIRECTION ( 'NONE',  ( 0.0000000000000000000, 0.0000000000000000000, 1.000000000000000000 ) ) ;
#6112 = ORIENTED_EDGE ( 'NONE', *, *, #5509, .T. ) ;
#6113 = AXIS2_PLACEMENT_3D ( 'NONE', #1811, #1055, #4870 ) ;
#6114 = ORIENTED_EDGE ( 'NONE', *, *, #6572, .T. ) ;
#6115 = CARTESIAN_POINT ( 'NONE',  ( -3.469446951953614200E-016, 0.0000000000000000000, -31.14921894064168800 ) ) ;
#6116 = EDGE_CURVE ( 'NONE', #3989, #6775, #3005, .T. ) ;
#6117 = CARTESIAN_POINT ( 'NONE',  ( 0.2000000000000022300, 17.62890429101819100, 6.706574407031942200 ) ) ;
#6118 = CIRCLE ( 'NONE', #647, 8.000000000000000000 ) ;
#6119 = DIRECTION ( 'NONE',  ( 0.0000000000000000000, 0.0000000000000000000, 1.000000000000000000 ) ) ;
#6120 = CARTESIAN_POINT ( 'NONE',  ( 20.00000000000006000, -6.308864498667355200, 11.93607134189474700 ) ) ;
#6121 = PLANE ( 'NONE',  #7716 ) ;
#6122 = AXIS2_PLACEMENT_3D ( 'NONE', #8571, #7855, #7132 ) ;
#6123 = CARTESIAN_POINT ( 'NONE',  ( 11.17070943148337400, -1.092875789857602900E-016, -9.992007221555231900E-016 ) ) ;
#6124 = DIRECTION ( 'NONE',  ( 0.0000000000000000000, 0.0000000000000000000, 1.000000000000000000 ) ) ;
#6125 = FACE_BOUND ( 'NONE', #8147, .T. ) ;
#6126 = CARTESIAN_POINT ( 'NONE',  ( 5.000000000128238800, 0.0000000000000000000, 11.50000000000000200 ) ) ;
#6127 = CARTESIAN_POINT ( 'NONE',  ( 19.40000000000003100, -21.06059981030785600, -25.40574914957074200 ) ) ;
#6128 = CARTESIAN_POINT ( 'NONE',  ( 6.500999999999997700, -15.55634918610401500, 14.30634918610556000 ) ) ;
#6129 = EDGE_CURVE ( 'NONE', #621, #9067, #8429, .T. ) ;
#6130 = ORIENTED_EDGE ( 'NONE', *, *, #1666, .F. ) ;
#6131 = AXIS2_PLACEMENT_3D ( 'NONE', #4911, #4201, #5768 ) ;
#6132 = CARTESIAN_POINT ( 'NONE',  ( 19.40000000000003100, 15.75216353604983300, 29.63636661412448700 ) ) ;
#6133 = CARTESIAN_POINT ( 'NONE',  ( 6.500999999999997700, 20.41510639674001500, 18.91510639674027400 ) ) ;
#6134 = LINE ( 'NONE', #8428, #2635 ) ;
#6135 = LINE ( 'NONE', #7669, #4075 ) ;
#6136 = AXIS2_PLACEMENT_3D ( 'NONE', #2963, #8365, #5946 ) ;
#6137 = ORIENTED_EDGE ( 'NONE', *, *, #483, .F. ) ;
#6138 = ORIENTED_EDGE ( 'NONE', *, *, #1528, .T. ) ;
#6139 = CARTESIAN_POINT ( 'NONE',  ( -0.8903129627984137700, -0.5773138049196834300, 5.429474492446863600 ) ) ;
#6140 = ORIENTED_EDGE ( 'NONE', *, *, #2954, .T. ) ;
#6141 = CYLINDRICAL_SURFACE ( 'NONE', #8929, 2.000000000000000900 ) ;
#6142 = AXIS2_PLACEMENT_3D ( 'NONE', #4833, #5627, #1118 ) ;
#6143 = VECTOR ( 'NONE', #9436, 1000.000000000000000 ) ;
#6144 = AXIS2_PLACEMENT_3D ( 'NONE', #9842, #6873, #1457 ) ;
#6145 = CARTESIAN_POINT ( 'NONE',  ( -2.168404344971009400E-016, -30.97584491869984500, -3.794928000346923900 ) ) ;
#6146 = CARTESIAN_POINT ( 'NONE',  ( 0.2000000000000022300, 18.18326705255148600, 7.511746682564565300 ) ) ;
#6147 = CARTESIAN_POINT ( 'NONE',  ( 1.999999999999998200, 17.41510639674021700, -18.91510639674008600 ) ) ;
#6148 = CARTESIAN_POINT ( 'NONE',  ( -1.100000000000000100, 0.0000000000000000000, 0.0000000000000000000 ) ) ;
#6149 = CARTESIAN_POINT ( 'NONE',  ( 6.400000000000036800, 32.63243429383236100, 4.912150553551780000 ) ) ;
#6150 = EDGE_LOOP ( 'NONE', ( #378, #7528, #1194, #4023 ) ) ;
#6151 = AXIS2_PLACEMENT_3D ( 'NONE', #293, #366, #1149 ) ;
#6152 = VECTOR ( 'NONE', #4347, 1000.000000000000000 ) ;
#6153 = VECTOR ( 'NONE', #3850, 1000.000000000000000 ) ;
#6154 = VECTOR ( 'NONE', #4548, 1000.000000000000000 ) ;
#6155 = DIRECTION ( 'NONE',  ( 0.0000000000000000000, 0.0000000000000000000, 1.000000000000000000 ) ) ;
#6156 = ORIENTED_EDGE ( 'NONE', *, *, #1006, .F. ) ;
#6157 = DIRECTION ( 'NONE',  ( 1.000000000000000000, -0.0000000000000000000, -0.0000000000000000000 ) ) ;
#6158 = DIRECTION ( 'NONE',  ( 0.0000000000000000000, 0.0000000000000000000, 1.000000000000000000 ) ) ;
#6159 = DIRECTION ( 'NONE',  ( 1.000000000000000000, 1.679403124341539000E-016, -1.865376329483173100E-017 ) ) ;
#6160 = CARTESIAN_POINT ( 'NONE',  ( 19.40000000000003100, -31.32898004069267700, -10.36803227517982300 ) ) ;
#6161 = ORIENTED_EDGE ( 'NONE', *, *, #8175, .T. ) ;
#6162 = FACE_OUTER_BOUND ( 'NONE', #21, .T. ) ;
#6163 = FACE_OUTER_BOUND ( 'NONE', #4488, .T. ) ;
#6164 = AXIS2_PLACEMENT_3D ( 'NONE', #8662, #3948, #7950 ) ;
#6165 = CIRCLE ( 'NONE', #8414, 11.04999999999995300 ) ;
#6166 = AXIS2_PLACEMENT_3D ( 'NONE', #3514, #1252, #6651 ) ;
#6167 = VERTEX_POINT ( 'NONE', #3269 ) ;
#6168 = CARTESIAN_POINT ( 'NONE',  ( 19.40000000000003800, 32.47260698218931200, -8.232910407414351500 ) ) ;
#6169 = CARTESIAN_POINT ( 'NONE',  ( 19.40000000000003800, -3.833498260413800400, 32.77665439218819200 ) ) ;
#6170 = CARTESIAN_POINT ( 'NONE',  ( 24.00000000000006000, 16.86094788897911200, 12.88182353007320400 ) ) ;
#6171 = CARTESIAN_POINT ( 'NONE',  ( 24.00000000000006800, -26.29331772578493100, -60.56513203379510200 ) ) ;
#6172 = CARTESIAN_POINT ( 'NONE',  ( 6.500999999999997700, -15.55634918610525300, -14.30634918610198800 ) ) ;
#6173 = CARTESIAN_POINT ( 'NONE',  ( 1.299999999997001800, -16.86094788897901300, -12.88182353007332600 ) ) ;
#6174 = CIRCLE ( 'NONE', #558, 3.000000000007326600 ) ;
#6175 = EDGE_CURVE ( 'NONE', #8368, #4242, #6648, .T. ) ;
#6176 = CARTESIAN_POINT ( 'NONE',  ( 19.40000000000003400, 2.428612866367665700E-018, 2.220446049250540300E-017 ) ) ;
#6177 = ORIENTED_EDGE ( 'NONE', *, *, #8195, .T. ) ;
#6178 = LINE ( 'NONE', #6584, #6418 ) ;
#6179 = VERTEX_POINT ( 'NONE', #2390 ) ;
#6180 = CARTESIAN_POINT ( 'NONE',  ( -2.168404344971008900E-016, -29.33398225630362100, -10.52675318845475500 ) ) ;
#6181 = CARTESIAN_POINT ( 'NONE',  ( 0.2000000000000019800, 19.24549697485525400, 8.000000000000000000 ) ) ;
#6182 = CARTESIAN_POINT ( 'NONE',  ( 0.0000000000000000000, -1.092875789857602900E-016, 5.249999999999999100 ) ) ;
#6183 = DIRECTION ( 'NONE',  ( 1.000000000000000000, 0.0000000000000000000, 0.0000000000000000000 ) ) ;
#6184 = AXIS2_PLACEMENT_3D ( 'NONE', #9135, #6223, #7787 ) ;
#6185 = DIRECTION ( 'NONE',  ( -1.000000000000000000, -0.0000000000000000000, -0.0000000000000000000 ) ) ;
#6186 = ORIENTED_EDGE ( 'NONE', *, *, #8004, .T. ) ;
#6187 = ORIENTED_EDGE ( 'NONE', *, *, #7962, .F. ) ;
#6188 = ORIENTED_EDGE ( 'NONE', *, *, #1858, .F. ) ;
#6189 = CARTESIAN_POINT ( 'NONE',  ( 20.00000000000006000, -7.363005186020508600, 11.34542036384730500 ) ) ;
#6190 = PLANE ( 'NONE',  #9001 ) ;
#6191 = APPLICATION_PROTOCOL_DEFINITION ( 'international standard', 'config_control_design', 1994, #7815 ) ;
#6192 = CARTESIAN_POINT ( 'NONE',  ( 6.400000000000038500, 22.86234902414581400, -23.79735449051934600 ) ) ;
#6193 = CARTESIAN_POINT ( 'NONE',  ( 6.400000000000028800, 33.50000000000007100, -8.852890747202899400E-016 ) ) ;
#6194 = ORIENTED_EDGE ( 'NONE', *, *, #1902, .T. ) ;
#6195 = ORIENTED_EDGE ( 'NONE', *, *, #3479, .T. ) ;
#6196 = CARTESIAN_POINT ( 'NONE',  ( 0.0000000000000000000, 0.0000000000000000000, 0.0000000000000000000 ) ) ;
#6197 = ORIENTED_EDGE ( 'NONE', *, *, #6546, .T. ) ;
#6198 = CARTESIAN_POINT ( 'NONE',  ( 19.40000000000003800, -17.33469914037585000, -28.08954472721594100 ) ) ;
#6199 = CARTESIAN_POINT ( 'NONE',  ( 0.0000000000000000000, 0.0000000000000000000, 0.0000000000000000000 ) ) ;
#6200 = EDGE_LOOP ( 'NONE', ( #139, #2080, #7784, #633 ) ) ;
#6201 = ORIENTED_EDGE ( 'NONE', *, *, #2574, .T. ) ;
#6202 = AXIS2_PLACEMENT_3D ( 'NONE', #2835, #2976, #8998 ) ;
#6203 = CARTESIAN_POINT ( 'NONE',  ( 19.40000000000003100, 32.76677515621646800, -7.054755709731286300 ) ) ;
#6204 = CARTESIAN_POINT ( 'NONE',  ( -1.099999999866669400, -1.092875789857602900E-016, -9.992007221555231900E-016 ) ) ;
#6205 =( BOUNDED_CURVE ( )  B_SPLINE_CURVE ( 3, ( #8523, #6171, #4710, #7687 ),
 .UNSPECIFIED., .F., .T. ) 
 B_SPLINE_CURVE_WITH_KNOTS ( ( 4, 4 ),
 ( 0.0000000000000000000, 1.000000000000000000 ),
 .UNSPECIFIED. ) 
 CURVE ( )  GEOMETRIC_REPRESENTATION_ITEM ( )  RATIONAL_B_SPLINE_CURVE ( ( 1.000000000000000000, 0.3333333333333333700, 0.3333333333333333700, 1.000000000000000000 ) ) 
 REPRESENTATION_ITEM ( '' )  );
#6206 = LINE ( 'NONE', #3065, #8599 ) ;
#6207 = EDGE_CURVE ( 'NONE', #6902, #872, #2892, .T. ) ;
#6208 = CARTESIAN_POINT ( 'NONE',  ( -1.099999999827100000, -0.1893027508436659100, -5.250000000000005300 ) ) ;
#6209 = EDGE_CURVE ( 'NONE', #9322, #6428, #1165, .T. ) ;
#6210 =( GEOMETRIC_REPRESENTATION_CONTEXT ( 3 ) GLOBAL_UNCERTAINTY_ASSIGNED_CONTEXT ( ( #1878 ) ) GLOBAL_UNIT_ASSIGNED_CONTEXT ( ( #9237, #9137, #6857 ) ) REPRESENTATION_CONTEXT ( 'NONE', 'WORKASPACE' ) );
#6211 = ORIENTED_EDGE ( 'NONE', *, *, #32, .F. ) ;
#6212 = AXIS2_PLACEMENT_3D ( 'NONE', #2977, #627, #4369 ) ;
#6213 = VECTOR ( 'NONE', #1515, 1000.000000000000000 ) ;
#6214 = VERTEX_POINT ( 'NONE', #6264 ) ;
#6215 = CARTESIAN_POINT ( 'NONE',  ( -2.168404344971008900E-016, -29.04288946980579000, 11.26017529103213400 ) ) ;
#6216 = CARTESIAN_POINT ( 'NONE',  ( 0.2000000000000022600, 17.74187420143725500, 6.992642346971575100 ) ) ;
#6217 = EDGE_LOOP ( 'NONE', ( #6366, #4256, #1855, #2093, #2556, #3542, #1065, #7496 ) ) ;
#6218 = CARTESIAN_POINT ( 'NONE',  ( 0.1500000000000011600, 24.40000000000000600, 2.894078711698373900 ) ) ;
#6219 = PERSON_AND_ORGANIZATION ( #6260, #2732 ) ;
#6220 = EDGE_CURVE ( 'NONE', #9362, #1298, #5526, .T. ) ;
#6221 = EDGE_CURVE ( 'NONE', #4275, #7147, #8468, .T. ) ;
#6222 = CARTESIAN_POINT ( 'NONE',  ( 3.000000000000000400, -15.55634918610525300, -15.55634918610283700 ) ) ;
#6223 = DIRECTION ( 'NONE',  ( -1.000000000000000000, -0.0000000000000000000, -0.0000000000000000000 ) ) ;
#6224 = PERSON_AND_ORGANIZATION ( #7036, #7431 ) ;
#6225 = PERSON_AND_ORGANIZATION_ROLE ( 'creator' ) ;
#6226 = EDGE_LOOP ( 'NONE', ( #1869, #7145 ) ) ;
#6227 = DIRECTION ( 'NONE',  ( -1.000000000000000000, -1.679403124341539000E-016, 1.865376329483171500E-017 ) ) ;
#6228 = DIRECTION ( 'NONE',  ( -1.000000000000000000, -0.0000000000000000000, -0.0000000000000000000 ) ) ;
#6229 = CARTESIAN_POINT ( 'NONE',  ( 20.00000000000005700, -11.34550811540944400, -7.362849967666618600 ) ) ;
#6230 = CARTESIAN_POINT ( 'NONE',  ( 19.40000000000003400, -32.35643801007020700, -6.652383586042119200 ) ) ;
#6231 = CARTESIAN_POINT ( 'NONE',  ( 0.2000000000000019500, 17.85943309732147100, -7.158869468348320300 ) ) ;
#6232 = ADVANCED_FACE ( 'NONE', ( #9763 ), #7985, .F. ) ;
#6233 = CIRCLE ( 'NONE', #4068, 3.750000000001903800 ) ;
#6234 = DIRECTION ( 'NONE',  ( 0.0000000000000000000, 0.0000000000000000000, -1.000000000000000000 ) ) ;
#6235 = EDGE_LOOP ( 'NONE', ( #3074, #6583 ) ) ;
#6236 = DIRECTION ( 'NONE',  ( 0.0000000000000000000, 0.0000000000000000000, 1.000000000000000000 ) ) ;
#6237 = VERTEX_POINT ( 'NONE', #1782 ) ;
#6238 = EDGE_CURVE ( 'NONE', #5793, #6066, #3187, .T. ) ;
#6239 = FACE_OUTER_BOUND ( 'NONE', #7505, .T. ) ;
#6240 = AXIS2_PLACEMENT_3D ( 'NONE', #1406, #8969, #5985 ) ;
#6241 = CARTESIAN_POINT ( 'NONE',  ( 11.17070943148337400, 5.689999999999903600, -0.8284926070881909500 ) ) ;
#6242 = EDGE_CURVE ( 'NONE', #8689, #7091, #5080, .T. ) ;
#6243 = EDGE_LOOP ( 'NONE', ( #7857, #2119, #9168, #1356 ) ) ;
#6244 = DIRECTION ( 'NONE',  ( -1.000000000000000000, -0.0000000000000000000, -0.0000000000000000000 ) ) ;
#6245 = CARTESIAN_POINT ( 'NONE',  ( 1.000000000128238500, -6.250000000000000000, -2.282095908992510600E-014 ) ) ;
#6246 = CIRCLE ( 'NONE', #3919, 1.999999999999998400 ) ;
#6247 = CIRCLE ( 'NONE', #7912, 2.000000000000000900 ) ;
#6248 = CARTESIAN_POINT ( 'NONE',  ( 20.00000000000006400, -4.064686218726580900, 12.87377762982711200 ) ) ;
#6249 = AXIS2_PLACEMENT_3D ( 'NONE', #9532, #307, #6234 ) ;
#6250 = DIRECTION ( 'NONE',  ( -0.7071067811731494000, 0.7071067811999456300, 8.659560562519012200E-017 ) ) ;
#6251 = APPROVAL_ROLE ( '' ) ;
#6252 = ORIENTED_EDGE ( 'NONE', *, *, #7069, .F. ) ;
#6253 = CARTESIAN_POINT ( 'NONE',  ( 8.999999999997106300, -4.756242010702390400, 4.867664509031804700 ) ) ;
#6254 = CIRCLE ( 'NONE', #545, 4.750000000000000000 ) ;
#6255 = ADVANCED_FACE ( 'NONE', ( #9029 ), #729, .F. ) ;
#6256 = CARTESIAN_POINT ( 'NONE',  ( 20.00000000000005300, -13.23676449734830400, -2.721252336301638800 ) ) ;
#6257 = DIRECTION ( 'NONE',  ( 1.000000000000000000, -0.0000000000000000000, -0.0000000000000000000 ) ) ;
#6258 = VECTOR ( 'NONE', #3111, 1000.000000000000000 ) ;
#6259 = EDGE_CURVE ( 'NONE', #1091, #6902, #7367, .T. ) ;
#6260 = PERSON ( '未指定', '未指定', '未指定', ('未指定'), ('未指定'), ('未指定') ) ;
#6261 = EDGE_CURVE ( 'NONE', #300, #1725, #4823, .T. ) ;
#6262 = AXIS2_PLACEMENT_3D ( 'NONE', #8718, #5089, #5452 ) ;
#6263 = CARTESIAN_POINT ( 'NONE',  ( -1.099999999827104400, 0.1893027508436902800, 5.249999999999999100 ) ) ;
#6264 = CARTESIAN_POINT ( 'NONE',  ( 6.399999999999979000, -18.91510639674024200, 20.16510639674069700 ) ) ;
#6265 = ORIENTED_EDGE ( 'NONE', *, *, #3148, .F. ) ;
#6266 = CARTESIAN_POINT ( 'NONE',  ( 0.1000000000000009200, 25.90000000000000200, -3.998403685112363000 ) ) ;
#6267 = DIRECTION ( 'NONE',  ( 1.000000000000000000, 0.0000000000000000000, 0.0000000000000000000 ) ) ;
#6268 = CIRCLE ( 'NONE', #9626, 0.7500000000000006700 ) ;
#6269 = AXIS2_PLACEMENT_3D ( 'NONE', #9530, #1094, #5122 ) ;
#6270 = LINE ( 'NONE', #3109, #6154 ) ;
#6271 = EDGE_LOOP ( 'NONE', ( #5592, #371, #3174, #7965 ) ) ;
#6272 = CIRCLE ( 'NONE', #7388, 0.8000000000000003800 ) ;
#6273 =( GEOMETRIC_REPRESENTATION_CONTEXT ( 3 ) GLOBAL_UNCERTAINTY_ASSIGNED_CONTEXT ( ( #1997 ) ) GLOBAL_UNIT_ASSIGNED_CONTEXT ( ( #9265, #3192, #91 ) ) REPRESENTATION_CONTEXT ( 'NONE', 'WORKASPACE' ) );
#6274 = LINE ( 'NONE', #2048, #4462 ) ;
#6275 = ADVANCED_FACE ( 'NONE', ( #6162 ), #6511, .T. ) ;
#6276 = CIRCLE ( 'NONE', #4388, 1.249999999999690700 ) ;
#6277 = CARTESIAN_POINT ( 'NONE',  ( 5.999999999999998200, 29.07318352021326600, 4.999999999999999100 ) ) ;
#6278 = EDGE_CURVE ( 'NONE', #9003, #2052, #1579, .T. ) ;
#6279 = CARTESIAN_POINT ( 'NONE',  ( 1.900000000133330600, -1.092875789857602900E-016, -9.992007221555231900E-016 ) ) ;
#6280 = ORIENTED_EDGE ( 'NONE', *, *, #4521, .T. ) ;
#6281 = CARTESIAN_POINT ( 'NONE',  ( 6.400000000000035900, 32.95616539879729600, -1.700688185212911900 ) ) ;
#6282 = CARTESIAN_POINT ( 'NONE',  ( 0.0000000000000000000, 0.0000000000000000000, 0.0000000000000000000 ) ) ;
#6283 = CYLINDRICAL_SURFACE ( 'NONE', #4119, 33.99999999999988600 ) ;
#6284 = DIRECTION ( 'NONE',  ( 0.0000000000000000000, 0.0000000000000000000, 1.000000000000000000 ) ) ;
#6285 = EDGE_LOOP ( 'NONE', ( #2828, #3441, #3177, #6548 ) ) ;
#6286 = CARTESIAN_POINT ( 'NONE',  ( 8.999999999997106300, -6.807135966460847100, 0.01253001894197037000 ) ) ;
#6287 = CARTESIAN_POINT ( 'NONE',  ( 6.399999999999979000, 18.91510639673938200, -20.16510639674099500 ) ) ;
#6288 = CONICAL_SURFACE ( 'NONE', #7195, 3.000000000078221400, 0.7853981634163961200 ) ;
#6289 = ORIENTED_EDGE ( 'NONE', *, *, #72, .F. ) ;
#6290 = CARTESIAN_POINT ( 'NONE',  ( 20.00000000000006400, -13.36620633909983100, 2.112213778082591800 ) ) ;
#6291 = CARTESIAN_POINT ( 'NONE',  ( 1.000000000128238500, -0.6991244524402843200, -6.965000000000007900 ) ) ;
#6292 = CARTESIAN_POINT ( 'NONE',  ( 6.499999999999998200, 29.90401310861167200, -5.000000000000000000 ) ) ;
#6293 = EDGE_CURVE ( 'NONE', #9770, #8709, #3040, .T. ) ;
#6294 = CARTESIAN_POINT ( 'NONE',  ( 19.40000000000003100, 2.638998193494746000, 33.39789608149598600 ) ) ;
#6295 = CARTESIAN_POINT ( 'NONE',  ( -1.100000000000000100, 0.0000000000000000000, -2.500000000000000000 ) ) ;
#6296 = ORIENTED_EDGE ( 'NONE', *, *, #6350, .T. ) ;
#6297 = DIRECTION ( 'NONE',  ( 0.0000000000000000000, 0.0000000000000000000, 1.000000000000000000 ) ) ;
#6298 = EDGE_LOOP ( 'NONE', ( #4368, #3218, #9414, #7605 ) ) ;
#6299 = CARTESIAN_POINT ( 'NONE',  ( 0.2000000000000009500, 25.90000000000000200, 3.644078711698373100 ) ) ;
#6300 = VERTEX_POINT ( 'NONE', #6431 ) ;
#6301 = EDGE_CURVE ( 'NONE', #7738, #9531, #9983, .T. ) ;
#6302 = DIRECTION ( 'NONE',  ( -1.000000000000000000, -0.0000000000000000000, -0.0000000000000000000 ) ) ;
#6303 = ORIENTED_EDGE ( 'NONE', *, *, #8985, .T. ) ;
#6304 = VERTEX_POINT ( 'NONE', #3365 ) ;
#6305 = ADVANCED_FACE ( 'NONE', ( #2913 ), #3144, .F. ) ;
#6306 = ORIENTED_EDGE ( 'NONE', *, *, #2805, .T. ) ;
#6307 = ORIENTED_EDGE ( 'NONE', *, *, #6842, .F. ) ;
#6308 = ORIENTED_EDGE ( 'NONE', *, *, #3998, .T. ) ;
#6309 = ORIENTED_EDGE ( 'NONE', *, *, #6544, .F. ) ;
#6310 = DIRECTION ( 'NONE',  ( 1.000000000000000000, 0.0000000000000000000, 0.0000000000000000000 ) ) ;
#6311 = CARTESIAN_POINT ( 'NONE',  ( 6.500999999999997700, 15.55634918610283400, -15.55634918610407700 ) ) ;
#6312 = DIRECTION ( 'NONE',  ( -1.000000000000000000, -0.0000000000000000000, -0.0000000000000000000 ) ) ;
#6313 = DIRECTION ( 'NONE',  ( 0.0000000000000000000, 0.0000000000000000000, 1.000000000000000000 ) ) ;
#6314 = AXIS2_PLACEMENT_3D ( 'NONE', #4954, #6542, #8076 ) ;
#6315 = CARTESIAN_POINT ( 'NONE',  ( 6.400000000000034100, -15.94201915077214000, 28.90392227660904100 ) ) ;
#6316 = FACE_OUTER_BOUND ( 'NONE', #3238, .T. ) ;
#6317 = VERTEX_POINT ( 'NONE', #6461 ) ;
#6318 = CARTESIAN_POINT ( 'NONE',  ( 6.500999999999997700, -10.60660171779941200, -10.60660171779701200 ) ) ;
#6319 = ORIENTED_EDGE ( 'NONE', *, *, #3254, .F. ) ;
#6320 = DIRECTION ( 'NONE',  ( 1.000000000000000000, 1.679403124341539000E-016, -1.865376329483173100E-017 ) ) ;
#6321 = APPROVAL_STATUS ( 'not_yet_approved' ) ;
#6322 = ADVANCED_FACE ( 'NONE', ( #2794 ), #7984, .F. ) ;
#6323 = CARTESIAN_POINT ( 'NONE',  ( 8.999999999997104500, -4.368018182022542100, 5.211565711138788100 ) ) ;
#6324 = CARTESIAN_POINT ( 'NONE',  ( 20.00000000000006400, -11.93607134189667100, -6.308864498662992500 ) ) ;
#6325 = DIRECTION ( 'NONE',  ( 0.0000000000000000000, 0.0000000000000000000, 1.000000000000000000 ) ) ;
#6326 = DIRECTION ( 'NONE',  ( 0.0000000000000000000, 0.0000000000000000000, 1.000000000000000000 ) ) ;
#6327 = FACE_OUTER_BOUND ( 'NONE', #2801, .T. ) ;
#6328 = ADVANCED_FACE ( 'NONE', ( #221 ), #472, .T. ) ;
#6329 = AXIS2_PLACEMENT_3D ( 'NONE', #9025, #6754, #6724 ) ;
#6330 = DIRECTION ( 'NONE',  ( -1.626303258728255200E-016, 1.000000000000000000, 0.0000000000000000000 ) ) ;
#6331 = VERTEX_POINT ( 'NONE', #4360 ) ;
#6332 = DIRECTION ( 'NONE',  ( 1.000000000000000000, 1.679403124341539000E-016, -1.865376329483173100E-017 ) ) ;
#6333 = CARTESIAN_POINT ( 'NONE',  ( -4.336808689942017700E-016, -62.29843788128336300, -31.14921894064167100 ) ) ;
#6334 = CARTESIAN_POINT ( 'NONE',  ( 0.1500000000000011000, 24.40000000000000900, -3.248403685112362500 ) ) ;
#6335 = AXIS2_PLACEMENT_3D ( 'NONE', #8738, #5556, #6326 ) ;
#6336 = DATE_AND_TIME ( #8405, #6692 ) ;
#6337 = AXIS2_PLACEMENT_3D ( 'NONE', #3307, #8681, #7177 ) ;
#6338 = VECTOR ( 'NONE', #3240, 1000.000000000000000 ) ;
#6339 = CARTESIAN_POINT ( 'NONE',  ( 2.999999999999998700, 9.000000000000001800, 0.0000000000000000000 ) ) ;
#6340 = VERTEX_POINT ( 'NONE', #2039 ) ;
#6341 = AXIS2_PLACEMENT_3D ( 'NONE', #4281, #9553, #3519 ) ;
#6342 = CARTESIAN_POINT ( 'NONE',  ( 24.00000000000006400, 64.22809626250702300, 15.30442503964910500 ) ) ;
#6343 = CARTESIAN_POINT ( 'NONE',  ( 19.40000000000003400, -33.39789608149173000, 2.638998193499351600 ) ) ;
#6344 = COORDINATED_UNIVERSAL_TIME_OFFSET ( 8, 0, .AHEAD. ) ;
#6345 = DIRECTION ( 'NONE',  ( -0.7071067811731494000, -0.7071067811999456300, 0.0000000000000000000 ) ) ;
#6346 = CARTESIAN_POINT ( 'NONE',  ( 6.400000000000035000, -12.62801842745642300, 30.50953113909691400 ) ) ;
#6347 = VERTEX_POINT ( 'NONE', #6663 ) ;
#6348 = ORIENTED_EDGE ( 'NONE', *, *, #384, .F. ) ;
#6349 = DIRECTION ( 'NONE',  ( 1.000000000000000000, 6.123233995736766000E-017, -0.0000000000000000000 ) ) ;
#6350 = EDGE_CURVE ( 'NONE', #1973, #5441, #4103, .T. ) ;
#6351 = DIRECTION ( 'NONE',  ( 1.084202172482923000E-016, -1.000000000000000000, 0.0000000000000000000 ) ) ;
#6352 = AXIS2_PLACEMENT_3D ( 'NONE', #3493, #8894, #9625 ) ;
#6353 = VECTOR ( 'NONE', #3337, 1000.000000000000100 ) ;
#6354 = CARTESIAN_POINT ( 'NONE',  ( 1.000000000128238500, 1.817580703120410800, 8.307983328476607800 ) ) ;
#6355 = ADVANCED_FACE ( 'NONE', ( #6998 ), #5154, .T. ) ;
#6356 = CARTESIAN_POINT ( 'NONE',  ( 20.00000000000006000, -12.93300712821299600, -3.874383280458875600 ) ) ;
#6357 = DIRECTION ( 'NONE',  ( -1.626303258728255200E-016, 1.000000000000000000, 0.0000000000000000000 ) ) ;
#6358 = CARTESIAN_POINT ( 'NONE',  ( 6.500000000000000000, -2.407412430484044800E-032, 0.0000000000000000000 ) ) ;
#6359 = DIRECTION ( 'NONE',  ( 0.0000000000000000000, 0.0000000000000000000, -1.000000000000000000 ) ) ;
#6360 = ORIENTED_EDGE ( 'NONE', *, *, #6879, .T. ) ;
#6361 = EDGE_CURVE ( 'NONE', #4129, #7595, #6643, .T. ) ;
#6362 = CARTESIAN_POINT ( 'NONE',  ( 1.200000000000000000, 19.50000000000000400, 7.999999999999992900 ) ) ;
#6363 = CYLINDRICAL_SURFACE ( 'NONE', #6314, 0.8000000000000003800 ) ;
#6364 = VECTOR ( 'NONE', #3137, 1000.000000000000000 ) ;
#6365 = CARTESIAN_POINT ( 'NONE',  ( 5.000000000128238800, 1.408343819019456400E-015, -11.50000000000000200 ) ) ;
#6366 = ORIENTED_EDGE ( 'NONE', *, *, #8138, .F. ) ;
#6367 = ADVANCED_FACE ( 'NONE', ( #5324 ), #8683, .F. ) ;
#6368 = DIRECTION ( 'NONE',  ( 1.000000000000000000, 6.071532165918827900E-018, 5.551115123125788900E-017 ) ) ;
#6369 = AXIS2_PLACEMENT_3D ( 'NONE', #3905, #7867, #9365 ) ;
#6370 = CIRCLE ( 'NONE', #8747, 1.000000000000000000 ) ;
#6371 = EDGE_CURVE ( 'NONE', #7091, #2061, #2055, .T. ) ;
#6372 = FACE_OUTER_BOUND ( 'NONE', #12, .T. ) ;
#6373 = ADVANCED_FACE ( 'NONE', ( #9159 ), #7248, .T. ) ;
#6374 = DIRECTION ( 'NONE',  ( -1.000000000000000000, -1.807003620762171400E-017, 0.0000000000000000000 ) ) ;
#6375 = EDGE_CURVE ( 'NONE', #4869, #8010, #7124, .T. ) ;
#6376 = CARTESIAN_POINT ( 'NONE',  ( 19.40000000000003100, -27.70077831910782600, -18.87324208824381300 ) ) ;
#6377 = CARTESIAN_POINT ( 'NONE',  ( 6.400000000000034100, 23.03206244954219900, 23.65735026275401900 ) ) ;
#6378 = ORIENTED_EDGE ( 'NONE', *, *, #8291, .T. ) ;
#6379 = ORIENTED_EDGE ( 'NONE', *, *, #7445, .F. ) ;
#6380 = VECTOR ( 'NONE', #6835, 999.9999999999998900 ) ;
#6381 = CYLINDRICAL_SURFACE ( 'NONE', #8361, 0.5000000000000004400 ) ;
#6382 = DIRECTION ( 'NONE',  ( -1.000000000000000000, -6.123233995736766000E-017, -0.0000000000000000000 ) ) ;
#6383 = AXIS2_PLACEMENT_3D ( 'NONE', #1394, #3755, #6844 ) ;
#6384 = DIRECTION ( 'NONE',  ( -1.000000000000000000, -6.123233995736766000E-017, -0.0000000000000000000 ) ) ;
#6385 = CARTESIAN_POINT ( 'NONE',  ( 8.999999999997106300, -5.078106799504969800, -4.527275780431627300 ) ) ;
#6386 = VERTEX_POINT ( 'NONE', #3492 ) ;
#6387 = CARTESIAN_POINT ( 'NONE',  ( 1.000000000128239000, 7.378379923618188800, -4.224513483192148500 ) ) ;
#6388 = ORIENTED_EDGE ( 'NONE', *, *, #5559, .T. ) ;
#6389 = CARTESIAN_POINT ( 'NONE',  ( 19.40000000000003400, 14.59278960519396400, -29.60683659998405700 ) ) ;
#6390 = CARTESIAN_POINT ( 'NONE',  ( 23.78885438199990800, -27.08976742088312800, -62.39970770222027600 ) ) ;
#6391 = CIRCLE ( 'NONE', #7193, 0.7500000000000006700 ) ;
#6392 = CYLINDRICAL_SURFACE ( 'NONE', #4767, 4.700000000000000200 ) ;
#6393 = EDGE_CURVE ( 'NONE', #5550, #6612, #3866, .T. ) ;
#6394 = DIRECTION ( 'NONE',  ( 0.0000000000000000000, 0.0000000000000000000, 1.000000000000000000 ) ) ;
#6395 = CYLINDRICAL_SURFACE ( 'NONE', #7831, 11.04999999999995500 ) ;
#6396 = DIRECTION ( 'NONE',  ( 1.000000000000000000, 0.0000000000000000000, 0.0000000000000000000 ) ) ;
#6397 = CARTESIAN_POINT ( 'NONE',  ( 24.00000000000006000, 3.287007416736669600E-015, 26.60000000000002600 ) ) ;
#6398 = VERTEX_POINT ( 'NONE', #1191 ) ;
#6399 = CARTESIAN_POINT ( 'NONE',  ( -4.336808689942017700E-016, -62.29843788128334100, 31.14921894064169200 ) ) ;
#6400 = DIRECTION ( 'NONE',  ( 0.0000000000000000000, 2.664535259100374100E-015, -1.000000000000000000 ) ) ;
#6401 = AXIS2_PLACEMENT_3D ( 'NONE', #765, #2360, #9152 ) ;
#6402 = LINE ( 'NONE', #4758, #9735 ) ;
#6403 = CIRCLE ( 'NONE', #8460, 0.7500000000000006700 ) ;
#6404 = CYLINDRICAL_SURFACE ( 'NONE', #9018, 11.50000000000000200 ) ;
#6405 = DIRECTION ( 'NONE',  ( -1.000000000000000000, -0.0000000000000000000, -0.0000000000000000000 ) ) ;
#6406 = ORIENTED_EDGE ( 'NONE', *, *, #2166, .F. ) ;
#6407 = ADVANCED_FACE ( 'NONE', ( #1465 ), #8229, .T. ) ;
#6408 = CARTESIAN_POINT ( 'NONE',  ( 1.900000000133330600, 1.968741208010780000E-016, -2.500000000000000900 ) ) ;
#6409 = CARTESIAN_POINT ( 'NONE',  ( 23.78885438199990100, -19.54192959671149100, 23.31584850879730900 ) ) ;
#6410 = CARTESIAN_POINT ( 'NONE',  ( 19.40000000000003400, -33.15757583399522400, -4.778138385099432600 ) ) ;
#6411 = CIRCLE ( 'NONE', #3473, 1.249999999999999300 ) ;
#6412 = EDGE_CURVE ( 'NONE', #6237, #2481, #629, .T. ) ;
#6413 = CARTESIAN_POINT ( 'NONE',  ( 5.000000000000000000, 9.024091943764368300, -11.18103027596428100 ) ) ;
#6414 = EDGE_CURVE ( 'NONE', #5752, #8086, #4942, .T. ) ;
#6415 = CARTESIAN_POINT ( 'NONE',  ( 6.400000000000033200, 1.799481108450941700, 32.95091815669160700 ) ) ;
#6416 = EDGE_LOOP ( 'NONE', ( #2043, #2605, #7174, #8041 ) ) ;
#6417 = ORIENTED_EDGE ( 'NONE', *, *, #4522, .F. ) ;
#6418 = VECTOR ( 'NONE', #8949, 1000.000000000000000 ) ;
#6419 = EDGE_LOOP ( 'NONE', ( #9678, #1592, #4989, #8268 ) ) ;
#6420 = DIRECTION ( 'NONE',  ( 0.0000000000000000000, 0.0000000000000000000, 1.000000000000000000 ) ) ;
#6421 = SECURITY_CLASSIFICATION_LEVEL ( 'unclassified' ) ;
#6422 = ADVANCED_FACE ( 'NONE', ( #8908 ), #8789, .F. ) ;
#6423 = PLANE ( 'NONE',  #7425 ) ;
#6424 = CARTESIAN_POINT ( 'NONE',  ( 1.000000000128238800, 6.511282033288030600, 5.477695403143674600 ) ) ;
#6425 = CARTESIAN_POINT ( 'NONE',  ( 20.00000000000006400, -0.7201700383556134400, -13.48884121559017200 ) ) ;
#6426 = EDGE_LOOP ( 'NONE', ( #3084, #415 ) ) ;
#6427 = EDGE_LOOP ( 'NONE', ( #1493, #3741, #7637, #1920, #2034 ) ) ;
#6428 = VERTEX_POINT ( 'NONE', #5442 ) ;
#6429 = ORIENTED_EDGE ( 'NONE', *, *, #8023, .F. ) ;
#6430 = ADVANCED_FACE ( 'NONE', ( #4590 ), #7729, .F. ) ;
#6431 = CARTESIAN_POINT ( 'NONE',  ( 0.0000000000000000000, 0.0000000000000000000, 12.60000000000000100 ) ) ;
#6432 = AXIS2_PLACEMENT_3D ( 'NONE', #8166, #2797, #3560 ) ;
#6433 = DIRECTION ( 'NONE',  ( -1.000000000000000000, -0.0000000000000000000, -0.0000000000000000000 ) ) ;
#6434 = DIRECTION ( 'NONE',  ( 0.0000000000000000000, 0.0000000000000000000, -1.000000000000000000 ) ) ;
#6435 = EDGE_LOOP ( 'NONE', ( #4523, #1496, #8382, #2948 ) ) ;
#6436 = VERTEX_POINT ( 'NONE', #2344 ) ;
#6437 = ORIENTED_EDGE ( 'NONE', *, *, #6499, .F. ) ;
#6438 = ORIENTED_EDGE ( 'NONE', *, *, #4293, .T. ) ;
#6439 = EDGE_CURVE ( 'NONE', #869, #2664, #1816, .T. ) ;
#6440 = CARTESIAN_POINT ( 'NONE',  ( 3.000000000000000000, -10.60660171779941200, -10.60660171779701200 ) ) ;
#6441 = CIRCLE ( 'NONE', #9209, 2.500000000000000000 ) ;
#6442 = ORIENTED_EDGE ( 'NONE', *, *, #9688, .T. ) ;
#6443 = DIRECTION ( 'NONE',  ( -1.000000000000000000, -0.0000000000000000000, -0.0000000000000000000 ) ) ;
#6444 = DIRECTION ( 'NONE',  ( -1.000000000000000000, -6.123233995736766000E-017, 0.0000000000000000000 ) ) ;
#6445 = CARTESIAN_POINT ( 'NONE',  ( 19.40000000000003400, -26.72529216802072600, -20.25509831268124500 ) ) ;
#6446 = VERTEX_POINT ( 'NONE', #8536 ) ;
#6447 = CARTESIAN_POINT ( 'NONE',  ( 1.000000000128238300, -7.487979943526811500, -4.040512574543397400 ) ) ;
#6448 = CARTESIAN_POINT ( 'NONE',  ( 6.400000000000035000, -22.17576334247997100, 24.44129602330539800 ) ) ;
#6449 = CIRCLE ( 'NONE', #2129, 1.250000000000849300 ) ;
#6450 = EDGE_CURVE ( 'NONE', #9991, #1944, #837, .T. ) ;
#6451 = EDGE_CURVE ( 'NONE', #5477, #7391, #966, .T. ) ;
#6452 = DATE_TIME_ROLE ( 'classification_date' ) ;
#6453 = ORIENTED_EDGE ( 'NONE', *, *, #1123, .T. ) ;
#6454 = CARTESIAN_POINT ( 'NONE',  ( 8.999999999997106300, -3.334467489176916800, -5.926579882078198300 ) ) ;
#6455 = CARTESIAN_POINT ( 'NONE',  ( 1.000000000128239000, 8.311361685091869200, 1.783187936030387700 ) ) ;
#6456 = ADVANCED_FACE ( 'NONE', ( #6881 ), #4699, .T. ) ;
#6457 = CARTESIAN_POINT ( 'NONE',  ( 20.00000000000005700, 4.669801561746655100, -12.67418399596937900 ) ) ;
#6458 = CARTESIAN_POINT ( 'NONE',  ( 21.00000000000006000, -15.11335567794737300, 25.91544168290290500 ) ) ;
#6459 = CARTESIAN_POINT ( 'NONE',  ( -2.168404344971008400E-016, 30.26631334796949300, 7.394747926916060100 ) ) ;
#6460 = DIRECTION ( 'NONE',  ( 1.000000000000000000, 0.0000000000000000000, 0.0000000000000000000 ) ) ;
#6461 = CARTESIAN_POINT ( 'NONE',  ( 1.000000000131194600, 0.0000000000000000000, -11.85000853396763900 ) ) ;
#6462 = ORIENTED_EDGE ( 'NONE', *, *, #7727, .T. ) ;
#6463 = CARTESIAN_POINT ( 'NONE',  ( 6.399999999999979000, -15.55634918610482300, -14.30634918610261900 ) ) ;
#6464 = CARTESIAN_POINT ( 'NONE',  ( 11.17070943148337400, -1.092875789857602900E-016, -9.500000000000001800 ) ) ;
#6465 = DIRECTION ( 'NONE',  ( 0.0000000000000000000, 2.602085213965210200E-015, -1.000000000000000000 ) ) ;
#6466 = CARTESIAN_POINT ( 'NONE',  ( 19.40000000000003400, -26.32467147087830700, 20.73141736399665500 ) ) ;
#6467 = FACE_BOUND ( 'NONE', #6798, .T. ) ;
#6468 = ADVANCED_FACE ( 'NONE', ( #1206 ), #5678, .F. ) ;
#6469 = ORIENTED_EDGE ( 'NONE', *, *, #2364, .F. ) ;
#6470 = DIRECTION ( 'NONE',  ( 1.000000000000000000, 6.123233995736766000E-017, 0.0000000000000000000 ) ) ;
#6471 = CARTESIAN_POINT ( 'NONE',  ( 19.40000000000003800, -19.31438902209644200, -27.37161942203108500 ) ) ;
#6472 = CARTESIAN_POINT ( 'NONE',  ( 1.000000000128239000, -8.311361685092803600, -1.783187936026634100 ) ) ;
#6473 = LINE ( 'NONE', #5525, #2627 ) ;
#6474 = DIRECTION ( 'NONE',  ( 1.000000000000000000, 6.071532165918827900E-018, 5.551115123125788900E-017 ) ) ;
#6475 = ORIENTED_EDGE ( 'NONE', *, *, #3773, .T. ) ;
#6476 = AXIS2_PLACEMENT_3D ( 'NONE', #6762, #516, #2798 ) ;
#6477 = CARTESIAN_POINT ( 'NONE',  ( 8.999999999997104500, 2.088380630493682100, -6.471434298796453700 ) ) ;
#6478 = CARTESIAN_POINT ( 'NONE',  ( 1.000000000128238800, 6.217760564396092700, 5.803080985855378200 ) ) ;
#6479 = DIRECTION ( 'NONE',  ( -1.626303258728255200E-016, 1.000000000000000000, 0.0000000000000000000 ) ) ;
#6480 = VECTOR ( 'NONE', #1512, 1000.000000000000000 ) ;
#6481 = CARTESIAN_POINT ( 'NONE',  ( 20.00000000000005700, 6.477072663115254000, -11.84495089728933000 ) ) ;
#6482 = CARTESIAN_POINT ( 'NONE',  ( 21.00000000000005700, -14.79168232833467700, 26.09994302351671500 ) ) ;
#6483 = CARTESIAN_POINT ( 'NONE',  ( -2.168404344971008400E-016, 11.34836638811419400, 29.00843721136121900 ) ) ;
#6484 = VECTOR ( 'NONE', #7827, 1000.000000000000000 ) ;
#6485 = DIRECTION ( 'NONE',  ( 1.000000000000000000, 6.123233995736766000E-017, 0.0000000000000000000 ) ) ;
#6486 = EDGE_CURVE ( 'NONE', #7062, #2005, #3620, .T. ) ;
#6487 = CARTESIAN_POINT ( 'NONE',  ( 0.0000000000000000000, 10.60660171779701100, -10.60660171779823500 ) ) ;
#6488 = DIRECTION ( 'NONE',  ( 0.0000000000000000000, 0.0000000000000000000, 1.000000000000000000 ) ) ;
#6489 = VERTEX_POINT ( 'NONE', #9325 ) ;
#6490 = DIRECTION ( 'NONE',  ( 0.0000000000000000000, 0.0000000000000000000, -1.000000000000000000 ) ) ;
#6491 = CARTESIAN_POINT ( 'NONE',  ( 1.000000000128238500, 1.040949779275250100E-015, 8.500000000000000000 ) ) ;
#6492 = CARTESIAN_POINT ( 'NONE',  ( 6.499999999999998200, 23.50000000000001400, 5.000000000000000000 ) ) ;
#6493 = CYLINDRICAL_SURFACE ( 'NONE', #2438, 1.000000000000000000 ) ;
#6494 = CARTESIAN_POINT ( 'NONE',  ( 19.40000000000003100, 8.170843217560561200, 32.48827950918537500 ) ) ;
#6495 = FACE_OUTER_BOUND ( 'NONE', #8485, .T. ) ;
#6496 = CARTESIAN_POINT ( 'NONE',  ( 0.1500000000000007200, 25.89999999999999900, -4.748403685112363900 ) ) ;
#6497 = AXIS2_PLACEMENT_3D ( 'NONE', #1645, #1709, #4792 ) ;
#6498 = ORIENTED_EDGE ( 'NONE', *, *, #8291, .F. ) ;
#6499 = EDGE_CURVE ( 'NONE', #7936, #1774, #9494, .T. ) ;
#6500 = CARTESIAN_POINT ( 'NONE',  ( 1.299999999997001800, -16.86094788897901300, -15.38182353007332500 ) ) ;
#6501 = FACE_OUTER_BOUND ( 'NONE', #9475, .T. ) ;
#6502 = DIRECTION ( 'NONE',  ( 1.000000000000000000, 0.0000000000000000000, 0.0000000000000000000 ) ) ;
#6503 = CARTESIAN_POINT ( 'NONE',  ( 21.38196601125016400, 21.84009091011333600, -26.05782855569468400 ) ) ;
#6504 = CARTESIAN_POINT ( 'NONE',  ( -1.999999999871762400, 6.249999999999999100, 6.446607438115323100E-014 ) ) ;
#6505 = LINE ( 'NONE', #1385, #8552 ) ;
#6506 = CARTESIAN_POINT ( 'NONE',  ( 19.40000000000003100, 29.63617607191001100, -15.75266003443809400 ) ) ;
#6507 = CARTESIAN_POINT ( 'NONE',  ( 1.000000000128239000, -2.218516657055347200, -8.213537217114529600 ) ) ;
#6508 = CARTESIAN_POINT ( 'NONE',  ( 24.00000000000006000, 16.86094788897911200, 15.38182353007320900 ) ) ;
#6509 = ORIENTED_EDGE ( 'NONE', *, *, #4056, .F. ) ;
#6510 = CARTESIAN_POINT ( 'NONE',  ( 24.00000000000006000, -14.13182353007326400, 15.61094788897905900 ) ) ;
#6511 = CYLINDRICAL_SURFACE ( 'NONE', #8431, 9.500000000000000000 ) ;
#6512 = CIRCLE ( 'NONE', #4641, 1.250000000000001100 ) ;
#6513 = AXIS2_PLACEMENT_3D ( 'NONE', #6196, #9873, #1542 ) ;
#6514 = VECTOR ( 'NONE', #4557, 1000.000000000000000 ) ;
#6515 = ADVANCED_FACE ( 'NONE', ( #5432 ), #5199, .F. ) ;
#6516 = EDGE_LOOP ( 'NONE', ( #3914, #3993 ) ) ;
#6517 = CARTESIAN_POINT ( 'NONE',  ( 0.0000000000000000000, 10.60660171779823100, 9.356601717798191900 ) ) ;
#6518 = CARTESIAN_POINT ( 'NONE',  ( 1.000000000128238800, 3.786219645571355000, 7.619718477362067900 ) ) ;
#6519 = DIRECTION ( 'NONE',  ( 1.000000000000000000, 0.0000000000000000000, 0.0000000000000000000 ) ) ;
#6520 = DIRECTION ( 'NONE',  ( 1.000000000000000000, 0.0000000000000000000, 0.0000000000000000000 ) ) ;
#6521 = CARTESIAN_POINT ( 'NONE',  ( 24.00000000000006000, -11.49610083339478300, -8.385334225049993200 ) ) ;
#6522 = ADVANCED_FACE ( 'NONE', ( #1076 ), #6757, .F. ) ;
#6523 = EDGE_CURVE ( 'NONE', #9627, #7812, #6402, .T. ) ;
#6524 = EDGE_CURVE ( 'NONE', #7845, #6446, #1329, .T. ) ;
#6525 = AXIS2_PLACEMENT_3D ( 'NONE', #3860, #1443, #6124 ) ;
#6526 = FACE_BOUND ( 'NONE', #2826, .T. ) ;
#6527 = VERTEX_POINT ( 'NONE', #5544 ) ;
#6528 = DIRECTION ( 'NONE',  ( 0.0000000000000000000, 0.0000000000000000000, 1.000000000000000000 ) ) ;
#6529 = CARTESIAN_POINT ( 'NONE',  ( 0.2000000000000008200, 24.90000000000000200, -4.748403685112363000 ) ) ;
#6530 = CIRCLE ( 'NONE', #6166, 11.04999999999995500 ) ;
#6531 = ORIENTED_EDGE ( 'NONE', *, *, #7594, .T. ) ;
#6532 = AXIS2_PLACEMENT_3D ( 'NONE', #4186, #9580, #5011 ) ;
#6533 = CARTESIAN_POINT ( 'NONE',  ( 6.400000000000036800, -32.86720801670131200, -3.050624451004078100 ) ) ;
#6534 = DIRECTION ( 'NONE',  ( -1.000000000000000000, 0.0000000000000000000, 0.0000000000000000000 ) ) ;
#6535 = CARTESIAN_POINT ( 'NONE',  ( 0.0000000000000000000, 15.55634918610283400, -15.55634918610407700 ) ) ;
#6536 = DIRECTION ( 'NONE',  ( -1.000000000000000000, -6.123233995736766000E-017, -0.0000000000000000000 ) ) ;
#6537 = ORIENTED_EDGE ( 'NONE', *, *, #2108, .T. ) ;
#6538 = ORIENTED_EDGE ( 'NONE', *, *, #9473, .F. ) ;
#6539 = CARTESIAN_POINT ( 'NONE',  ( 19.40000000000003400, 25.16299727606069700, -21.35069577422231300 ) ) ;
#6540 = EDGE_LOOP ( 'NONE', ( #2399, #1057, #6604, #4723, #7019 ) ) ;
#6541 = CARTESIAN_POINT ( 'NONE',  ( -1.099999999866669000, 6.698906942988179300E-016, 4.749999999999928100 ) ) ;
#6542 = DIRECTION ( 'NONE',  ( -1.000000000000000000, -0.0000000000000000000, -0.0000000000000000000 ) ) ;
#6543 = CARTESIAN_POINT ( 'NONE',  ( 19.40000000000003400, 17.48784841235270100, -28.57382171739809700 ) ) ;
#6544 = EDGE_CURVE ( 'NONE', #3989, #4849, #4461, .T. ) ;
#6545 = CARTESIAN_POINT ( 'NONE',  ( 1.000000000128238300, -3.064629149131604900, -7.928379597049116400 ) ) ;
#6546 = EDGE_CURVE ( 'NONE', #8510, #4998, #8556, .T. ) ;
#6547 = VERTEX_POINT ( 'NONE', #946 ) ;
#6548 = ORIENTED_EDGE ( 'NONE', *, *, #4330, .F. ) ;
#6549 = ORIENTED_EDGE ( 'NONE', *, *, #8603, .T. ) ;
#6550 = ORIENTED_EDGE ( 'NONE', *, *, #4576, .F. ) ;
#6551 = CARTESIAN_POINT ( 'NONE',  ( 3.000000000000000900, -17.41510639674016000, -18.91510639674014300 ) ) ;
#6552 = VERTEX_POINT ( 'NONE', #4054 ) ;
#6553 = CARTESIAN_POINT ( 'NONE',  ( 2.999999999999999600, -2.143131898507868500E-016, -5.000000000000000000 ) ) ;
#6554 = EDGE_CURVE ( 'NONE', #1996, #6931, #2425, .T. ) ;
#6555 = CARTESIAN_POINT ( 'NONE',  ( 1.000000000128238500, 2.482791695294412500, -8.137551414386683400 ) ) ;
#6556 = CARTESIAN_POINT ( 'NONE',  ( 6.500999999999997700, -15.55634918610401500, 15.55634918610525100 ) ) ;
#6557 = CARTESIAN_POINT ( 'NONE',  ( 0.0000000000000000000, -15.55634918610482300, -14.30634918610261900 ) ) ;
#6558 = CARTESIAN_POINT ( 'NONE',  ( 21.00000000000006000, -19.27066845010006100, 22.99220166678950200 ) ) ;
#6559 = CARTESIAN_POINT ( 'NONE',  ( -2.168404344971009400E-016, 25.92379948801449500, 17.26949287948387700 ) ) ;
#6560 = ORIENTED_EDGE ( 'NONE', *, *, #6361, .F. ) ;
#6561 = FACE_OUTER_BOUND ( 'NONE', #6032, .T. ) ;
#6562 = ORIENTED_EDGE ( 'NONE', *, *, #5747, .T. ) ;
#6563 = ORIENTED_EDGE ( 'NONE', *, *, #5275, .F. ) ;
#6564 = ORIENTED_EDGE ( 'NONE', *, *, #8498, .T. ) ;
#6565 = CARTESIAN_POINT ( 'NONE',  ( 2.480624847486558900, -67.99999999999965900, -33.99999999999981500 ) ) ;
#6566 = DIRECTION ( 'NONE',  ( 1.000000000000000000, 0.0000000000000000000, 0.0000000000000000000 ) ) ;
#6567 = CARTESIAN_POINT ( 'NONE',  ( 6.400000000000035900, -32.95091815669314900, 1.799481108442953600 ) ) ;
#6568 = EDGE_CURVE ( 'NONE', #393, #4539, #3271, .T. ) ;
#6569 = CYLINDRICAL_SURFACE ( 'NONE', #2517, 1.249999999999999300 ) ;
#6570 = CARTESIAN_POINT ( 'NONE',  ( 22.27639320225006600, 4.096102307012676100E-015, -33.44721359549988200 ) ) ;
#6571 = ORIENTED_EDGE ( 'NONE', *, *, #2921, .T. ) ;
#6572 = EDGE_CURVE ( 'NONE', #4071, #9123, #3383, .T. ) ;
#6573 = CARTESIAN_POINT ( 'NONE',  ( 5.000000000128238800, 0.0000000000000000000, 0.0000000000000000000 ) ) ;
#6574 = ORIENTED_EDGE ( 'NONE', *, *, #5790, .F. ) ;
#6575 = CARTESIAN_POINT ( 'NONE',  ( 19.40000000000003800, 25.40575266869788600, -21.06059554870978400 ) ) ;
#6576 = CARTESIAN_POINT ( 'NONE',  ( 22.10231852694308000, 30.09334553444772500, 69.31827564100353800 ) ) ;
#6577 = CARTESIAN_POINT ( 'NONE',  ( 20.00000000000006000, 9.635334225050032200, -12.74610083339475100 ) ) ;
#6578 = CARTESIAN_POINT ( 'NONE',  ( 19.40000000000003800, 22.51176135867274700, -24.81161742927137600 ) ) ;
#6579 = CALENDAR_DATE ( 2025, 28, 7 ) ;
#6580 = LINE ( 'NONE', #2192, #7057 ) ;
#6581 = CARTESIAN_POINT ( 'NONE',  ( 1.000000000128238300, -7.075186736935786600, -4.711348703083436900 ) ) ;
#6582 = AXIS2_PLACEMENT_3D ( 'NONE', #582, #2209, #7574 ) ;
#6583 = ORIENTED_EDGE ( 'NONE', *, *, #870, .T. ) ;
#6584 = CARTESIAN_POINT ( 'NONE',  ( -2.168404344971008900E-016, 28.50000000000000000, 0.0000000000000000000 ) ) ;
#6585 = SHAPE_REPRESENTATION ( 'GB6010带后盖_25072801', ( #2138, #8654, #43 ), #6273 ) ;
#6586 = EDGE_CURVE ( 'NONE', #1864, #8129, #4341, .T. ) ;
#6587 =( BOUNDED_SURFACE ( )  B_SPLINE_SURFACE ( 3, 3, ( 
 ( #4559, #7568, #4532, #5251 ),
 ( #6050, #7635, #2927, #3793 ),
 ( #5981, #9926, #2201, #9167 ),
 ( #5307, #3758, #1364, #6093 ) ),
 .UNSPECIFIED., .F., .F., .F. ) 
 B_SPLINE_SURFACE_WITH_KNOTS ( ( 4, 4 ),
 ( 4, 4 ),
 ( 0.0000000000000000000, 1.000000000000000000 ),
 ( 0.0000000000000000000, 1.000000000000000000 ),
 .UNSPECIFIED. ) 
 GEOMETRIC_REPRESENTATION_ITEM ( )  RATIONAL_B_SPLINE_SURFACE ( (
 ( 1.000000000000000000, 0.3333333333333334300, 0.3333333333333334300, 1.000000000000000000),
 ( 0.9004338722346979500, 0.3001446240782327200, 0.3001446240782327200, 0.9004338722346979500),
 ( 0.9004338722346979500, 0.3001446240782327200, 0.3001446240782327200, 0.9004338722346979500),
 ( 1.000000000000000000, 0.3333333333333334300, 0.3333333333333334300, 1.000000000000000000) ) ) 
 REPRESENTATION_ITEM ( '' )  SURFACE ( )  );
#6588 = DIRECTION ( 'NONE',  ( 0.0000000000000000000, -0.0000000000000000000, -1.000000000000000000 ) ) ;
#6589 = CARTESIAN_POINT ( 'NONE',  ( 21.00000000000006000, 14.79168232833403500, -26.09994302351676900 ) ) ;
#6590 = CARTESIAN_POINT ( 'NONE',  ( 0.2000000000000018200, 19.96667702163212600, 3.644078711698373500 ) ) ;
#6591 = VERTEX_POINT ( 'NONE', #4726 ) ;
#6592 = CARTESIAN_POINT ( 'NONE',  ( 2.999999999999998200, 21.50000000000000000, -2.999999999999993300 ) ) ;
#6593 = CARTESIAN_POINT ( 'NONE',  ( 21.00000000000006400, 28.33478321409431200, 9.857324339668851500 ) ) ;
#6594 = CARTESIAN_POINT ( 'NONE',  ( -2.168404344971008900E-016, 28.93791167482206800, 11.52701856134815000 ) ) ;
#6595 = AXIS2_PLACEMENT_3D ( 'NONE', #4340, #4481, #1280 ) ;
#6596 = ORIENTED_EDGE ( 'NONE', *, *, #3796, .F. ) ;
#6598 = CARTESIAN_POINT ( 'NONE',  ( -0.5999999998469293100, -5.689999999999892900, -0.8284926070882690000 ) ) ;
#6597 = CIRCLE ( 'NONE', #6337, 1.499999999999990900 ) ;
#6599 = DIRECTION ( 'NONE',  ( -1.000000000000000000, -0.0000000000000000000, -0.0000000000000000000 ) ) ;
#6600 = DIRECTION ( 'NONE',  ( 0.0000000000000000000, 0.0000000000000000000, -1.000000000000000000 ) ) ;
#6601 = DIRECTION ( 'NONE',  ( 0.0000000000000000000, 0.0000000000000000000, -1.000000000000000000 ) ) ;
#6602 = CARTESIAN_POINT ( 'NONE',  ( 6.400000000000036800, -31.90942423177446600, 8.415300776277906200 ) ) ;
#6603 = CC_DESIGN_PERSON_AND_ORGANIZATION_ASSIGNMENT ( #9437, #6959, ( #4534 ) ) ;
#6604 = ORIENTED_EDGE ( 'NONE', *, *, #1035, .T. ) ;
#6605 = EDGE_CURVE ( 'NONE', #9937, #7361, #5077, .T. ) ;
#6606 = LINE ( 'NONE', #2843, #3946 ) ;
#6607 = CYLINDRICAL_SURFACE ( 'NONE', #4777, 5.749999999999886300 ) ;
#6608 = CARTESIAN_POINT ( 'NONE',  ( 19.40000000000003800, 28.79371058818952600, -16.12311001506126500 ) ) ;
#6609 = CARTESIAN_POINT ( 'NONE',  ( -1.099999999866668300, -4.409548506091900000, 1.765989345988419700 ) ) ;
#6610 = CARTESIAN_POINT ( 'NONE',  ( 19.40000000000003400, 3.096849524342547800, -33.36519584609303000 ) ) ;
#6611 = CARTESIAN_POINT ( 'NONE',  ( 8.999999999997104500, 5.946378137044254300, 3.298683783268117100 ) ) ;
#6612 = VERTEX_POINT ( 'NONE', #1075 ) ;
#6613 = LINE ( 'NONE', #6500, #700 ) ;
#6614 = FACE_OUTER_BOUND ( 'NONE', #8437, .T. ) ;
#6615 = DIRECTION ( 'NONE',  ( 1.000000000000000000, 6.071532165918827900E-018, 5.551115123125788900E-017 ) ) ;
#6616 = ORIENTED_EDGE ( 'NONE', *, *, #5009, .T. ) ;
#6617 = VERTEX_POINT ( 'NONE', #6510 ) ;
#6618 = CARTESIAN_POINT ( 'NONE',  ( -1.999999999871762400, -1.092875789857602900E-016, 5.249999999999999100 ) ) ;
#6619 = DIRECTION ( 'NONE',  ( -1.000000000000000000, -0.0000000000000000000, -0.0000000000000000000 ) ) ;
#6620 = AXIS2_PLACEMENT_3D ( 'NONE', #8768, #4935, #5725 ) ;
#6621 = ORIENTED_EDGE ( 'NONE', *, *, #2065, .F. ) ;
#6622 = CARTESIAN_POINT ( 'NONE',  ( 21.00000000000006000, 29.19512216358490200, 7.032599006854588300 ) ) ;
#6623 = CARTESIAN_POINT ( 'NONE',  ( -2.168404344971008600E-016, 30.63998674080278000, -5.609447378460623100 ) ) ;
#6624 = CIRCLE ( 'NONE', #5341, 1.249999999999999300 ) ;
#6625 = FACE_BOUND ( 'NONE', #8499, .T. ) ;
#6626 = EDGE_CURVE ( 'NONE', #8488, #678, #4813, .T. ) ;
#6627 = CARTESIAN_POINT ( 'NONE',  ( 1.299999999997001800, 9.635334225050032200, -11.49610083339475100 ) ) ;
#6628 = DIRECTION ( 'NONE',  ( -1.000000000000000000, -0.0000000000000000000, -0.0000000000000000000 ) ) ;
#6629 = CARTESIAN_POINT ( 'NONE',  ( 24.00000000000006000, 3.035766082959443800E-017, -25.99999999999989000 ) ) ;
#6630 = VERTEX_POINT ( 'NONE', #360 ) ;
#6631 = DIRECTION ( 'NONE',  ( 0.0000000000000000000, 0.0000000000000000000, -1.000000000000000000 ) ) ;
#6632 = CARTESIAN_POINT ( 'NONE',  ( 6.400000000000034100, -31.98794113892064300, 8.110031295587532400 ) ) ;
#6633 = LINE ( 'NONE', #5974, #6037 ) ;
#6634 = CIRCLE ( 'NONE', #3687, 29.99999999999997900 ) ;
#6635 = DIRECTION ( 'NONE',  ( -1.000000000000000000, -0.0000000000000000000, -0.0000000000000000000 ) ) ;
#6636 = FACE_OUTER_BOUND ( 'NONE', #584, .T. ) ;
#6637 = AXIS2_PLACEMENT_3D ( 'NONE', #4096, #6485, #7274 ) ;
#6638 = VERTEX_POINT ( 'NONE', #7326 ) ;
#6639 = CARTESIAN_POINT ( 'NONE',  ( 19.40000000000003400, 28.08954472711736400, -17.33469914052265900 ) ) ;
#6640 = CARTESIAN_POINT ( 'NONE',  ( -1.099999999866668700, -3.061172674611459100, -3.638570270401684700 ) ) ;
#6641 = CARTESIAN_POINT ( 'NONE',  ( 0.1000000000000017000, 20.46667702163212600, 3.644078711698373500 ) ) ;
#6642 = CARTESIAN_POINT ( 'NONE',  ( 19.40000000000003800, 27.31287181251745000, -19.39755906331557600 ) ) ;
#6643 = CIRCLE ( 'NONE', #5908, 1.000000000000000000 ) ;
#6644 = FACE_BOUND ( 'NONE', #1081, .T. ) ;
#6645 = CARTESIAN_POINT ( 'NONE',  ( 1.000000000128238800, -0.5200794799584036500, 8.500000000000001800 ) ) ;
#6646 = CARTESIAN_POINT ( 'NONE',  ( 8.999999999997104500, 6.807135966460542400, -0.01253001894552341500 ) ) ;
#6647 = EDGE_CURVE ( 'NONE', #1805, #3523, #8353, .T. ) ;
#6648 = LINE ( 'NONE', #9397, #4206 ) ;
#6649 = AXIS2_PLACEMENT_3D ( 'NONE', #9242, #8514, #9214 ) ;
#6650 = ORIENTED_EDGE ( 'NONE', *, *, #85, .T. ) ;
#6651 = DIRECTION ( 'NONE',  ( 0.0000000000000000000, 0.0000000000000000000, -1.000000000000000000 ) ) ;
#6652 = CARTESIAN_POINT ( 'NONE',  ( 2.900000000133330600, -1.092875789857602900E-016, -6.249999999999661600 ) ) ;
#6653 = AXIS2_PLACEMENT_3D ( 'NONE', #9097, #2238, #575 ) ;
#6654 = EDGE_LOOP ( 'NONE', ( #1822, #1680, #2029, #5465 ) ) ;
#6655 = FACE_OUTER_BOUND ( 'NONE', #5668, .T. ) ;
#6656 = CARTESIAN_POINT ( 'NONE',  ( 21.00000000000006400, -6.955858922822784500, -29.19073814256360700 ) ) ;
#6658 = ORIENTED_EDGE ( 'NONE', *, *, #7626, .F. ) ;
#6657 = CARTESIAN_POINT ( 'NONE',  ( 21.00000000000006400, 26.01563460114833100, 14.93963143265624000 ) ) ;
#6659 = CARTESIAN_POINT ( 'NONE',  ( -2.168404344971008900E-016, 17.15752963062119500, -25.99802946668466000 ) ) ;
#6660 = FACE_BOUND ( 'NONE', #4244, .T. ) ;
#6661 = ORIENTED_EDGE ( 'NONE', *, *, #6586, .T. ) ;
#6662 = AXIS2_PLACEMENT_3D ( 'NONE', #2899, #5986, #8306 ) ;
#6663 = CARTESIAN_POINT ( 'NONE',  ( 6.399999999999979000, 0.0000000000000000000, -32.19999999999984700 ) ) ;
#6664 = CARTESIAN_POINT ( 'NONE',  ( 0.2000000000000003200, 27.45432093515268300, -7.760268104168956100 ) ) ;
#6665 = DIRECTION ( 'NONE',  ( -1.000000000000000000, -0.0000000000000000000, -0.0000000000000000000 ) ) ;
#6666 = AXIS2_PLACEMENT_3D ( 'NONE', #6909, #3010, #2286 ) ;
#6667 = ORIENTED_EDGE ( 'NONE', *, *, #7258, .F. ) ;
#6668 = DIRECTION ( 'NONE',  ( 0.0000000000000000000, 0.0000000000000000000, 1.000000000000000000 ) ) ;
#6669 = ORIENTED_EDGE ( 'NONE', *, *, #3848, .T. ) ;
#6670 = EDGE_LOOP ( 'NONE', ( #6948, #9197, #1366, #3781 ) ) ;
#6671 = CARTESIAN_POINT ( 'NONE',  ( 19.40000000000003400, 21.19773529511007800, -25.29142183346845100 ) ) ;
#6672 = CARTESIAN_POINT ( 'NONE',  ( 19.40000000000003100, 22.34558067897371800, 24.29261149616619900 ) ) ;
#6673 = VERTEX_POINT ( 'NONE', #5507 ) ;
#6674 = VERTEX_POINT ( 'NONE', #8754 ) ;
#6675 = DIRECTION ( 'NONE',  ( -0.7071067811865477900, 0.7071067811865473500, 8.659560562354931600E-017 ) ) ;
#6676 = VERTEX_POINT ( 'NONE', #6551 ) ;
#6677 = CARTESIAN_POINT ( 'NONE',  ( 0.5000000000000010000, -15.91510639674034000, 18.91510639673995400 ) ) ;
#6678 = CARTESIAN_POINT ( 'NONE',  ( 8.999999999997106300, 6.667440768440771500, 1.370555956079257500 ) ) ;
#6679 = AXIS2_PLACEMENT_3D ( 'NONE', #9569, #5738, #3376 ) ;
#6680 = DIRECTION ( 'NONE',  ( 0.0000000000000000000, 0.0000000000000000000, 1.000000000000000000 ) ) ;
#6681 = DIRECTION ( 'NONE',  ( 0.0000000000000000000, -1.000000000000000000, 0.0000000000000000000 ) ) ;
#6682 = CIRCLE ( 'NONE', #2118, 0.9999999999999995600 ) ;
#6683 = VERTEX_POINT ( 'NONE', #3418 ) ;
#6684 = ORIENTED_EDGE ( 'NONE', *, *, #8113, .T. ) ;
#6685 = DIRECTION ( 'NONE',  ( -5.551115123125788900E-017, 0.0000000000000000000, 1.000000000000000000 ) ) ;
#6686 = EDGE_CURVE ( 'NONE', #1497, #6612, #2784, .T. ) ;
#6687 = CARTESIAN_POINT ( 'NONE',  ( 21.00000000000006000, 9.512035441250601400, -28.45210133973675700 ) ) ;
#6688 = CARTESIAN_POINT ( 'NONE',  ( 4.315194346083972000E-015, 3.842758833407096100E-015, 31.37850714248854800 ) ) ;
#6689 = DIRECTION ( 'NONE',  ( 0.0000000000000000000, 0.0000000000000000000, -1.000000000000000000 ) ) ;
#6690 = CARTESIAN_POINT ( 'NONE',  ( 21.00000000000005700, 26.39542374405196100, -14.25771714077809100 ) ) ;
#6691 = CARTESIAN_POINT ( 'NONE',  ( -2.168404344971009400E-016, 7.394747926892749000, -30.26631334797595600 ) ) ;
#6692 = LOCAL_TIME ( 11, 40, 0.0000000000000000000, #1991 ) ;
#6693 = CIRCLE ( 'NONE', #1616, 11.50000000000000200 ) ;
#6694 = CARTESIAN_POINT ( 'NONE',  ( 1.699756038043517300, -67.24939009510848100, -33.62469504755422600 ) ) ;
#6695 = ORIENTED_EDGE ( 'NONE', *, *, #3094, .F. ) ;
#6696 = AXIS2_PLACEMENT_3D ( 'NONE', #6925, #9201, #8419 ) ;
#6697 = CARTESIAN_POINT ( 'NONE',  ( -1.099999999866668700, 2.258054064016161700, 4.184397135485559400 ) ) ;
#6698 = CARTESIAN_POINT ( 'NONE',  ( 0.2000000000000003400, 28.49999999999999600, 6.254503025143456800 ) ) ;
#6699 = CARTESIAN_POINT ( 'NONE',  ( 1.000000000131194600, 0.0000000000000000000, 0.0000000000000000000 ) ) ;
#6700 = CARTESIAN_POINT ( 'NONE',  ( 6.400000000000035900, 22.17576334249571300, -24.44129602329479000 ) ) ;
#6701 = EDGE_CURVE ( 'NONE', #2297, #3216, #8451, .T. ) ;
#6702 = CARTESIAN_POINT ( 'NONE',  ( 0.4999999999881765700, -21.91510639681837300, 18.91510639673995400 ) ) ;
#6703 = CARTESIAN_POINT ( 'NONE',  ( 19.40000000000003400, -28.98714761530574800, 15.77169475317141300 ) ) ;
#6704 = DIRECTION ( 'NONE',  ( -4.248195126861483300E-017, 0.0000000000000000000, 1.000000000000000000 ) ) ;
#6705 = B_SPLINE_CURVE_WITH_KNOTS ( 'NONE', 3,
 ( #9108, #6864, #1450, #9041, #6801, #2182, #7550, #6102, #2942, #666, #4470, #4512, #3007, #9875, #5262, #2252, #6828, #7650, #5189, #628, #2978, #555, #6027, #1339, #1412, #3039, #5959, #8311, #6736, #2115, #4435, #9802, #3262, #9427, #1051, #4163, #3364, #3592, #267, #8063, #8739, #1088, #3395, #9487, #2076, #5917, #7204, #7963, #9718, #4131, #2659, #6697, #7996, #8710, #2626, #1881, #478, #5657, #5149, #301 ),
 .UNSPECIFIED., .F., .F.,
 ( 4, 1, 1, 1, 1, 2, 2, 1, 2, 2, 2, 1, 2, 2, 1, 1, 1, 2, 2, 2, 1, 1, 1, 1, 2, 2, 1, 2, 2, 2, 1, 2, 2, 1, 1, 1, 2, 2, 4 ),
 ( 0.0000000000000000000, 0.06250000000000068000, 0.09375000000000102700, 0.1093750000000011900, 0.1171875000000013000, 0.1210937500000013300, 0.1250000000000013600, 0.1562500000000014700, 0.1718750000000015800, 0.1875000000000016900, 0.2500000000000022200, 0.2812500000000023900, 0.2968750000000024400, 0.3125000000000025000, 0.3437500000000025000, 0.3593750000000025500, 0.3671875000000025500, 0.3710937500000025500, 0.3750000000000025000, 0.5000000000000010000, 0.5625000000000002200, 0.5937499999999997800, 0.6093749999999995600, 0.6171874999999993300, 0.6210937499999993300, 0.6249999999999992200, 0.6562499999999993300, 0.6718749999999994400, 0.6874999999999994400, 0.7499999999999994400, 0.7812499999999995600, 0.7968749999999995600, 0.8124999999999996700, 0.8437499999999995600, 0.8593749999999995600, 0.8671874999999995600, 0.8710937499999995600, 0.8749999999999996700, 1.000000000000000000 ),
 .UNSPECIFIED. ) ;
#6706 = ORIENTED_EDGE ( 'NONE', *, *, #4180, .F. ) ;
#6707 = CARTESIAN_POINT ( 'NONE',  ( -2.168404344971008400E-016, -26.10852194079603100, 16.98891890167973900 ) ) ;
#6708 = CARTESIAN_POINT ( 'NONE',  ( 19.40000000000003400, 23.62222463238714100, 23.08212293055661500 ) ) ;
#6709 = CARTESIAN_POINT ( 'NONE',  ( -1.099999999866668500, -2.735270641338323600, -3.884270907801640000 ) ) ;
#6710 = DIRECTION ( 'NONE',  ( -0.7071067811865477900, 0.7071067811865473500, 8.659560562354931600E-017 ) ) ;
#6711 = CARTESIAN_POINT ( 'NONE',  ( 0.2000000000000007900, 26.50000000000000400, 7.999999999999996400 ) ) ;
#6712 = AXIS2_PLACEMENT_3D ( 'NONE', #3481, #8186, #1967 ) ;
#6713 = CARTESIAN_POINT ( 'NONE',  ( 8.999999999997104500, 6.570382497704925700, 1.758902845175619900 ) ) ;
#6714 = FACE_BOUND ( 'NONE', #1150, .T. ) ;
#6715 = DIRECTION ( 'NONE',  ( 0.0000000000000000000, 0.0000000000000000000, -1.000000000000000000 ) ) ;
#6716 = ORIENTED_EDGE ( 'NONE', *, *, #5581, .T. ) ;
#6717 = CARTESIAN_POINT ( 'NONE',  ( 6.501000000000001200, -20.41510639674033100, 18.91510639673995400 ) ) ;
#6718 = EDGE_CURVE ( 'NONE', #2031, #479, #5902, .T. ) ;
#6719 = ORIENTED_EDGE ( 'NONE', *, *, #8803, .T. ) ;
#6720 = AXIS2_PLACEMENT_3D ( 'NONE', #339, #1127, #1911 ) ;
#6721 = CARTESIAN_POINT ( 'NONE',  ( 21.00000000000006800, -29.57879403629421600, 5.194880905909977600 ) ) ;
#6722 = CARTESIAN_POINT ( 'NONE',  ( 11.17070943148337400, -1.092875789857602900E-016, -9.992007221555231900E-016 ) ) ;
#6723 = FACE_OUTER_BOUND ( 'NONE', #8658, .T. ) ;
#6724 = DIRECTION ( 'NONE',  ( 0.0000000000000000000, 0.0000000000000000000, 1.000000000000000000 ) ) ;
#6725 = CARTESIAN_POINT ( 'NONE',  ( 21.00000000000007100, 28.41711298270285400, -9.669342716603548400 ) ) ;
#6726 = CARTESIAN_POINT ( 'NONE',  ( -2.168404344971008900E-016, 30.58833057110479800, 5.885151131670997200 ) ) ;
#6727 = AXIS2_PLACEMENT_3D ( 'NONE', #9874, #6026, #9727 ) ;
#6728 = ORIENTED_EDGE ( 'NONE', *, *, #5936, .F. ) ;
#6729 = CARTESIAN_POINT ( 'NONE',  ( 20.00000000000006400, 7.734291965266729500, 11.08010299840654200 ) ) ;
#6730 = DIRECTION ( 'NONE',  ( 0.0000000000000000000, 0.0000000000000000000, 1.000000000000000000 ) ) ;
#6731 = DIRECTION ( 'NONE',  ( -1.000000000000000000, -0.0000000000000000000, -0.0000000000000000000 ) ) ;
#6732 = CARTESIAN_POINT ( 'NONE',  ( 6.400000000000037700, -2.133171764745547700, -32.93147467418311400 ) ) ;
#6733 = VECTOR ( 'NONE', #734, 1000.000000000000000 ) ;
#6734 = DIRECTION ( 'NONE',  ( -1.000000000000000000, -6.123233995736766000E-017, -0.0000000000000000000 ) ) ;
#6735 = CARTESIAN_POINT ( 'NONE',  ( 19.40000000000003800, -32.80094720185079600, -3.619862512031900300 ) ) ;
#6736 = CARTESIAN_POINT ( 'NONE',  ( -1.099999999866668700, 4.638763996590666800, -1.187186652191414100 ) ) ;
#6737 = EDGE_CURVE ( 'NONE', #7356, #3288, #8900, .T. ) ;
#6738 = CARTESIAN_POINT ( 'NONE',  ( 1.282376982381094900E-010, 1.054126880204225200E-015, 9.499999999999998200 ) ) ;
#6739 = CARTESIAN_POINT ( 'NONE',  ( -2.168404344971008900E-016, -27.03863249254702700, 15.48175744261456500 ) ) ;
#6740 = CARTESIAN_POINT ( 'NONE',  ( 19.40000000000003400, 32.35643801005366500, 6.652383586059767300 ) ) ;
#6741 = CIRCLE ( 'NONE', #3405, 3.750000000001903800 ) ;
#6742 = CARTESIAN_POINT ( 'NONE',  ( -1.099999999866668700, -2.465050495838748900, -4.063484528705193300 ) ) ;
#6743 = CARTESIAN_POINT ( 'NONE',  ( 0.1000000000000011200, 24.40000000000000200, 3.644078711698373500 ) ) ;
#6744 = FACE_OUTER_BOUND ( 'NONE', #3973, .T. ) ;
#6745 = CARTESIAN_POINT ( 'NONE',  ( 2.999999999999999100, 10.60660171779701100, -10.60660171779823500 ) ) ;
#6746 = CARTESIAN_POINT ( 'NONE',  ( 8.999999999997108100, 6.794380685390885700, -0.3628413872810403700 ) ) ;
#6747 = LINE ( 'NONE', #5524, #9599 ) ;
#6748 = CIRCLE ( 'NONE', #4318, 26.60000000000002600 ) ;
#6749 = EDGE_CURVE ( 'NONE', #913, #7268, #716, .T. ) ;
#6750 = CARTESIAN_POINT ( 'NONE',  ( -2.168404344971008900E-016, -4.025158350372845600, -30.89462349779485700 ) ) ;
#6751 = EDGE_LOOP ( 'NONE', ( #6560, #6817 ) ) ;
#6752 = CARTESIAN_POINT ( 'NONE',  ( 21.00000000000006000, -19.00788175668854100, -23.20994095747309800 ) ) ;
#6753 = CARTESIAN_POINT ( 'NONE',  ( -4.336808689942017700E-016, 0.0000000000000000000, -31.14921894064168100 ) ) ;
#6754 = DIRECTION ( 'NONE',  ( -1.000000000000000000, -0.0000000000000000000, -0.0000000000000000000 ) ) ;
#6755 = AXIS2_PLACEMENT_3D ( 'NONE', #8434, #9187, #6911 ) ;
#6756 = CARTESIAN_POINT ( 'NONE',  ( 5.000000000000000000, -9.024091943764450000, -9.581030275964211600 ) ) ;
#6757 = CYLINDRICAL_SURFACE ( 'NONE', #9420, 2.999999999999999100 ) ;
#6758 = CIRCLE ( 'NONE', #5680, 8.000000000000000000 ) ;
#6759 = EDGE_CURVE ( 'NONE', #5152, #1670, #6272, .T. ) ;
#6760 = VECTOR ( 'NONE', #9702, 1000.000000000000000 ) ;
#6761 = CARTESIAN_POINT ( 'NONE',  ( 20.00000000000005700, 11.81894376830541700, -6.524056575701677300 ) ) ;
#6762 = CARTESIAN_POINT ( 'NONE',  ( 2.000000000128237900, 6.249999999999999100, 6.446607438115323100E-014 ) ) ;
#6763 = VERTEX_POINT ( 'NONE', #4211 ) ;
#6764 = CARTESIAN_POINT ( 'NONE',  ( 0.1500000000000008800, 25.90000000000000200, -0.7500000000000030000 ) ) ;
#6765 = CARTESIAN_POINT ( 'NONE',  ( 6.400000000000037700, -23.87063643965188600, -22.78582833510980900 ) ) ;
#6766 = CARTESIAN_POINT ( 'NONE',  ( 19.40000000000003100, -31.43778022181963600, 10.03500595333727200 ) ) ;
#6767 = DIRECTION ( 'NONE',  ( 0.0000000000000000000, 0.0000000000000000000, 1.000000000000000000 ) ) ;
#6768 = FACE_OUTER_BOUND ( 'NONE', #6540, .T. ) ;
#6769 = DIRECTION ( 'NONE',  ( 0.0000000000000000000, 0.0000000000000000000, 1.000000000000000000 ) ) ;
#6770 = AXIS2_PLACEMENT_3D ( 'NONE', #1668, #4027, #4787 ) ;
#6771 = B_SPLINE_CURVE_WITH_KNOTS ( 'NONE', 3,
 ( #9574, #2743, #5032, #4959, #7324, #395, #5004, #356, #1141, #8116, #3474, #7353, #8152, #5201, #7493, #1251, #1210, #3641, #9050, #566, #5132, #2848, #6746, #6646, #5970, #9012, #7387, #2059, #5098, #6678, #6713, #3681, #2022, #3607, #5871, #8253, #8981, #3546, #455, #2780, #6611, #8183, #1994, #5898, #7427, #4344, #4303, #8910, #9677, #2814, #9810, #7455, #536, #8948, #2126, #9703, #2096, #8214, #9737, #4413, #5935, #601, #4445, #3575, #498, #8321, #1282, #1316, #4383, #7531, #1352, #5165, #5239, #2878, #2916, #8289, #9777, #4549, #9846, #1461, #9884, #5333, #7690, #1495, #3051, #4621, #1422, #2261 ),
 .UNSPECIFIED., .F., .F.,
 ( 4, 1, 1, 1, 2, 2, 1, 1, 2, 2, 1, 1, 2, 2, 2, 1, 1, 2, 2, 1, 1, 1, 2, 2, 1, 1, 1, 2, 2, 2, 1, 1, 1, 2, 2, 1, 1, 2, 2, 1, 1, 2, 2, 2, 1, 1, 2, 2, 1, 1, 1, 2, 2, 1, 1, 1, 2, 2, 4 ),
 ( 0.0000000000000000000, 0.03124999999999883400, 0.04687499999999829300, 0.05468749999999802200, 0.05859374999999798100, 0.06249999999999794600, 0.09374999999999797400, 0.1093749999999979700, 0.1171874999999980000, 0.1249999999999980300, 0.1562499999999982200, 0.1718749999999983100, 0.1796874999999982800, 0.1874999999999982800, 0.2499999999999980600, 0.2812499999999979500, 0.2968749999999978900, 0.3046874999999978900, 0.3124999999999978900, 0.3437499999999978400, 0.3593749999999977800, 0.3671874999999977800, 0.3710937499999977800, 0.3749999999999977200, 0.4062499999999977200, 0.4218749999999976700, 0.4296874999999976100, 0.4335937499999976700, 0.4374999999999976700, 0.4999999999999982200, 0.5312499999999984500, 0.5468749999999985600, 0.5546874999999986700, 0.5585937499999986700, 0.5624999999999987800, 0.5937499999999985600, 0.6093749999999985600, 0.6171874999999986700, 0.6249999999999986700, 0.6562499999999986700, 0.6718749999999987800, 0.6796874999999988900, 0.6874999999999988900, 0.7499999999999988900, 0.7812499999999988900, 0.7968749999999988900, 0.8046874999999990000, 0.8124999999999990000, 0.8437499999999990000, 0.8593749999999990000, 0.8671874999999991100, 0.8710937499999990000, 0.8749999999999990000, 0.9062499999999988900, 0.9218749999999988900, 0.9296874999999988900, 0.9335937499999987800, 0.9374999999999987800, 1.000000000000000000 ),
 .UNSPECIFIED. ) ;
#6772 = CIRCLE ( 'NONE', #9245, 16.99999999999971900 ) ;
#6773 = CARTESIAN_POINT ( 'NONE',  ( -2.168404344971008900E-016, -20.07298931342884900, 23.86186268309949900 ) ) ;
#6774 = CARTESIAN_POINT ( 'NONE',  ( 19.40000000000003800, 32.78502433097941800, 3.761284301092172800 ) ) ;
#6775 = VERTEX_POINT ( 'NONE', #2715 ) ;
#6776 = CARTESIAN_POINT ( 'NONE',  ( 27.30496494509936100, 5.042386180099899500E-017, 4.610181650377063500E-016 ) ) ;
#6777 = EDGE_CURVE ( 'NONE', #5697, #2770, #4093, .T. ) ;
#6778 = CARTESIAN_POINT ( 'NONE',  ( 2.000000000128237900, -6.250000000000000000, -2.282095908992510600E-014 ) ) ;
#6779 = EDGE_CURVE ( 'NONE', #9109, #3897, #5557, .T. ) ;
#6780 = AXIS2_PLACEMENT_3D ( 'NONE', #3928, #61, #5484 ) ;
#6781 = EDGE_LOOP ( 'NONE', ( #7143, #9056 ) ) ;
#6782 = ORIENTED_EDGE ( 'NONE', *, *, #2030, .T. ) ;
#6783 = EDGE_LOOP ( 'NONE', ( #1530, #8819, #3512, #2450 ) ) ;
#6784 = ORIENTED_EDGE ( 'NONE', *, *, #6209, .F. ) ;
#6785 = AXIS2_PLACEMENT_3D ( 'NONE', #495, #8944, #3640 ) ;
#6786 = CARTESIAN_POINT ( 'NONE',  ( 21.00000000000007100, -28.79076347226617800, -8.492373289679470400 ) ) ;
#6787 = CARTESIAN_POINT ( 'NONE',  ( 21.00000000000006800, 23.26768397323966700, -18.93730416350669500 ) ) ;
#6788 = CARTESIAN_POINT ( 'NONE',  ( -2.168404344971008600E-016, 3.794752694620024100, -30.97587736253321800 ) ) ;
#6789 = VERTEX_POINT ( 'NONE', #1797 ) ;
#6790 = ORIENTED_EDGE ( 'NONE', *, *, #8531, .T. ) ;
#6791 = ORIENTED_EDGE ( 'NONE', *, *, #1403, .F. ) ;
#6792 = VERTEX_POINT ( 'NONE', #8185 ) ;
#6793 = CC_DESIGN_APPROVAL ( #9030, ( #9169 ) ) ;
#6794 = ORIENTED_EDGE ( 'NONE', *, *, #2612, .T. ) ;
#6795 = CARTESIAN_POINT ( 'NONE',  ( 20.00000000000006000, 13.35134628408261600, 2.049390865845568800 ) ) ;
#6796 = CARTESIAN_POINT ( 'NONE',  ( 1.282376982381094900E-010, 6.249999999999999100, 6.446607438115323100E-014 ) ) ;
#6797 = CARTESIAN_POINT ( 'NONE',  ( 6.400000000000035000, -23.94276378802832300, -22.71019196451160800 ) ) ;
#6798 = EDGE_LOOP ( 'NONE', ( #5969, #1626 ) ) ;
#6799 = LINE ( 'NONE', #4544, #1860 ) ;
#6800 = CARTESIAN_POINT ( 'NONE',  ( 19.40000000000003100, -32.24266897479488800, 7.389260922628132300 ) ) ;
#6801 = CARTESIAN_POINT ( 'NONE',  ( -1.099999999866668700, 1.501516714310400200, -4.507687359330559800 ) ) ;
#6802 = ORIENTED_EDGE ( 'NONE', *, *, #6779, .T. ) ;
#6803 = ORIENTED_EDGE ( 'NONE', *, *, #1785, .T. ) ;
#6804 = DIRECTION ( 'NONE',  ( -1.000000000000000000, -0.0000000000000000000, -0.0000000000000000000 ) ) ;
#6805 = CARTESIAN_POINT ( 'NONE',  ( 19.40000000000003100, 31.36210905133672700, 10.26739367138227300 ) ) ;
#6806 = DIRECTION ( 'NONE',  ( 0.0000000000000000000, 0.0000000000000000000, -1.000000000000000000 ) ) ;
#6807 = FACE_OUTER_BOUND ( 'NONE', #6085, .T. ) ;
#6808 = EDGE_LOOP ( 'NONE', ( #8198, #1082 ) ) ;
#6809 = EDGE_LOOP ( 'NONE', ( #3642, #1455, #6669, #2952 ) ) ;
#6810 = CARTESIAN_POINT ( 'NONE',  ( 1.000000000128238500, -1.092875789857602900E-016, -9.500000000000001800 ) ) ;
#6811 = PERSON_AND_ORGANIZATION ( #6260, #2732 ) ;
#6812 = CIRCLE ( 'NONE', #7927, 1.000000000000000000 ) ;
#6813 = CARTESIAN_POINT ( 'NONE',  ( -2.168404344971009400E-016, -11.40713421897908700, -28.98537717948429900 ) ) ;
#6814 = EDGE_CURVE ( 'NONE', #2278, #5338, #5310, .T. ) ;
#6815 = CARTESIAN_POINT ( 'NONE',  ( 21.00000000000005700, -28.74835462545107500, 8.575330479202362400 ) ) ;
#6816 = DIRECTION ( 'NONE',  ( 0.0000000000000000000, 0.0000000000000000000, 1.000000000000000000 ) ) ;
#6817 = ORIENTED_EDGE ( 'NONE', *, *, #4042, .F. ) ;
#6818 = DIRECTION ( 'NONE',  ( 0.0000000000000000000, 0.0000000000000000000, 1.000000000000000000 ) ) ;
#6819 = CARTESIAN_POINT ( 'NONE',  ( 6.899999999999972800, -34.00000000000000000, 3.296437379112597400E-015 ) ) ;
#6820 = CARTESIAN_POINT ( 'NONE',  ( 20.00000000000006000, 9.937864143515753300, -9.141381308999108100 ) ) ;
#6822 = CARTESIAN_POINT ( 'NONE',  ( 1.299999999997001800, 9.635334225050032200, -11.49610083339475100 ) ) ;
#6821 = VECTOR ( 'NONE', #2144, 1000.000000000000000 ) ;
#6823 = AXIS2_PLACEMENT_3D ( 'NONE', #5737, #4236, #2734 ) ;
#6824 = ORIENTED_EDGE ( 'NONE', *, *, #148, .T. ) ;
#6825 = CARTESIAN_POINT ( 'NONE',  ( 6.400000000000040300, -27.95961130092230500, -17.52898216890833200 ) ) ;
#6826 = CARTESIAN_POINT ( 'NONE',  ( 19.40000000000003400, -16.03762709018187800, 28.84098703930022700 ) ) ;
#6827 = DIRECTION ( 'NONE',  ( 1.000000000000000000, 6.071532165918827900E-018, 5.551115123125788900E-017 ) ) ;
#6828 = CARTESIAN_POINT ( 'NONE',  ( -1.099999999866668700, 3.474580997098379900, -3.242959681625672700 ) ) ;
#6829 = CARTESIAN_POINT ( 'NONE',  ( 0.1500000000000008800, 25.90000000000000200, -0.7500000000000030000 ) ) ;
#6830 = B_SPLINE_CURVE_WITH_KNOTS ( 'NONE', 3,
 ( #6106, #3047, #6944, #3809, #8432, #3106, #8410, #6168, #3009, #1547, #6203, #9148, #5359, #5293, #6832, #1583, #9183, #764, #6869, #5329, #2285, #733, #3136, #5420, #3776, #6966, #3078, #6908, #9220, #8464, #3834, #4614, #4546, #793, #9113, #9969, #2357, #5388, #2322, #7756, #7653, #4516, #3740, #7718, #9246, #8490, #9911, #699, #9941, #3874, #9879, #1490, #672, #4644, #6071, #1, #6132, #1453, #2222, #1854, #1096, #1062, #4670, #4002, #6494, #3932, #896, #3170, #100, #6294, #825, #7796, #37, #3903, #7280, #5454, #8519, #3203, #8548, #1651, #1617, #1681, #7826, #7070, #8578, #7865, #2666, #3963, #3404, #7004, #8611, #7247, #2467, #9339, #5489, #8067, #1888, #9307, #9276, #5731, #65, #3232, #273, #2389, #6466, #4741, #861, #5521, #4908, #4941, #4707, #2431, #9363, #2631 ),
 .UNSPECIFIED., .F., .F.,
 ( 4, 1, 1, 1, 1, 1, 2, 2, 1, 1, 1, 1, 1, 2, 2, 1, 1, 1, 1, 2, 2, 2, 1, 1, 1, 1, 2, 2, 1, 1, 1, 1, 1, 2, 2, 1, 1, 1, 1, 1, 2, 2, 2, 1, 1, 1, 1, 1, 2, 2, 1, 1, 1, 1, 1, 2, 2, 1, 1, 1, 1, 2, 2, 2, 1, 1, 1, 1, 2, 2, 1, 1, 1, 1, 1, 2, 2, 1, 1, 1, 1, 1, 2, 2, 4 ),
 ( 0.0000000000000000000, 0.03125000000000324700, 0.04687500000000484300, 0.05468750000000566900, 0.05859375000000614100, 0.06054687500000637000, 0.06152343750000648100, 0.06250000000000660600, 0.09375000000000996400, 0.1093750000000116400, 0.1171875000000124900, 0.1210937500000128900, 0.1230468750000130900, 0.1240234375000132000, 0.1250000000000132900, 0.1562500000000169300, 0.1718750000000187600, 0.1796875000000196500, 0.1835937500000200700, 0.1855468750000202900, 0.1875000000000204800, 0.2500000000000267600, 0.2812500000000298600, 0.2968750000000314200, 0.3046875000000322000, 0.3085937500000326400, 0.3105468750000328100, 0.3125000000000330300, 0.3437500000000348100, 0.3593750000000357500, 0.3671875000000361900, 0.3710937500000364700, 0.3730468750000365800, 0.3740234375000366400, 0.3750000000000366900, 0.4062500000000372500, 0.4218750000000376400, 0.4296875000000376900, 0.4335937500000377500, 0.4355468750000376900, 0.4365234375000376900, 0.4375000000000376900, 0.5000000000000374100, 0.5312500000000373000, 0.5468750000000373000, 0.5546875000000371900, 0.5585937500000371900, 0.5605468750000371900, 0.5615234375000371900, 0.5625000000000370800, 0.5937500000000354200, 0.6093750000000345300, 0.6171875000000341900, 0.6210937500000338600, 0.6230468750000337500, 0.6240234375000337500, 0.6250000000000337500, 0.6562500000000318600, 0.6718750000000309800, 0.6796875000000304200, 0.6835937500000302000, 0.6855468750000300900, 0.6875000000000298600, 0.7500000000000257600, 0.7812500000000236500, 0.7968750000000226500, 0.8046875000000219800, 0.8085937500000217600, 0.8105468750000216500, 0.8125000000000214300, 0.8437500000000183200, 0.8593750000000166500, 0.8671875000000158800, 0.8710937500000154300, 0.8730468750000152100, 0.8740234375000151000, 0.8750000000000149900, 0.9062500000000111000, 0.9218750000000092100, 0.9296875000000082200, 0.9335937500000077700, 0.9355468750000075500, 0.9365234375000074400, 0.9375000000000072200, 1.000000000000000000 ),
 .UNSPECIFIED. ) ;
#6831 = CIRCLE ( 'NONE', #7562, 33.44721359549987500 ) ;
#6832 = CARTESIAN_POINT ( 'NONE',  ( 19.40000000000002700, 33.43043657029062400, -2.165491473026636400 ) ) ;
#6833 = CARTESIAN_POINT ( 'NONE',  ( 1.200000000000000000, 26.50000000000000400, 5.999999999999997300 ) ) ;
#6834 = DIRECTION ( 'NONE',  ( -1.000000000000000000, -0.0000000000000000000, -0.0000000000000000000 ) ) ;
#6835 = DIRECTION ( 'NONE',  ( -0.8290375725550416200, 0.0000000000000000000, 0.5591929034707471300 ) ) ;
#6836 = AXIS2_PLACEMENT_3D ( 'NONE', #4457, #9820, #6011 ) ;
#6837 = DIRECTION ( 'NONE',  ( 0.0000000000000000000, 1.734723475976807900E-015, 1.000000000000000000 ) ) ;
#6838 = EDGE_LOOP ( 'NONE', ( #6469, #5573 ) ) ;
#6839 = CIRCLE ( 'NONE', #4756, 1.249999999999999300 ) ;
#6840 = VECTOR ( 'NONE', #2722, 1000.000000000000000 ) ;
#6841 = AXIS2_PLACEMENT_3D ( 'NONE', #8639, #1777, #4127 ) ;
#6842 = EDGE_CURVE ( 'NONE', #9408, #8117, #2171, .T. ) ;
#6843 = AXIS2_PLACEMENT_3D ( 'NONE', #2601, #1753, #8001 ) ;
#6844 = DIRECTION ( 'NONE',  ( 0.0000000000000000000, 0.0000000000000000000, -1.000000000000000000 ) ) ;
#6845 = ORIENTED_EDGE ( 'NONE', *, *, #7059, .T. ) ;
#6846 = CARTESIAN_POINT ( 'NONE',  ( 21.00000000000006000, -28.45210133973676700, -9.512035441250603200 ) ) ;
#6847 = CARTESIAN_POINT ( 'NONE',  ( -1.100000000000000100, 0.0000000000000000000, 0.0000000000000000000 ) ) ;
#6848 = DIRECTION ( 'NONE',  ( 0.0000000000000000000, 0.6423556150033356000, -0.7664067222263166700 ) ) ;
#6849 = ORIENTED_EDGE ( 'NONE', *, *, #5876, .T. ) ;
#6850 = DIRECTION ( 'NONE',  ( 1.000000000000000000, 0.0000000000000000000, 0.0000000000000000000 ) ) ;
#6851 = FACE_OUTER_BOUND ( 'NONE', #3381, .T. ) ;
#6852 = VECTOR ( 'NONE', #8533, 1000.000000000000000 ) ;
#6853 = CARTESIAN_POINT ( 'NONE',  ( 20.00000000000006400, 9.141471494914442900, 9.937789666582615300 ) ) ;
#6854 = CARTESIAN_POINT ( 'NONE',  ( -1.999999999871762400, -0.6991244524402843200, -6.965000000000007900 ) ) ;
#6855 = DIRECTION ( 'NONE',  ( 0.0000000000000000000, 0.0000000000000000000, 1.000000000000000000 ) ) ;
#6856 = EDGE_LOOP ( 'NONE', ( #1833, #83 ) ) ;
#6857 =( NAMED_UNIT ( * ) SI_UNIT ( $, .STERADIAN. ) SOLID_ANGLE_UNIT ( ) );
#6858 = ORIENTED_EDGE ( 'NONE', *, *, #7935, .F. ) ;
#6859 = ORIENTED_EDGE ( 'NONE', *, *, #2503, .T. ) ;
#6860 = CARTESIAN_POINT ( 'NONE',  ( 20.00000000000006000, 11.49610083339485200, 8.385334225049915000 ) ) ;
#6861 = LINE ( 'NONE', #3604, #586 ) ;
#6862 = CARTESIAN_POINT ( 'NONE',  ( -1.099999999837564200, -1.092875789857602900E-016, -8.673617379884035500E-016 ) ) ;
#6863 = CARTESIAN_POINT ( 'NONE',  ( 19.40000000000003400, -21.18180002881990700, -25.30490909052403500 ) ) ;
#6864 = CARTESIAN_POINT ( 'NONE',  ( -1.099999999866668500, 0.3019214437018237200, -4.749999999999860600 ) ) ;
#6865 = CYLINDRICAL_SURFACE ( 'NONE', #2074, 1.000000000000000200 ) ;
#6866 = EDGE_CURVE ( 'NONE', #2356, #3112, #9724, .T. ) ;
#6867 = VERTEX_POINT ( 'NONE', #2818 ) ;
#6868 = AXIS2_PLACEMENT_3D ( 'NONE', #7406, #7135, #2758 ) ;
#6869 = CARTESIAN_POINT ( 'NONE',  ( 19.40000000000003100, 33.45550124224145300, -1.726456271134600100 ) ) ;
#6870 = DIRECTION ( 'NONE',  ( 1.000000000000000000, 6.071532165918827900E-018, 5.551115123125788900E-017 ) ) ;
#6871 = EDGE_LOOP ( 'NONE', ( #4139, #8628 ) ) ;
#6872 = DIRECTION ( 'NONE',  ( -1.626303258728255200E-016, 1.000000000000000000, 0.0000000000000000000 ) ) ;
#6873 = DIRECTION ( 'NONE',  ( 1.000000000000000000, 0.0000000000000000000, 0.0000000000000000000 ) ) ;
#6874 = CARTESIAN_POINT ( 'NONE',  ( 3.000000000000000900, -18.91510639674015300, -18.91510639674014300 ) ) ;
#6875 = FACE_OUTER_BOUND ( 'NONE', #9292, .T. ) ;
#6876 = CYLINDRICAL_SURFACE ( 'NONE', #235, 1.250000000000660400 ) ;
#6877 = DIRECTION ( 'NONE',  ( 1.000000000000000000, 3.642919299551294900E-017, 2.775557561562891400E-017 ) ) ;
#6878 = LINE ( 'NONE', #9444, #3502 ) ;
#6879 = EDGE_CURVE ( 'NONE', #513, #6913, #6391, .T. ) ;
#6880 = CARTESIAN_POINT ( 'NONE',  ( 0.1000000000000008100, 26.65000000000000200, -3.998403685112363000 ) ) ;
#6881 = FACE_OUTER_BOUND ( 'NONE', #7382, .T. ) ;
#6882 = FACE_BOUND ( 'NONE', #6856, .T. ) ;
#6883 = CARTESIAN_POINT ( 'NONE',  ( -2.168404344971008900E-016, -25.54745178251605300, -17.82507279710265600 ) ) ;
#6884 = CARTESIAN_POINT ( 'NONE',  ( 21.00000000000005700, -23.20994095747667500, 19.00788175668293100 ) ) ;
#6885 = LINE ( 'NONE', #5538, #9273 ) ;
#6886 = CARTESIAN_POINT ( 'NONE',  ( 0.0000000000000000000, -15.55634918610401500, 15.55634918610525100 ) ) ;
#6887 = DIRECTION ( 'NONE',  ( 0.0000000000000000000, 0.0000000000000000000, -1.000000000000000000 ) ) ;
#6888 = AXIS2_PLACEMENT_3D ( 'NONE', #9491, #3336, #3399 ) ;
#6890 = ORIENTED_EDGE ( 'NONE', *, *, #315, .F. ) ;
#6889 = CARTESIAN_POINT ( 'NONE',  ( 6.400000000000035900, 33.01422896796034200, -0.5523157344803462100 ) ) ;
#6891 = EDGE_CURVE ( 'NONE', #8440, #1960, #9002, .T. ) ;
#6892 = CARTESIAN_POINT ( 'NONE',  ( 20.00000000000006400, 5.412068936923085400, 12.38251315606614100 ) ) ;
#6893 = DIRECTION ( 'NONE',  ( 0.0000000000000000000, 0.0000000000000000000, 1.000000000000000000 ) ) ;
#6894 = VECTOR ( 'NONE', #8520, 1000.000000000000000 ) ;
#6895 = DIRECTION ( 'NONE',  ( 0.0000000000000000000, 0.0000000000000000000, 1.000000000000000000 ) ) ;
#6896 = CARTESIAN_POINT ( 'NONE',  ( 0.0000000000000000000, -18.91510639674090700, -17.66510639673872200 ) ) ;
#6897 = ORIENTED_EDGE ( 'NONE', *, *, #341, .F. ) ;
#6898 = EDGE_LOOP ( 'NONE', ( #8135, #8409, #8964, #749 ) ) ;
#6899 = CARTESIAN_POINT ( 'NONE',  ( 24.00000000000006000, 16.86094788897911200, 14.13182353007320600 ) ) ;
#6900 = DIRECTION ( 'NONE',  ( 0.0000000000000000000, 0.0000000000000000000, 1.000000000000000000 ) ) ;
#6901 = EDGE_LOOP ( 'NONE', ( #8706, #5660, #8021, #4676 ) ) ;
#6902 = VERTEX_POINT ( 'NONE', #5170 ) ;
#6903 = DIRECTION ( 'NONE',  ( 0.0000000000000000000, 0.0000000000000000000, -1.000000000000000000 ) ) ;
#6904 = CARTESIAN_POINT ( 'NONE',  ( 19.40000000000004100, -28.75927479704791500, -16.18348521618646200 ) ) ;
#6905 = CARTESIAN_POINT ( 'NONE',  ( 0.2000000000000017900, 18.86782200203352000, -7.897973624981350600 ) ) ;
#6906 = AXIS2_PLACEMENT_3D ( 'NONE', #8122, #5813, #9615 ) ;
#6907 = B_SPLINE_CURVE_WITH_KNOTS ( 'NONE', 3,
 ( #6973, #6208, #768, #7725, #1874, #8825 ),
 .UNSPECIFIED., .F., .F.,
 ( 4, 2, 4 ),
 ( 1.414014805100956800E-015, 0.0005571810776118315800, 0.001114362155222249200 ),
 .UNSPECIFIED. ) ;
#6908 = CARTESIAN_POINT ( 'NONE',  ( 19.40000000000003800, 32.76686362516823400, 7.343841400193626100 ) ) ;
#6909 = CARTESIAN_POINT ( 'NONE',  ( 1.282376982381094900E-010, -1.092875789857602900E-016, -9.992007221555231900E-016 ) ) ;
#6910 = ORIENTED_EDGE ( 'NONE', *, *, #911, .F. ) ;
#6911 = DIRECTION ( 'NONE',  ( 0.0000000000000000000, 0.0000000000000000000, 1.000000000000000000 ) ) ;
#6912 = DIRECTION ( 'NONE',  ( -1.000000000000000000, -0.0000000000000000000, -0.0000000000000000000 ) ) ;
#6913 = VERTEX_POINT ( 'NONE', #2852 ) ;
#6914 = CARTESIAN_POINT ( 'NONE',  ( 0.1999999999999987900, 1.510589788882745000E-015, 12.33490170336848400 ) ) ;
#6915 = VERTEX_POINT ( 'NONE', #6652 ) ;
#6916 = EDGE_CURVE ( 'NONE', #2568, #3523, #7974, .T. ) ;
#6917 = DIRECTION ( 'NONE',  ( 1.000000000000000000, 6.071532165918827900E-018, 5.551115123125788900E-017 ) ) ;
#6918 = CARTESIAN_POINT ( 'NONE',  ( -1.025933137134467500, -0.3594828967253826900, 5.312588547712201700 ) ) ;
#6919 = ORIENTED_EDGE ( 'NONE', *, *, #1172, .F. ) ;
#6920 = ORIENTED_EDGE ( 'NONE', *, *, #5193, .T. ) ;
#6921 = AXIS2_PLACEMENT_3D ( 'NONE', #3151, #3916, #7840 ) ;
#6922 = EDGE_LOOP ( 'NONE', ( #3562, #980, #3188, #4658 ) ) ;
#6923 = VERTEX_POINT ( 'NONE', #9016 ) ;
#6924 = CARTESIAN_POINT ( 'NONE',  ( -2.168404344971008900E-016, -30.63493706880053900, 5.636970309626483400 ) ) ;
#6925 = CARTESIAN_POINT ( 'NONE',  ( 11.17070943148337400, -1.092875789857602900E-016, -9.992007221555231900E-016 ) ) ;
#6926 = DIRECTION ( 'NONE',  ( 1.000000000000000000, 0.0000000000000000000, 0.0000000000000000000 ) ) ;
#6927 = CARTESIAN_POINT ( 'NONE',  ( 6.400000000000036800, 32.58939096743591800, -5.380564614857210200 ) ) ;
#6928 = CYLINDRICAL_SURFACE ( 'NONE', #218, 1.000000000000000000 ) ;
#6929 = CARTESIAN_POINT ( 'NONE',  ( 20.00000000000006400, -0.7862396083338565300, 13.48070918585616900 ) ) ;
#6930 = EDGE_CURVE ( 'NONE', #9252, #6789, #97, .T. ) ;
#6931 = VERTEX_POINT ( 'NONE', #8950 ) ;
#6932 = EDGE_CURVE ( 'NONE', #7104, #6317, #9612, .T. ) ;
#6933 = DIRECTION ( 'NONE',  ( 0.0000000000000000000, 0.0000000000000000000, 1.000000000000000000 ) ) ;
#6934 = CARTESIAN_POINT ( 'NONE',  ( 0.0000000000000000000, 0.0000000000000000000, 0.0000000000000000000 ) ) ;
#6935 = CARTESIAN_POINT ( 'NONE',  ( 6.400000000000037700, 22.71019196451635800, -23.94276378802532800 ) ) ;
#6936 = CARTESIAN_POINT ( 'NONE',  ( 1.000000000128238500, -1.092875789857602900E-016, 6.249999999999999100 ) ) ;
#6937 = DIRECTION ( 'NONE',  ( 0.0000000000000000000, -1.000000000000000000, 0.0000000000000000000 ) ) ;
#6938 = CARTESIAN_POINT ( 'NONE',  ( 19.40000000000003400, -15.83041049964713300, -28.95512464213212700 ) ) ;
#6939 = DIRECTION ( 'NONE',  ( 1.000000000000000000, -0.0000000000000000000, -0.0000000000000000000 ) ) ;
#6940 = COORDINATED_UNIVERSAL_TIME_OFFSET ( 8, 0, .AHEAD. ) ;
#6941 = CIRCLE ( 'NONE', #2024, 31.50000000000000700 ) ;
#6942 = VERTEX_POINT ( 'NONE', #5901 ) ;
#6943 = ORIENTED_EDGE ( 'NONE', *, *, #4294, .T. ) ;
#6944 = CARTESIAN_POINT ( 'NONE',  ( 19.40000000000003400, 31.48116749045875600, -11.53402109765896100 ) ) ;
#6945 = CARTESIAN_POINT ( 'NONE',  ( 6.400000000000035000, 34.00000000000000000, -3.386180225106705600E-016 ) ) ;
#6946 = EDGE_CURVE ( 'NONE', #8733, #3295, #4326, .T. ) ;
#6947 = APPROVAL_PERSON_ORGANIZATION ( #3096, #2668, #5479 ) ;
#6948 = ORIENTED_EDGE ( 'NONE', *, *, #299, .T. ) ;
#6949 = AXIS2_PLACEMENT_3D ( 'NONE', #410, #515, #5822 ) ;
#6950 = CARTESIAN_POINT ( 'NONE',  ( -2.168404344971009900E-016, -31.14923515654734500, 0.9524431135904007900 ) ) ;
#6951 = EDGE_CURVE ( 'NONE', #479, #4869, #8673, .T. ) ;
#6952 = CARTESIAN_POINT ( 'NONE',  ( 0.2000000000000019500, 19.50000000000001800, 7.999999999999996400 ) ) ;
#6953 = CIRCLE ( 'NONE', #9921, 1.000000000000000900 ) ;
#6954 = CARTESIAN_POINT ( 'NONE',  ( 6.501000000000001200, -18.91510639674033800, 18.91510639673995400 ) ) ;
#6955 = ORIENTED_EDGE ( 'NONE', *, *, #4835, .F. ) ;
#6956 = CARTESIAN_POINT ( 'NONE',  ( 20.00000000000006000, -8.671800802545211800, 10.34649075005549400 ) ) ;
#6957 = AXIS2_PLACEMENT_3D ( 'NONE', #1157, #4260, #5824 ) ;
#6958 = DIRECTION ( 'NONE',  ( 6.123233995736767300E-017, -1.000000000000000000, 0.0000000000000000000 ) ) ;
#6959 = PERSON_AND_ORGANIZATION_ROLE ( 'creator' ) ;
#6960 = CIRCLE ( 'NONE', #4233, 1.249999999999796400 ) ;
#6961 = DIRECTION ( 'NONE',  ( 0.0000000000000000000, 0.0000000000000000000, -1.000000000000000000 ) ) ;
#6962 = CARTESIAN_POINT ( 'NONE',  ( 19.40000000000003400, -7.389260922706865700, -32.24266897477327400 ) ) ;
#6963 = EDGE_CURVE ( 'NONE', #2189, #6031, #3853, .T. ) ;
#6964 = EDGE_CURVE ( 'NONE', #8937, #5399, #6633, .T. ) ;
#6965 = VERTEX_POINT ( 'NONE', #6810 ) ;
#6966 = CARTESIAN_POINT ( 'NONE',  ( 19.40000000000003400, 33.13710004584698500, 4.918090159609531200 ) ) ;
#6967 = DIRECTION ( 'NONE',  ( -1.000000000000000000, -0.0000000000000000000, -0.0000000000000000000 ) ) ;
#6968 = LINE ( 'NONE', #10001, #8201 ) ;
#6969 = DIRECTION ( 'NONE',  ( 0.0000000000000000000, 0.0000000000000000000, -1.000000000000000000 ) ) ;
#6970 = DIRECTION ( 'NONE',  ( 1.000000000000000000, 1.679403124341539000E-016, -1.865376329483173100E-017 ) ) ;
#6971 = LINE ( 'NONE', #2685, #6840 ) ;
#6972 = AXIS2_PLACEMENT_3D ( 'NONE', #3119, #8532, #4597 ) ;
#6973 = CARTESIAN_POINT ( 'NONE',  ( -1.099999999832333500, 1.187298658375952600E-014, -5.249999999994771300 ) ) ;
#6974 = CARTESIAN_POINT ( 'NONE',  ( 6.399999999999979000, 0.0000000000000000000, 0.0000000000000000000 ) ) ;
#6975 = VECTOR ( 'NONE', #4803, 1000.000000000000000 ) ;
#6976 = CIRCLE ( 'NONE', #6086, 1.250000000000955200 ) ;
#6977 = CC_DESIGN_PERSON_AND_ORGANIZATION_ASSIGNMENT ( #2979, #4762, ( #9336 ) ) ;
#6978 = ADVANCED_FACE ( 'NONE', ( #462 ), #9853, .T. ) ;
#6979 = CARTESIAN_POINT ( 'NONE',  ( -2.168404344971009400E-016, -25.81195150592313000, -17.43702778568889000 ) ) ;
#6980 = DIRECTION ( 'NONE',  ( 1.000000000000000000, 1.679403124341539000E-016, -1.865376329483173100E-017 ) ) ;
#6981 = DIRECTION ( 'NONE',  ( 0.7071067811865475700, 8.659560562354931600E-017, 0.7071067811865474600 ) ) ;
#6982 = DIRECTION ( 'NONE',  ( 0.0000000000000000000, 0.0000000000000000000, -1.000000000000000000 ) ) ;
#6983 = DIRECTION ( 'NONE',  ( 0.0000000000000000000, -1.000000000000000000, 0.0000000000000000000 ) ) ;
#6984 = CARTESIAN_POINT ( 'NONE',  ( 1.200000000000000000, 17.50000000000000000, 5.999999999999979600 ) ) ;
#6985 = ORIENTED_EDGE ( 'NONE', *, *, #7298, .F. ) ;
#6986 = CIRCLE ( 'NONE', #6369, 1.000000000000000000 ) ;
#6987 = VECTOR ( 'NONE', #5424, 1000.000000000000000 ) ;
#6988 = CARTESIAN_POINT ( 'NONE',  ( 20.00000000000006800, -1.480828457428395200, 13.41866345474443800 ) ) ;
#6989 = ORIENTED_EDGE ( 'NONE', *, *, #3796, .T. ) ;
#6990 = CARTESIAN_POINT ( 'NONE',  ( 6.899999999999971000, 1.281707966963490900E-047, -8.673617379884035500E-016 ) ) ;
#6991 = PERSON_AND_ORGANIZATION_ROLE ( 'classification_officer' ) ;
#6992 = CARTESIAN_POINT ( 'NONE',  ( 21.00000000000006000, 16.86094788897911200, 15.38182353007320900 ) ) ;
#6993 = ORIENTED_EDGE ( 'NONE', *, *, #3975, .F. ) ;
#6994 = CARTESIAN_POINT ( 'NONE',  ( -0.5999999998557563600, 5.689999999991783000, -0.8284926070827016700 ) ) ;
#6995 = CARTESIAN_POINT ( 'NONE',  ( 20.00000000000006000, -9.442656816556578300, 9.663647209440275900 ) ) ;
#6996 = CARTESIAN_POINT ( 'NONE',  ( 19.40000000000003800, 3.833498260413531300, -32.77665439218819200 ) ) ;
#6997 = DIRECTION ( 'NONE',  ( 1.000000000000000000, 6.071532165918827900E-018, 5.551115123125788900E-017 ) ) ;
#6998 = FACE_OUTER_BOUND ( 'NONE', #4498, .T. ) ;
#6999 = CIRCLE ( 'NONE', #6000, 1.249999999999997600 ) ;
#7000 = FACE_OUTER_BOUND ( 'NONE', #3209, .T. ) ;
#7001 = AXIS2_PLACEMENT_3D ( 'NONE', #9919, #2919, #8324 ) ;
#7002 = VERTEX_POINT ( 'NONE', #6043 ) ;
#7003 = ORIENTED_EDGE ( 'NONE', *, *, #9262, .F. ) ;
#7004 = CARTESIAN_POINT ( 'NONE',  ( 19.40000000000003800, -17.48784841234889200, 28.57382171740330500 ) ) ;
#7005 = DIRECTION ( 'NONE',  ( 0.0000000000000000000, 0.0000000000000000000, -1.000000000000000000 ) ) ;
#7006 = DIRECTION ( 'NONE',  ( 0.0000000000000000000, -0.0000000000000000000, 1.000000000000000000 ) ) ;
#7007 = DIRECTION ( 'NONE',  ( -1.000000000000000000, 0.0000000000000000000, 0.0000000000000000000 ) ) ;
#7008 = CYLINDRICAL_SURFACE ( 'NONE', #641, 2.999999999999999100 ) ;
#7009 = EDGE_CURVE ( 'NONE', #9015, #1444, #3745, .T. ) ;
#7010 = ORIENTED_EDGE ( 'NONE', *, *, #1390, .T. ) ;
#7011 = CYLINDRICAL_SURFACE ( 'NONE', #8731, 0.7500000000000006700 ) ;
#7012 = ORIENTED_EDGE ( 'NONE', *, *, #5658, .F. ) ;
#7013 = ADVANCED_FACE ( 'NONE', ( #8218 ), #3498, .F. ) ;
#7014 = DIRECTION ( 'NONE',  ( 7.228014483236698300E-017, -1.000000000000000000, 0.0000000000000000000 ) ) ;
#7015 = DIRECTION ( 'NONE',  ( -1.000000000000000000, -0.0000000000000000000, -0.0000000000000000000 ) ) ;
#7016 = AXIS2_PLACEMENT_3D ( 'NONE', #2543, #8559, #9320 ) ;
#7017 =( BOUNDED_SURFACE ( )  B_SPLINE_SURFACE ( 3, 3, ( 
 ( #8921, #7502, #7540, #468 ),
 ( #7397, #8188, #2926, #4351 ),
 ( #5173, #8297, #4313, #6688 ),
 ( #6753, #2857, #4420, #1292 ) ),
 .UNSPECIFIED., .F., .F., .F. ) 
 B_SPLINE_SURFACE_WITH_KNOTS ( ( 4, 4 ),
 ( 4, 4 ),
 ( 0.0000000000000000000, 1.000000000000000000 ),
 ( 0.0000000000000000000, 1.000000000000000000 ),
 .UNSPECIFIED. ) 
 GEOMETRIC_REPRESENTATION_ITEM ( )  RATIONAL_B_SPLINE_SURFACE ( (
 ( 1.000000000000000000, 0.3333333333333334300, 0.3333333333333334300, 1.000000000000000000),
 ( 0.9624188794402763800, 0.3208062931467589000, 0.3208062931467589000, 0.9624188794402763800),
 ( 0.9624188794402763800, 0.3208062931467589000, 0.3208062931467589000, 0.9624188794402763800),
 ( 1.000000000000000000, 0.3333333333333334300, 0.3333333333333334300, 1.000000000000000000) ) ) 
 REPRESENTATION_ITEM ( '' )  SURFACE ( )  );
#7018 = CARTESIAN_POINT ( 'NONE',  ( 6.400000000000035900, 30.44903640787057200, -12.76223058852879300 ) ) ;
#7019 = ORIENTED_EDGE ( 'NONE', *, *, #5989, .F. ) ;
#7020 = EDGE_CURVE ( 'NONE', #5703, #3665, #4583, .T. ) ;
#7021 = ORIENTED_EDGE ( 'NONE', *, *, #528, .F. ) ;
#7022 = ORIENTED_EDGE ( 'NONE', *, *, #8642, .F. ) ;
#7023 = CARTESIAN_POINT ( 'NONE',  ( 0.4999999999999986100, 21.91510639674002200, 18.91510639674027400 ) ) ;
#7024 = DIRECTION ( 'NONE',  ( 1.000000000000000000, 6.071532165918827900E-018, 5.551115123125788900E-017 ) ) ;
#7025 = APPLICATION_CONTEXT ( 'configuration controlled 3d designs of mechanical parts and assemblies' ) ;
#7026 = CARTESIAN_POINT ( 'NONE',  ( 8.999999999997106300, -4.604675001359982600, -5.005620109791711200 ) ) ;
#7027 = DIRECTION ( 'NONE',  ( -1.000000000000000000, -0.0000000000000000000, -0.0000000000000000000 ) ) ;
#7028 = ORIENTED_EDGE ( 'NONE', *, *, #743, .T. ) ;
#7029 = CARTESIAN_POINT ( 'NONE',  ( 20.00000000000006400, -12.43820660082620400, -5.280052264340959300 ) ) ;
#7031 = ORIENTED_EDGE ( 'NONE', *, *, #8123, .T. ) ;
#7030 = CARTESIAN_POINT ( 'NONE',  ( 0.1000000000000017800, 19.96667702163212600, -2.581566074340896200E-015 ) ) ;
#7032 = DIRECTION ( 'NONE',  ( 0.0000000000000000000, 0.0000000000000000000, 1.000000000000000000 ) ) ;
#7033 = ORIENTED_EDGE ( 'NONE', *, *, #9978, .T. ) ;
#7034 = ORIENTED_EDGE ( 'NONE', *, *, #4472, .F. ) ;
#7035 = ADVANCED_FACE ( 'NONE', ( #212 ), #342, .F. ) ;
#7036 = PERSON ( 'NAUO-PER2', 'UNSPECIFIED', 'UNSPECIFIED', ('UNSPECIFIED'), ('UNSPECIFIED'), ('UNSPECIFIED') ) ;
#7037 = DIRECTION ( 'NONE',  ( 1.000000000000000000, 0.0000000000000000000, 0.0000000000000000000 ) ) ;
#7038 = DIRECTION ( 'NONE',  ( -1.000000000000000000, -0.0000000000000000000, -0.0000000000000000000 ) ) ;
#7039 = ORIENTED_EDGE ( 'NONE', *, *, #5238, .F. ) ;
#7040 = CIRCLE ( 'NONE', #8663, 2.000000000000000000 ) ;
#7041 = ORIENTED_EDGE ( 'NONE', *, *, #4812, .F. ) ;
#7042 = AXIS2_PLACEMENT_3D ( 'NONE', #5095, #5966, #3506 ) ;
#7043 = ORIENTED_EDGE ( 'NONE', *, *, #3125, .T. ) ;
#7044 = DIRECTION ( 'NONE',  ( 0.0000000000000000000, 0.0000000000000000000, 1.000000000000000000 ) ) ;
#7045 = AXIS2_PLACEMENT_3D ( 'NONE', #9880, #8465, #2358 ) ;
#7046 = FACE_BOUND ( 'NONE', #6065, .T. ) ;
#7047 = ORIENTED_EDGE ( 'NONE', *, *, #7925, .F. ) ;
#7048 = CARTESIAN_POINT ( 'NONE',  ( 23.31307791393078300, 0.0000000000000000000, -17.99999999999990100 ) ) ;
#7049 = DIRECTION ( 'NONE',  ( 0.0000000000000000000, 0.0000000000000000000, 1.000000000000000000 ) ) ;
#7050 = DIRECTION ( 'NONE',  ( 1.000000000000000000, 0.0000000000000000000, 0.0000000000000000000 ) ) ;
#7051 = ORIENTED_EDGE ( 'NONE', *, *, #6964, .T. ) ;
#7052 = CARTESIAN_POINT ( 'NONE',  ( -2.168404344971008900E-016, 28.50000000000000000, 5.999999999999989300 ) ) ;
#7053 = CARTESIAN_POINT ( 'NONE',  ( 6.400000000000034100, 19.10804367671563900, 26.90521664907212000 ) ) ;
#7054 = CC_DESIGN_SECURITY_CLASSIFICATION ( #520, ( #10006 ) ) ;
#7055 = DIRECTION ( 'NONE',  ( 1.000000000000000000, 1.679403124341539000E-016, -1.865376329483173100E-017 ) ) ;
#7056 = DATE_AND_TIME ( #5263, #407 ) ;
#7057 = VECTOR ( 'NONE', #4715, 1000.000000000000000 ) ;
#7058 = EDGE_CURVE ( 'NONE', #5475, #6676, #955, .T. ) ;
#7059 = EDGE_CURVE ( 'NONE', #8521, #3416, #7723, .T. ) ;
#7060 = CARTESIAN_POINT ( 'NONE',  ( 0.4999999999881762400, 18.91510639674002500, 18.91510639674027400 ) ) ;
#7061 = APPROVAL_ROLE ( '' ) ;
#7062 = VERTEX_POINT ( 'NONE', #1631 ) ;
#7063 = CARTESIAN_POINT ( 'NONE',  ( 8.999999999997104500, -5.871826980071478600, 3.429993627958521700 ) ) ;
#7064 = CARTESIAN_POINT ( 'NONE',  ( -1.083591164133293600, 5.263738473012365300, 0.1877668349369437700 ) ) ;
#7065 = ADVANCED_FACE ( 'NONE', ( #7860 ), #5670, .F. ) ;
#7066 = CARTESIAN_POINT ( 'NONE',  ( 20.00000000000005700, -13.44823423611035200, -1.191459630855557600 ) ) ;
#7067 = DIRECTION ( 'NONE',  ( 0.0000000000000000000, 0.0000000000000000000, 1.000000000000000000 ) ) ;
#7068 = CIRCLE ( 'NONE', #8716, 1.000000000000000200 ) ;
#7069 = EDGE_CURVE ( 'NONE', #9670, #3308, #9975, .T. ) ;
#7070 = CARTESIAN_POINT ( 'NONE',  ( 19.40000000000002700, -7.343841399962260000, 32.76686362523631100 ) ) ;
#7071 = CARTESIAN_POINT ( 'NONE',  ( 0.0000000000000000000, 23.50000000000001400, -5.000000000000000000 ) ) ;
#7072 = ORIENTED_EDGE ( 'NONE', *, *, #9650, .F. ) ;
#7073 = CARTESIAN_POINT ( 'NONE',  ( 19.40000000000003400, -11.41530169733129800, 30.98123640677872000 ) ) ;
#7074 = DIRECTION ( 'NONE',  ( 0.0000000000000000000, 0.0000000000000000000, -1.000000000000000000 ) ) ;
#7075 = VERTEX_POINT ( 'NONE', #2956 ) ;
#7076 = LINE ( 'NONE', #7591, #303 ) ;
#7077 = ADVANCED_FACE ( 'NONE', ( #2046 ), #7607, .F. ) ;
#7078 = AXIS2_PLACEMENT_3D ( 'NONE', #8655, #6310, #4815 ) ;
#7079 = EDGE_CURVE ( 'NONE', #7391, #2061, #33, .T. ) ;
#7080 = ADVANCED_FACE ( 'NONE', ( #7357, #3611 ), #7773, .F. ) ;
#7081 = DIRECTION ( 'NONE',  ( -1.000000000000000000, -0.0000000000000000000, -0.0000000000000000000 ) ) ;
#7082 = EDGE_CURVE ( 'NONE', #3523, #1805, #3263, .T. ) ;
#7083 = ORIENTED_EDGE ( 'NONE', *, *, #3937, .T. ) ;
#7084 = DIRECTION ( 'NONE',  ( 1.000000000000000000, -0.0000000000000000000, 0.0000000000000000000 ) ) ;
#7085 = CARTESIAN_POINT ( 'NONE',  ( 23.50000000000006400, -1.669671345628546100E-017, -11.04999999999995500 ) ) ;
#7086 = CARTESIAN_POINT ( 'NONE',  ( 6.400000000000035900, 31.70650154895304200, 9.427818365319399900 ) ) ;
#7087 = CIRCLE ( 'NONE', #5357, 33.99999999999988600 ) ;
#7088 = CIRCLE ( 'NONE', #2730, 29.99999999999997900 ) ;
#7089 = DIRECTION ( 'NONE',  ( -1.000000000000000000, 0.0000000000000000000, 0.0000000000000000000 ) ) ;
#7090 = APPROVAL_STATUS ( 'not_yet_approved' ) ;
#7091 = VERTEX_POINT ( 'NONE', #5641 ) ;
#7092 = CARTESIAN_POINT ( 'NONE',  ( 8.999999999997104500, -6.790284991404016400, -0.3959148961589213400 ) ) ;
#7093 = LINE ( 'NONE', #5469, #3594 ) ;
#7094 = CARTESIAN_POINT ( 'NONE',  ( -0.5999999998666412100, -1.092875789857602900E-016, -9.992007221555231900E-016 ) ) ;
#7095 = DIRECTION ( 'NONE',  ( 1.000000000000000000, 0.0000000000000000000, 0.0000000000000000000 ) ) ;
#7096 = CARTESIAN_POINT ( 'NONE',  ( 0.0000000000000000000, -10.60660171779941200, -11.85660171779701200 ) ) ;
#7097 = FACE_OUTER_BOUND ( 'NONE', #6871, .T. ) ;
#7098 = EDGE_CURVE ( 'NONE', #8258, #7417, #9373, .T. ) ;
#7099 = EDGE_LOOP ( 'NONE', ( #2768, #9077, #3644, #7648 ) ) ;
#7100 = CARTESIAN_POINT ( 'NONE',  ( -1.100000000000000100, 0.0000000000000000000, -7.499999999999992900 ) ) ;
#7101 = ORIENTED_EDGE ( 'NONE', *, *, #8138, .T. ) ;
#7102 = ORIENTED_EDGE ( 'NONE', *, *, #6261, .T. ) ;
#7103 = CARTESIAN_POINT ( 'NONE',  ( 6.400000000000030600, -2.218336083474268500E-017, -8.852890747202899400E-016 ) ) ;
#7104 = VERTEX_POINT ( 'NONE', #9441 ) ;
#7105 = CARTESIAN_POINT ( 'NONE',  ( 20.00000000000006000, -11.49610083339478300, -8.385334225049993200 ) ) ;
#7106 = CIRCLE ( 'NONE', #3092, 1.249999999999999300 ) ;
#7107 = AXIS2_PLACEMENT_3D ( 'NONE', #890, #5515, #6325 ) ;
#7108 = CONICAL_SURFACE ( 'NONE', #6269, 3.000000000007142700, 0.7853981633974481700 ) ;
#7109 = EDGE_LOOP ( 'NONE', ( #606, #11, #6943, #2581 ) ) ;
#7110 = CARTESIAN_POINT ( 'NONE',  ( 1.699756038043516400, 0.0000000000000000000, 0.0000000000000000000 ) ) ;
#7111 = ORIENTED_EDGE ( 'NONE', *, *, #3397, .F. ) ;
#7112 = ADVANCED_FACE ( 'NONE', ( #1196 ), #1564, .T. ) ;
#7113 = ORIENTED_EDGE ( 'NONE', *, *, #4382, .T. ) ;
#7114 = VECTOR ( 'NONE', #111, 1000.000000000000000 ) ;
#7115 = CC_DESIGN_PERSON_AND_ORGANIZATION_ASSIGNMENT ( #40, #6991, ( #4395 ) ) ;
#7116 = VECTOR ( 'NONE', #1184, 1000.000000000000000 ) ;
#7117 = CARTESIAN_POINT ( 'NONE',  ( 2.480624847486558400, 4.163799117100980000E-015, 33.99999999999982900 ) ) ;
#7118 = LINE ( 'NONE', #4955, #3970 ) ;
#7119 = CARTESIAN_POINT ( 'NONE',  ( 19.40000000000003100, -33.45017453979547600, 1.826745652202186800 ) ) ;
#7120 = EDGE_CURVE ( 'NONE', #9364, #2583, #1565, .T. ) ;
#7121 = CARTESIAN_POINT ( 'NONE',  ( 5.399999999999978200, 0.0000000000000000000, 0.0000000000000000000 ) ) ;
#7122 = CARTESIAN_POINT ( 'NONE',  ( 6.400000000000032300, -4.912150553556363000, 32.63243429383069800 ) ) ;
#7123 = DIRECTION ( 'NONE',  ( -1.000000000000000000, -0.0000000000000000000, -0.0000000000000000000 ) ) ;
#7124 = CIRCLE ( 'NONE', #7715, 1.499999999999990900 ) ;
#7125 = LINE ( 'NONE', #8918, #1466 ) ;
#7126 = CARTESIAN_POINT ( 'NONE',  ( 1.282372645572404900E-010, 0.8284926070882483500, 5.689999999999894700 ) ) ;
#7127 = FACE_OUTER_BOUND ( 'NONE', #6217, .T. ) ;
#7128 = ADVANCED_FACE ( 'NONE', ( #5067 ), #5425, .T. ) ;
#7129 = EDGE_LOOP ( 'NONE', ( #648, #7282, #3425, #6791 ) ) ;
#7130 = VERTEX_POINT ( 'NONE', #181 ) ;
#7131 = CARTESIAN_POINT ( 'NONE',  ( 8.999999999997106300, -6.732604824617299100, 1.063751759715738400 ) ) ;
#7132 = DIRECTION ( 'NONE',  ( 0.0000000000000000000, 0.0000000000000000000, -1.000000000000000000 ) ) ;
#7133 = CARTESIAN_POINT ( 'NONE',  ( 20.00000000000006400, -12.08858131083500700, 6.026992397856204800 ) ) ;
#7134 = CARTESIAN_POINT ( 'NONE',  ( 23.70000000000010600, 2.853620117981906700E-017, -25.99999999999989000 ) ) ;
#7135 = DIRECTION ( 'NONE',  ( 1.000000000000000000, 0.0000000000000000000, 0.0000000000000000000 ) ) ;
#7136 = ADVANCED_FACE ( 'NONE', ( #1321 ), #3375, .F. ) ;
#7137 = CARTESIAN_POINT ( 'NONE',  ( 0.8279747932940605400, 30.39954121980050400, 5.121788281762140300 ) ) ;
#7138 = ORIENTED_EDGE ( 'NONE', *, *, #8372, .F. ) ;
#7139 = CYLINDRICAL_SURFACE ( 'NONE', #2190, 1.249999999999997600 ) ;
#7140 = AXIS2_PLACEMENT_3D ( 'NONE', #1228, #8131, #5855 ) ;
#7141 = EDGE_LOOP ( 'NONE', ( #2131, #6188, #129, #9395 ) ) ;
#7142 = DIRECTION ( 'NONE',  ( 0.0000000000000000000, 0.0000000000000000000, 1.000000000000000000 ) ) ;
#7143 = ORIENTED_EDGE ( 'NONE', *, *, #3094, .T. ) ;
#7144 = DIRECTION ( 'NONE',  ( 0.0000000000000000000, 0.0000000000000000000, -1.000000000000000000 ) ) ;
#7145 = ORIENTED_EDGE ( 'NONE', *, *, #2275, .T. ) ;
#7146 = EDGE_CURVE ( 'NONE', #2449, #1720, #7477, .T. ) ;
#7147 = VERTEX_POINT ( 'NONE', #8621 ) ;
#7148 = VERTEX_POINT ( 'NONE', #2505 ) ;
#7149 = ORIENTED_EDGE ( 'NONE', *, *, #5618, .F. ) ;
#7150 = VERTEX_POINT ( 'NONE', #5673 ) ;
#7151 = EDGE_LOOP ( 'NONE', ( #9550, #5, #5863, #9816 ) ) ;
#7152 = DIRECTION ( 'NONE',  ( 1.000000000000000000, 0.0000000000000000000, -0.0000000000000000000 ) ) ;
#7153 = CARTESIAN_POINT ( 'NONE',  ( 5.000000000000000000, -9.024091943764450000, -11.18103027596421300 ) ) ;
#7154 = CARTESIAN_POINT ( 'NONE',  ( 19.40000000000003400, -24.47545714160017700, -22.87440642080654000 ) ) ;
#7155 = DIRECTION ( 'NONE',  ( 0.0000000000000000000, 0.0000000000000000000, 1.000000000000000000 ) ) ;
#7156 = AXIS2_PLACEMENT_3D ( 'NONE', #6535, #1917, #7316 ) ;
#7157 = CARTESIAN_POINT ( 'NONE',  ( 6.400000000000035000, 23.79735449051742400, 22.86234902414744900 ) ) ;
#7158 = ORIENTED_EDGE ( 'NONE', *, *, #4130, .F. ) ;
#7159 = ORIENTED_EDGE ( 'NONE', *, *, #9132, .T. ) ;
#7160 = ORIENTED_EDGE ( 'NONE', *, *, #1951, .T. ) ;
#7161 = ORIENTED_EDGE ( 'NONE', *, *, #5669, .F. ) ;
#7162 = CARTESIAN_POINT ( 'NONE',  ( -0.5999999998557564700, -0.8284926070827594000, 5.689999999991774100 ) ) ;
#7163 = EDGE_CURVE ( 'NONE', #5845, #8510, #3976, .T. ) ;
#7164 = AXIS2_PLACEMENT_3D ( 'NONE', #789, #3165, #1578 ) ;
#7165 = CARTESIAN_POINT ( 'NONE',  ( 8.999999999997106300, -4.867784729415494600, -4.756142723031779000 ) ) ;
#7166 = CARTESIAN_POINT ( 'NONE',  ( 1.000000000128238500, 7.952956208293381100, -3.000284323785150900 ) ) ;
#7167 = ADVANCED_FACE ( 'NONE', ( #3969 ), #4571, .F. ) ;
#7168 = CARTESIAN_POINT ( 'NONE',  ( 6.400000000000036800, -34.00000000000000000, 3.825181094590329700E-015 ) ) ;
#7169 = CARTESIAN_POINT ( 'NONE',  ( 6.500999999999997700, -15.55634918610525300, -15.55634918610283700 ) ) ;
#7170 = CARTESIAN_POINT ( 'NONE',  ( -0.5999999998557562500, -5.689999999991777600, 0.8284926070827398600 ) ) ;
#7171 = VECTOR ( 'NONE', #7239, 1000.000000000000000 ) ;
#7172 = AXIS2_PLACEMENT_3D ( 'NONE', #8330, #611, #544 ) ;
#7173 = ORIENTED_EDGE ( 'NONE', *, *, #2465, .F. ) ;
#7174 = ORIENTED_EDGE ( 'NONE', *, *, #3317, .T. ) ;
#7175 = CARTESIAN_POINT ( 'NONE',  ( 1.282376982381094900E-010, -6.250000000000000000, -2.282095908992510600E-014 ) ) ;
#7176 = DIRECTION ( 'NONE',  ( 0.0000000000000000000, 1.224646799147357200E-016, 1.000000000000000000 ) ) ;
#7177 = DIRECTION ( 'NONE',  ( 0.0000000000000000000, -1.000000000000000000, 0.0000000000000000000 ) ) ;
#7178 = CARTESIAN_POINT ( 'NONE',  ( -1.099999999827103500, -5.250000000000002700, 0.1893027508437406800 ) ) ;
#7179 = LOCAL_TIME ( 11, 40, 0.0000000000000000000, #1138 ) ;
#7180 = VECTOR ( 'NONE', #7596, 1000.000000000000000 ) ;
#7181 = ADVANCED_FACE ( 'NONE', ( #8103 ), #9141, .F. ) ;
#7182 = ORIENTED_EDGE ( 'NONE', *, *, #9558, .T. ) ;
#7183 = AXIS2_PLACEMENT_3D ( 'NONE', #66, #6332, #5597 ) ;
#7184 = ADVANCED_FACE ( 'NONE', ( #4212 ), #7348, .F. ) ;
#7185 = DIRECTION ( 'NONE',  ( 0.0000000000000000000, 0.0000000000000000000, -1.000000000000000000 ) ) ;
#7186 = DIRECTION ( 'NONE',  ( 1.000000000000000000, 6.123233995736766000E-017, -0.0000000000000000000 ) ) ;
#7187 = CARTESIAN_POINT ( 'NONE',  ( 19.40000000000002700, -32.47260698218941100, 8.232910407414095700 ) ) ;
#7188 = CARTESIAN_POINT ( 'NONE',  ( 6.499999999999998200, 23.50000000000001400, -5.000000000000000000 ) ) ;
#7189 = CARTESIAN_POINT ( 'NONE',  ( 6.400000000000034100, -1.113914918995016600, 33.01442740833109500 ) ) ;
#7190 = ORIENTED_EDGE ( 'NONE', *, *, #9200, .F. ) ;
#7191 = CARTESIAN_POINT ( 'NONE',  ( 1.299999999997001800, 16.86094788897911200, 15.38182353007320700 ) ) ;
#7192 = CARTESIAN_POINT ( 'NONE',  ( -1.100000000000000100, -6.250000000000000000, -1.000000000000022400 ) ) ;
#7193 = AXIS2_PLACEMENT_3D ( 'NONE', #8153, #3515, #3579 ) ;
#7194 = PERSON_AND_ORGANIZATION_ROLE ( 'design_supplier' ) ;
#7195 = AXIS2_PLACEMENT_3D ( 'NONE', #5147, #9069, #2141 ) ;
#7196 = FACE_BOUND ( 'NONE', #1900, .T. ) ;
#7197 = CARTESIAN_POINT ( 'NONE',  ( 24.00000000000006000, -2.216910000805129500E-047, 8.673617379884035500E-016 ) ) ;
#7198 = CARTESIAN_POINT ( 'NONE',  ( 1.000000000128238500, 8.259026333416546400, 2.018039557837934400 ) ) ;
#7199 = ORIENTED_EDGE ( 'NONE', *, *, #6129, .F. ) ;
#7200 = CARTESIAN_POINT ( 'NONE',  ( 20.00000000000006400, 6.621891246170582300, -11.76440370770861300 ) ) ;
#7201 = CARTESIAN_POINT ( 'NONE',  ( 21.00000000000006000, -4.426443588313792300, 29.67361463506661000 ) ) ;
#7202 = CARTESIAN_POINT ( 'NONE',  ( 0.2000000000000020100, 17.65333578218321600, -6.768200000697536500 ) ) ;
#7203 = VERTEX_POINT ( 'NONE', #4172 ) ;
#7204 = CARTESIAN_POINT ( 'NONE',  ( -1.099999999866668300, 3.061172674609124600, 3.638570270403210100 ) ) ;
#7205 = EDGE_CURVE ( 'NONE', #6527, #1408, #4688, .T. ) ;
#7206 = DIRECTION ( 'NONE',  ( 0.0000000000000000000, 0.0000000000000000000, -1.000000000000000000 ) ) ;
#7207 = VECTOR ( 'NONE', #7217, 1000.000000000000000 ) ;
#7208 = DIRECTION ( 'NONE',  ( 1.000000000000000000, 0.0000000000000000000, 0.0000000000000000000 ) ) ;
#7209 = EDGE_LOOP ( 'NONE', ( #1066, #9696, #4988, #4399 ) ) ;
#7210 = CARTESIAN_POINT ( 'NONE',  ( 1.200000000000000000, 26.50000000000000400, 7.999999999999996400 ) ) ;
#7211 = AXIS2_PLACEMENT_3D ( 'NONE', #6123, #2276, #3828 ) ;
#7212 = LINE ( 'NONE', #4607, #3121 ) ;
#7213 = ADVANCED_FACE ( 'NONE', ( #6875 ), #4931, .F. ) ;
#7214 = EDGE_CURVE ( 'NONE', #8196, #9206, #9368, .T. ) ;
#7215 = VECTOR ( 'NONE', #794, 1000.000000000000000 ) ;
#7216 = DIRECTION ( 'NONE',  ( 0.0000000000000000000, 0.0000000000000000000, 1.000000000000000000 ) ) ;
#7217 = DIRECTION ( 'NONE',  ( 1.000000000000000000, 6.071532165918827900E-018, 5.551115123125788900E-017 ) ) ;
#7218 = CARTESIAN_POINT ( 'NONE',  ( 19.40000000000003400, -33.18762128032773300, -4.568177959018164800 ) ) ;
#7219 = CARTESIAN_POINT ( 'NONE',  ( 1.000000000128239000, -8.500016208201882900, 0.2597743521978761500 ) ) ;
#7220 = CARTESIAN_POINT ( 'NONE',  ( -1.084202172485504400E-016, 17.50000000000000000, -5.999999999999998200 ) ) ;
#7221 = EDGE_LOOP ( 'NONE', ( #8580, #5777, #1840, #7012 ) ) ;
#7222 = ORIENTED_EDGE ( 'NONE', *, *, #1781, .F. ) ;
#7223 = FACE_OUTER_BOUND ( 'NONE', #8019, .T. ) ;
#7224 = FACE_OUTER_BOUND ( 'NONE', #3482, .T. ) ;
#7225 = AXIS2_PLACEMENT_3D ( 'NONE', #2120, #5893, #529 ) ;
#7226 = DIRECTION ( 'NONE',  ( 0.0000000000000000000, 0.0000000000000000000, 1.000000000000000000 ) ) ;
#7227 = ADVANCED_FACE ( 'NONE', ( #2657 ), #4533, .T. ) ;
#7228 = CARTESIAN_POINT ( 'NONE',  ( 8.999999999997104500, 1.032200669795626100, -6.725141696191274200 ) ) ;
#7229 = ORIENTED_EDGE ( 'NONE', *, *, #5735, .T. ) ;
#7230 = CARTESIAN_POINT ( 'NONE',  ( 1.000000000128238500, 8.069614187851694700, -2.676814450621060700 ) ) ;
#7231 = DIRECTION ( 'NONE',  ( -1.626303258728255200E-016, 1.000000000000000000, 0.0000000000000000000 ) ) ;
#7232 = CARTESIAN_POINT ( 'NONE',  ( 20.00000000000006400, 5.969653420100732100, -12.11194260129500200 ) ) ;
#7233 = EDGE_LOOP ( 'NONE', ( #2462, #1727, #8100, #8062 ) ) ;
#7234 = CARTESIAN_POINT ( 'NONE',  ( 21.00000000000006400, -15.45887576066991700, 25.71221387314584600 ) ) ;
#7235 = CARTESIAN_POINT ( 'NONE',  ( -2.168404344971008400E-016, 30.45803142761579400, 6.534352418689968200 ) ) ;
#7236 = FACE_OUTER_BOUND ( 'NONE', #3769, .T. ) ;
#7237 = ADVANCED_FACE ( 'NONE', ( #5300 ), #8890, .F. ) ;
#7238 = EDGE_CURVE ( 'NONE', #2451, #5836, #707, .T. ) ;
#7239 = DIRECTION ( 'NONE',  ( -6.123233995736766000E-017, 1.000000000000000000, 0.0000000000000000000 ) ) ;
#7240 = CIRCLE ( 'NONE', #9658, 0.8000000000000003800 ) ;
#7241 = AXIS2_PLACEMENT_3D ( 'NONE', #4505, #9870, #7643 ) ;
#7242 = VERTEX_POINT ( 'NONE', #1135 ) ;
#7243 = ORIENTED_EDGE ( 'NONE', *, *, #2610, .F. ) ;
#7244 = DIRECTION ( 'NONE',  ( 1.000000000000000000, 6.071532165918827900E-018, 5.551115123125788900E-017 ) ) ;
#7245 = CARTESIAN_POINT ( 'NONE',  ( 0.1000000000000009100, 25.90000000000000200, -3.998403685112363000 ) ) ;
#7246 = AXIS2_PLACEMENT_3D ( 'NONE', #7820, #7892, #953 ) ;
#7247 = CARTESIAN_POINT ( 'NONE',  ( 19.40000000000003100, -17.79457310744344400, 28.38324162612385100 ) ) ;
#7248 = CYLINDRICAL_SURFACE ( 'NONE', #7140, 0.7500000000000006700 ) ;
#7249 = CIRCLE ( 'NONE', #6513, 11.85000853396763900 ) ;
#7250 = DESIGN_CONTEXT ( 'detailed design', #122, 'design' ) ;
#7251 = VECTOR ( 'NONE', #2546, 1000.000000000000000 ) ;
#7252 = VERTEX_POINT ( 'NONE', #9639 ) ;
#7253 = CC_DESIGN_DATE_AND_TIME_ASSIGNMENT ( #1641, #3290, ( #520 ) ) ;
#7254 = CARTESIAN_POINT ( 'NONE',  ( 22.10231852694308300, 73.51062783347146000, 17.51628895704393300 ) ) ;
#7255 = CARTESIAN_POINT ( 'NONE',  ( 1.000000000128238500, 0.6991244524403330600, 6.965000000000002500 ) ) ;
#7256 = CARTESIAN_POINT ( 'NONE',  ( 19.40000000000003100, -32.39290058552936800, 8.542804830739893200 ) ) ;
#7257 = FACE_OUTER_BOUND ( 'NONE', #2998, .T. ) ;
#7258 = EDGE_CURVE ( 'NONE', #5711, #7794, #7681, .T. ) ;
#7259 = CARTESIAN_POINT ( 'NONE',  ( 1.000000000128238500, -8.482290318295904200, 0.6479408595341877900 ) ) ;
#7260 = EDGE_CURVE ( 'NONE', #6386, #8943, #6861, .T. ) ;
#7261 = CARTESIAN_POINT ( 'NONE',  ( 6.400000000000035000, -30.03068806515095800, 13.68056191585708000 ) ) ;
#7262 = ORIENTED_EDGE ( 'NONE', *, *, #5971, .T. ) ;
#7263 = FACE_OUTER_BOUND ( 'NONE', #6516, .T. ) ;
#7264 = ORIENTED_EDGE ( 'NONE', *, *, #119, .T. ) ;
#7265 = DIRECTION ( 'NONE',  ( 0.0000000000000000000, 0.0000000000000000000, 1.000000000000000000 ) ) ;
#7266 = CARTESIAN_POINT ( 'NONE',  ( 1.000000000128238500, 8.137551414387001400, 2.482791695294192600 ) ) ;
#7267 = CARTESIAN_POINT ( 'NONE',  ( 20.00000000000006800, -3.023087716210925100, -13.19014236134204200 ) ) ;
#7268 = VERTEX_POINT ( 'NONE', #562 ) ;
#7270 = VERTEX_POINT ( 'NONE', #5834 ) ;
#7269 = CARTESIAN_POINT ( 'NONE',  ( 21.00000000000006400, -7.032599006989070000, 29.19512216355930800 ) ) ;
#7271 = CARTESIAN_POINT ( 'NONE',  ( -2.168404344971008100E-016, 26.64768366556629100, 16.16426840759627800 ) ) ;
#7272 = VERTEX_POINT ( 'NONE', #5161 ) ;
#7273 = VERTEX_POINT ( 'NONE', #4996 ) ;
#7274 = DIRECTION ( 'NONE',  ( 0.0000000000000000000, -1.000000000000000000, 0.0000000000000000000 ) ) ;
#7275 = CARTESIAN_POINT ( 'NONE',  ( 6.500000000000000900, 29.90401310861136300, -6.000000000000000000 ) ) ;
#7276 = DIRECTION ( 'NONE',  ( 1.000000000000000000, 0.0000000000000000000, 0.0000000000000000000 ) ) ;
#7277 = CARTESIAN_POINT ( 'NONE',  ( 0.1500000000000010500, 24.40000000000000600, -4.748403685112363900 ) ) ;
#7278 = CARTESIAN_POINT ( 'NONE',  ( 0.3191358715910878600, 29.90401310861136300, 4.999999999999999100 ) ) ;
#7279 = OPEN_SHELL ( 'NONE', ( #6355, #9452, #4776, #5665, #6430, #5576, #8822, #5606, #1771, #334, #988, #2621, #3345, #4031, #6232, #8545, #8719, #5517, #234, #5714, #6468, #2338, #9500, #7993, #7889, #3442, #2634, #8061, #7065, #1879, #6322, #3224, #9371, #9358, #8760, #2421, #1919, #133, #5620, #4337, #7112, #888, #8732, #4846 ) ) ;
#7280 = CARTESIAN_POINT ( 'NONE',  ( 19.40000000000003400, 1.726456271131791900, 33.45550124224152500 ) ) ;
#7281 = ORIENTED_EDGE ( 'NONE', *, *, #8276, .T. ) ;
#7282 = ORIENTED_EDGE ( 'NONE', *, *, #4151, .F. ) ;
#7283 = CARTESIAN_POINT ( 'NONE',  ( 19.40000000000003400, 2.428612866367647600E-018, 2.220446049250525800E-017 ) ) ;
#7284 = EDGE_CURVE ( 'NONE', #4071, #4651, #2532, .T. ) ;
#7285 = ADVANCED_FACE ( 'NONE', ( #86 ), #6024, .T. ) ;
#7286 = VECTOR ( 'NONE', #9035, 1000.000000000000000 ) ;
#7287 = ORIENTED_EDGE ( 'NONE', *, *, #4816, .F. ) ;
#7288 = DIRECTION ( 'NONE',  ( 1.000000000000000000, -0.0000000000000000000, -0.0000000000000000000 ) ) ;
#7289 = VERTEX_POINT ( 'NONE', #5233 ) ;
#7290 = CARTESIAN_POINT ( 'NONE',  ( 19.40000000000003400, 27.37161942202728300, -19.31438902210188100 ) ) ;
#7291 = VERTEX_POINT ( 'NONE', #2020 ) ;
#7292 = CARTESIAN_POINT ( 'NONE',  ( 1.000000000128238800, -2.903598142560807700, -7.989218698386544300 ) ) ;
#7293 = AXIS2_PLACEMENT_3D ( 'NONE', #8235, #1301, #4904 ) ;
#7294 = CARTESIAN_POINT ( 'NONE',  ( 6.400000000000035900, -26.96308758050631100, 19.02611480216594900 ) ) ;
#7295 = CIRCLE ( 'NONE', #5621, 1.000000000000000000 ) ;
#7296 = EDGE_CURVE ( 'NONE', #5923, #3277, #3250, .T. ) ;
#7297 = ORIENTED_EDGE ( 'NONE', *, *, #894, .T. ) ;
#7298 = EDGE_CURVE ( 'NONE', #1853, #9079, #3734, .T. ) ;
#7299 = AXIS2_PLACEMENT_3D ( 'NONE', #5157, #9729, #6769 ) ;
#7300 = EDGE_LOOP ( 'NONE', ( #6201, #3759 ) ) ;
#7301 = DIRECTION ( 'NONE',  ( -1.000000000000000000, -0.0000000000000000000, -0.0000000000000000000 ) ) ;
#7302 = CARTESIAN_POINT ( 'NONE',  ( 1.000000000128238500, 4.773540549319672100, -7.033399776736556100 ) ) ;
#7303 = CARTESIAN_POINT ( 'NONE',  ( 20.00000000000006000, -5.412068936916886800, -12.38251315606801500 ) ) ;
#7304 = CARTESIAN_POINT ( 'NONE',  ( 0.0000000000000000000, 4.353422915655340400E-014, -6.250000000000000900 ) ) ;
#7305 = CARTESIAN_POINT ( 'NONE',  ( -2.168404344971008900E-016, 16.26878151429255600, 26.56551413201260600 ) ) ;
#7306 = AXIS2_PLACEMENT_3D ( 'NONE', #1449, #5188, #9801 ) ;
#7307 = PERSON_AND_ORGANIZATION ( #6260, #2732 ) ;
#7308 = DIRECTION ( 'NONE',  ( 0.0000000000000000000, 0.0000000000000000000, 1.000000000000000000 ) ) ;
#7309 = VERTEX_POINT ( 'NONE', #1204 ) ;
#7310 = DIRECTION ( 'NONE',  ( 1.000000000000000000, 1.679403124341539000E-016, -1.865376329483173100E-017 ) ) ;
#7311 = CARTESIAN_POINT ( 'NONE',  ( 1.299999999997001800, 11.49610083339485200, 9.635334225049913200 ) ) ;
#7312 = CARTESIAN_POINT ( 'NONE',  ( 23.78885438199990400, -19.54192959671149100, 23.31584850879730900 ) ) ;
#7313 = CARTESIAN_POINT ( 'NONE',  ( 6.400000000000035000, -32.66268667325044800, -4.706822257427728800 ) ) ;
#7314 = APPROVAL ( #1800, 'UNKNOWN' ) ;
#7315 = CARTESIAN_POINT ( 'NONE',  ( 0.1000000000000018700, 19.46667702163212600, -3.998403685112363000 ) ) ;
#7316 = DIRECTION ( 'NONE',  ( 0.0000000000000000000, 0.0000000000000000000, 1.000000000000000000 ) ) ;
#7317 = SHAPE_REPRESENTATION_RELATIONSHIP ( 'NONE' , 'NONE' ,  #4133, #8139 ) ;
#7318 = DIRECTION ( 'NONE',  ( 0.0000000000000000000, -1.000000000000000000, 0.0000000000000000000 ) ) ;
#7319 = ORIENTED_EDGE ( 'NONE', *, *, #6544, .T. ) ;
#7320 = CARTESIAN_POINT ( 'NONE',  ( -1.099999999866668500, -1.501516714310016500, 4.507687359330557100 ) ) ;
#7321 = ORIENTED_EDGE ( 'NONE', *, *, #3794, .F. ) ;
#7322 = CARTESIAN_POINT ( 'NONE',  ( 19.40000000000003400, 23.18218783971520800, -24.18341135853322000 ) ) ;
#7323 = CARTESIAN_POINT ( 'NONE',  ( 1.000000000128238800, -8.430547259540194500, 1.098185498079003300 ) ) ;
#7324 = CARTESIAN_POINT ( 'NONE',  ( 8.999999999997106300, 5.126018729958453900, -4.468634046010514300 ) ) ;
#7325 = CYLINDRICAL_SURFACE ( 'NONE', #2198, 1.000000000000000000 ) ;
#7326 = CARTESIAN_POINT ( 'NONE',  ( 0.2000000000000008400, 26.65000000000000200, 3.644078711698373100 ) ) ;
#7327 = EDGE_LOOP ( 'NONE', ( #6706, #4748 ) ) ;
#7328 = ADVANCED_FACE ( 'NONE', ( #4317 ), #830, .T. ) ;
#7329 = CARTESIAN_POINT ( 'NONE',  ( 21.00000000000006000, 14.81511757446884500, -26.08664550838905400 ) ) ;
#7330 = DIRECTION ( 'NONE',  ( 0.0000000000000000000, 0.0000000000000000000, -1.000000000000000000 ) ) ;
#7331 = LINE ( 'NONE', #7153, #4064 ) ;
#7332 = CARTESIAN_POINT ( 'NONE',  ( 6.399999999999979000, -18.91510639674024200, 17.66510639674110500 ) ) ;
#7333 = CARTESIAN_POINT ( 'NONE',  ( 21.00000000000005700, 26.41107770024844800, -14.22870144585293100 ) ) ;
#7334 = CARTESIAN_POINT ( 'NONE',  ( -2.168404344971008900E-016, 16.98891890167870900, 26.10852194079663100 ) ) ;
#7335 = CIRCLE ( 'NONE', #7045, 2.000000000000000900 ) ;
#7336 = ADVANCED_FACE ( 'NONE', ( #6501 ), #4448, .T. ) ;
#7337 = EDGE_CURVE ( 'NONE', #4716, #1509, #7106, .T. ) ;
#7338 = ORIENTED_EDGE ( 'NONE', *, *, #9417, .T. ) ;
#7339 = CARTESIAN_POINT ( 'NONE',  ( 23.50000000000006400, -11.04999999999995500, 2.227093370694348900E-015 ) ) ;
#7340 = DIRECTION ( 'NONE',  ( 0.0000000000000000000, 0.0000000000000000000, 1.000000000000000000 ) ) ;
#7341 = CYLINDRICAL_SURFACE ( 'NONE', #5209, 29.50000000000000700 ) ;
#7342 = LINE ( 'NONE', #6984, #3597 ) ;
#7343 = AXIS2_PLACEMENT_3D ( 'NONE', #149, #8623, #9410 ) ;
#7344 = ORIENTED_EDGE ( 'NONE', *, *, #298, .F. ) ;
#7345 = ORIENTED_EDGE ( 'NONE', *, *, #7823, .T. ) ;
#7346 = ORIENTED_EDGE ( 'NONE', *, *, #5838, .F. ) ;
#7347 = CARTESIAN_POINT ( 'NONE',  ( 19.40000000000003400, 31.50024882812249400, -9.835629122952353100 ) ) ;
#7348 = CONICAL_SURFACE ( 'NONE', #5133, 3.000000000078034000, 0.7853981634163961200 ) ;
#7349 = CARTESIAN_POINT ( 'NONE',  ( 21.38196601125016000, -21.84009091011333200, 26.05782855569468400 ) ) ;
#7350 = FACE_BOUND ( 'NONE', #9345, .T. ) ;
#7351 = CARTESIAN_POINT ( 'NONE',  ( 19.40000000000003100, -1.758949158241040800, -33.45380717039292100 ) ) ;
#7352 = CARTESIAN_POINT ( 'NONE',  ( 1.000000000128238800, -8.307983328476572300, 1.817580703120624600 ) ) ;
#7353 = CARTESIAN_POINT ( 'NONE',  ( 8.999999999997104500, 5.871826980070646400, -3.429993627959839800 ) ) ;
#7354 = ORIENTED_EDGE ( 'NONE', *, *, #6932, .T. ) ;
#7355 = DIRECTION ( 'NONE',  ( 1.679403124341539000E-016, -1.000000000000000000, 0.0000000000000000000 ) ) ;
#7356 = VERTEX_POINT ( 'NONE', #2949 ) ;
#7357 = FACE_BOUND ( 'NONE', #326, .T. ) ;
#7358 = CIRCLE ( 'NONE', #1087, 33.99999999999982900 ) ;
#7359 = AXIS2_PLACEMENT_3D ( 'NONE', #5305, #681, #6091 ) ;
#7360 = CIRCLE ( 'NONE', #9234, 33.99999999999982900 ) ;
#7361 = VERTEX_POINT ( 'NONE', #4580 ) ;
#7362 = DIRECTION ( 'NONE',  ( 1.000000000000000000, 6.071532165918827900E-018, 5.551115123125788900E-017 ) ) ;
#7363 = CARTESIAN_POINT ( 'NONE',  ( 21.00000000000005700, 10.25821600450691700, -28.19354942700858000 ) ) ;
#7364 = DIRECTION ( 'NONE',  ( 0.0000000000000000000, 0.0000000000000000000, -1.000000000000000000 ) ) ;
#7365 = CARTESIAN_POINT ( 'NONE',  ( 21.00000000000006400, 28.96233685042581000, -7.829761025622363300 ) ) ;
#7366 = CARTESIAN_POINT ( 'NONE',  ( -2.168404344971009400E-016, 29.33398225629175800, 10.52675318850021700 ) ) ;
#7367 = LINE ( 'NONE', #7966, #9269 ) ;
#7368 = AXIS2_PLACEMENT_3D ( 'NONE', #7420, #563, #5932 ) ;
#7369 = FACE_BOUND ( 'NONE', #8699, .T. ) ;
#7370 = LINE ( 'NONE', #6413, #9164 ) ;
#7371 = CARTESIAN_POINT ( 'NONE',  ( 1.699756038043517500, 4.117837516229315400E-015, 33.62469504755424100 ) ) ;
#7372 = CARTESIAN_POINT ( 'NONE',  ( -1.084202172485504400E-015, 18.91510639674002500, 18.91510639674027400 ) ) ;
#7373 = CARTESIAN_POINT ( 'NONE',  ( 1.699999999999999700, 1.040949779275250000E-016, 0.0000000000000000000 ) ) ;
#7374 = ORIENTED_EDGE ( 'NONE', *, *, #7739, .T. ) ;
#7375 = CARTESIAN_POINT ( 'NONE',  ( 21.00000000000006000, -19.27066845010006100, 22.99220166678950200 ) ) ;
#7376 = CARTESIAN_POINT ( 'NONE',  ( -0.7257140799849369800, 0.7503170222420391100, 5.574343046255161300 ) ) ;
#7377 = DIRECTION ( 'NONE',  ( -1.000000000000000000, -6.071532165918827900E-018, -5.551115123125788900E-017 ) ) ;
#7378 = CIRCLE ( 'NONE', #8813, 0.8000000000000003800 ) ;
#7379 = ORIENTED_EDGE ( 'NONE', *, *, #4631, .F. ) ;
#7380 = EDGE_LOOP ( 'NONE', ( #3456, #1555, #3135, #2687 ) ) ;
#7381 = DIRECTION ( 'NONE',  ( 1.000000000000000000, 0.0000000000000000000, 0.0000000000000000000 ) ) ;
#7382 = EDGE_LOOP ( 'NONE', ( #4194, #8724, #8936 ) ) ;
#7383 = ADVANCED_FACE ( 'NONE', ( #7236 ), #944, .F. ) ;
#7384 = CARTESIAN_POINT ( 'NONE',  ( -1.099999999866668700, -3.931850753080576000, 2.666344244948815500 ) ) ;
#7385 = CARTESIAN_POINT ( 'NONE',  ( 19.40000000000003100, 17.05597778312414200, -28.83567180588476800 ) ) ;
#7386 = EDGE_CURVE ( 'NONE', #6674, #1692, #5186, .T. ) ;
#7387 = CARTESIAN_POINT ( 'NONE',  ( 8.999999999997104500, 6.765404620716116900, 0.6875593930879065900 ) ) ;
#7388 = AXIS2_PLACEMENT_3D ( 'NONE', #4179, #9546, #323 ) ;
#7389 = EDGE_LOOP ( 'NONE', ( #8234, #6074, #4466, #2335 ) ) ;
#7390 = EDGE_LOOP ( 'NONE', ( #747, #170, #8339, #1354 ) ) ;
#7391 = VERTEX_POINT ( 'NONE', #5361 ) ;
#7392 = CARTESIAN_POINT ( 'NONE',  ( 1.182146323167822400, 30.71208992501583200, -5.394475206619724800 ) ) ;
#7393 = ORIENTED_EDGE ( 'NONE', *, *, #6777, .F. ) ;
#7394 = DIRECTION ( 'NONE',  ( 0.0000000000000000000, 0.0000000000000000000, -1.000000000000000000 ) ) ;
#7395 = EDGE_CURVE ( 'NONE', #1613, #7289, #448, .T. ) ;
#7396 = CARTESIAN_POINT ( 'NONE',  ( 21.00000000000006400, 3.987788483201619300, -29.73426877712911300 ) ) ;
#7397 = CARTESIAN_POINT ( 'NONE',  ( 0.07589598640058845000, 0.0000000000000000000, -31.59486998300062400 ) ) ;
#7398 = CARTESIAN_POINT ( 'NONE',  ( 21.00000000000006000, 14.25771714077883700, 26.39542374405145600 ) ) ;
#7399 = CARTESIAN_POINT ( 'NONE',  ( -2.168404344971008900E-016, 31.08424422668041100, -2.375276318645223900 ) ) ;
#7400 = ORIENTED_EDGE ( 'NONE', *, *, #346, .T. ) ;
#7401 = ORIENTED_EDGE ( 'NONE', *, *, #398, .F. ) ;
#7402 = ORIENTED_EDGE ( 'NONE', *, *, #1403, .T. ) ;
#7403 = ORIENTED_EDGE ( 'NONE', *, *, #5709, .F. ) ;
#7404 = VERTEX_POINT ( 'NONE', #735 ) ;
#7405 = CARTESIAN_POINT ( 'NONE',  ( 1.699756038043517300, -67.24939009510846700, 33.62469504755424800 ) ) ;
#7406 = CARTESIAN_POINT ( 'NONE',  ( 0.1999999999999983500, 0.0000000000000000000, 0.0000000000000000000 ) ) ;
#7407 = AXIS2_PLACEMENT_3D ( 'NONE', #7311, #8838, #6600 ) ;
#7408 = CARTESIAN_POINT ( 'NONE',  ( -1.100000000000000100, 0.0000000000000000000, 0.0000000000000000000 ) ) ;
#7409 = CARTESIAN_POINT ( 'NONE',  ( 0.2127492268600403000, 29.79614962136608400, 4.999999999999999100 ) ) ;
#7410 = CARTESIAN_POINT ( 'NONE',  ( 6.400000000000036800, -32.81849568268418000, 3.529965778209148900 ) ) ;
#7411 = EDGE_CURVE ( 'NONE', #2417, #7630, #8777, .T. ) ;
#7412 = CYLINDRICAL_SURFACE ( 'NONE', #4057, 1.250000000000955200 ) ;
#7413 = CARTESIAN_POINT ( 'NONE',  ( 24.00000000000006000, 11.49610083339485200, 8.385334225049915000 ) ) ;
#7414 = EDGE_LOOP ( 'NONE', ( #3483, #6621, #4801, #4599 ) ) ;
#7415 = EDGE_CURVE ( 'NONE', #2073, #8408, #6268, .T. ) ;
#7416 = DIRECTION ( 'NONE',  ( 1.000000000000000000, 0.0000000000000000000, 0.0000000000000000000 ) ) ;
#7417 = VERTEX_POINT ( 'NONE', #3779 ) ;
#7418 = DIRECTION ( 'NONE',  ( 0.0000000000000000000, 0.0000000000000000000, 1.000000000000000000 ) ) ;
#7419 = CARTESIAN_POINT ( 'NONE',  ( -1.099999999866668500, -4.386353002417460600, 1.822854349018010500 ) ) ;
#7420 = CARTESIAN_POINT ( 'NONE',  ( 0.2000000000000018200, 19.96667702163212600, -3.998403685112363000 ) ) ;
#7421 = CARTESIAN_POINT ( 'NONE',  ( 19.40000000000003400, -3.583446664969020600, -33.31574612483011300 ) ) ;
#7422 = COORDINATED_UNIVERSAL_TIME_OFFSET ( 8, 0, .AHEAD. ) ;
#7423 = LINE ( 'NONE', #526, #3207 ) ;
#7424 = CARTESIAN_POINT ( 'NONE',  ( 1.000000000128238500, -2.018039557832926000, 8.259026333417891100 ) ) ;
#7425 = AXIS2_PLACEMENT_3D ( 'NONE', #8757, #1179, #6588 ) ;
#7426 = EDGE_LOOP ( 'NONE', ( #5223, #7462, #7051, #5584 ) ) ;
#7427 = CARTESIAN_POINT ( 'NONE',  ( 8.999999999997106300, 5.078106799505781600, 4.527275780430976200 ) ) ;
#7428 = ORIENTED_EDGE ( 'NONE', *, *, #2786, .F. ) ;
#7429 = CARTESIAN_POINT ( 'NONE',  ( 1.500000000000029100, 30.88447255479534400, -6.196721311475410900 ) ) ;
#7430 = EDGE_CURVE ( 'NONE', #7150, #7104, #8660, .T. ) ;
#7431 = ORGANIZATION ( 'NAUO-ORG2', 'UNSPECIFIED', 'UNSPECIFIED' ) ;
#7432 = CARTESIAN_POINT ( 'NONE',  ( 21.00000000000006400, 12.61949978159544200, -27.24732554480851800 ) ) ;
#7433 = CARTESIAN_POINT ( 'NONE',  ( 0.5000000000000012200, -18.91510639674033800, 18.91510639673995400 ) ) ;
#7434 = CARTESIAN_POINT ( 'NONE',  ( -1.100000000000000100, 6.249999999999999100, 6.446607438115323100E-014 ) ) ;
#7435 = VERTEX_POINT ( 'NONE', #9084 ) ;
#7436 = CARTESIAN_POINT ( 'NONE',  ( 21.00000000000006000, 29.19073814255794000, -6.955858922809193600 ) ) ;
#7437 = CARTESIAN_POINT ( 'NONE',  ( -2.168404344971009400E-016, 17.10021191508881700, -26.03576097914145400 ) ) ;
#7438 = AXIS2_PLACEMENT_3D ( 'NONE', #6874, #2259, #5296 ) ;
#7439 = CARTESIAN_POINT ( 'NONE',  ( 1.892869739333573200, -67.73217434833361500, 33.86608717416681500 ) ) ;
#7440 = CARTESIAN_POINT ( 'NONE',  ( -0.5999999998666412100, -1.092875789857602900E-016, -9.992007221555231900E-016 ) ) ;
#7441 = CARTESIAN_POINT ( 'NONE',  ( 1.900000000133330600, -1.092875789857602900E-016, 2.499999999999999100 ) ) ;
#7442 = CARTESIAN_POINT ( 'NONE',  ( 1.900000000133333300, -1.092875789857602900E-016, -9.992007221555231900E-016 ) ) ;
#7443 = EDGE_LOOP ( 'NONE', ( #1813, #6563 ) ) ;
#7444 = CARTESIAN_POINT ( 'NONE',  ( 6.400000000000034100, -32.94540037736046400, 1.899635688647372200 ) ) ;
#7445 = EDGE_CURVE ( 'NONE', #3633, #2449, #2903, .T. ) ;
#7446 = CARTESIAN_POINT ( 'NONE',  ( 19.40000000000003400, 2.428612866367677700E-018, 2.220446049250530800E-017 ) ) ;
#7447 = EDGE_CURVE ( 'NONE', #1408, #6300, #3138, .T. ) ;
#7448 = CIRCLE ( 'NONE', #8869, 12.60000000000000100 ) ;
#7449 = CARTESIAN_POINT ( 'NONE',  ( -2.168404344971008900E-016, -11.89278150883057000, 28.79005200306395600 ) ) ;
#7450 = CARTESIAN_POINT ( 'NONE',  ( 19.40000000000003400, 13.22909213015832500, 30.26853721208103900 ) ) ;
#7451 = CARTESIAN_POINT ( 'NONE',  ( -1.099999999866668300, -3.884270907801735500, 2.735270641337936000 ) ) ;
#7452 = CARTESIAN_POINT ( 'NONE',  ( 1.200000000000000000, 17.50000000000000000, -5.999999999999991100 ) ) ;
#7453 = DIRECTION ( 'NONE',  ( 0.0000000000000000000, 0.0000000000000000000, 1.000000000000000000 ) ) ;
#7454 = CARTESIAN_POINT ( 'NONE',  ( 1.000000000128238500, -2.482791695287512600, 8.137551414388797300 ) ) ;
#7455 = CARTESIAN_POINT ( 'NONE',  ( 8.999999999997102800, 4.159837921922355800, 5.383729108813191100 ) ) ;
#7456 = EDGE_LOOP ( 'NONE', ( #5094, #9440, #6084, #379 ) ) ;
#7457 = CIRCLE ( 'NONE', #6122, 9.500000000000000000 ) ;
#7458 = DIRECTION ( 'NONE',  ( -1.000000000000000000, -0.0000000000000000000, -0.0000000000000000000 ) ) ;
#7459 = LINE ( 'NONE', #6618, #1552 ) ;
#7460 = DIRECTION ( 'NONE',  ( 1.000000000000000000, 6.071532165918827900E-018, 5.551115123125788900E-017 ) ) ;
#7461 = EDGE_CURVE ( 'NONE', #1509, #4716, #8551, .T. ) ;
#7462 = ORIENTED_EDGE ( 'NONE', *, *, #7624, .F. ) ;
#7463 = CARTESIAN_POINT ( 'NONE',  ( 21.00000000000006400, -26.09994302351677200, -14.79168232833402800 ) ) ;
#7464 = DIRECTION ( 'NONE',  ( -1.000000000000000000, -0.0000000000000000000, -0.0000000000000000000 ) ) ;
#7465 = AXIS2_PLACEMENT_3D ( 'NONE', #9295, #5476, #1638 ) ;
#7466 = CARTESIAN_POINT ( 'NONE',  ( 21.00000000000005700, 28.46132834913198600, 9.484395564900300000 ) ) ;
#7467 = CARTESIAN_POINT ( 'NONE',  ( -2.168404344971008900E-016, 29.04288946980787900, -11.26017529102143300 ) ) ;
#7468 = FACE_BOUND ( 'NONE', #9294, .T. ) ;
#7469 = CIRCLE ( 'NONE', #7107, 1.250000000000849300 ) ;
#7470 = EDGE_CURVE ( 'NONE', #8069, #6031, #1686, .T. ) ;
#7471 = CARTESIAN_POINT ( 'NONE',  ( 20.00000000000005300, 12.43820660082496400, 5.280052264344802500 ) ) ;
#7472 = DIRECTION ( 'NONE',  ( 0.0000000000000000000, 0.0000000000000000000, -1.000000000000000000 ) ) ;
#7473 = DIRECTION ( 'NONE',  ( 1.000000000000000000, 6.123233995736766000E-017, -0.0000000000000000000 ) ) ;
#7474 = EDGE_LOOP ( 'NONE', ( #9065, #5355, #4324, #7401 ) ) ;
#7475 = DIRECTION ( 'NONE',  ( -1.000000000000000000, -6.071532165918827900E-018, -5.551115123125788900E-017 ) ) ;
#7476 = CARTESIAN_POINT ( 'NONE',  ( 6.400000000000036800, 22.53299652438514000, -24.11015247661169500 ) ) ;
#7477 = LINE ( 'NONE', #6408, #5797 ) ;
#7478 = CIRCLE ( 'NONE', #2330, 9.500000000000000000 ) ;
#7479 = DIRECTION ( 'NONE',  ( 0.0000000000000000000, 0.0000000000000000000, 1.000000000000000000 ) ) ;
#7480 = CARTESIAN_POINT ( 'NONE',  ( 19.40000000000003400, -28.56368247516863000, 16.53014958286909000 ) ) ;
#7481 = FACE_OUTER_BOUND ( 'NONE', #4918, .T. ) ;
#7482 = CARTESIAN_POINT ( 'NONE',  ( 1.299999999997001800, -14.13182353007326400, 16.86094788897906200 ) ) ;
#7483 = AXIS2_PLACEMENT_3D ( 'NONE', #7850, #7952, #4761 ) ;
#7484 = B_SPLINE_CURVE_WITH_KNOTS ( 'NONE', 3,
 ( #7933, #3200, #9430, #7137, #5630, #1649, #2495, #5487, #4769, #5596 ),
 .UNSPECIFIED., .F., .F.,
 ( 4, 2, 2, 2, 4 ),
 ( 0.0000000000000000000, 0.0005404660973961762700, 0.001080932194792352500, 0.001621398292188528800, 0.002161864389584705500 ),
 .UNSPECIFIED. ) ;
#7485 = VERTEX_POINT ( 'NONE', #3709 ) ;
#7486 = CARTESIAN_POINT ( 'NONE',  ( 19.40000000000003400, -15.42184579701039700, 29.17698499500846100 ) ) ;
#7487 = CARTESIAN_POINT ( 'NONE',  ( 19.40000000000003400, 32.87345831961079800, 2.912655354605771400 ) ) ;
#7488 = CARTESIAN_POINT ( 'NONE',  ( -1.099999999866669000, -4.750033701109148700, -0.3018362893899215700 ) ) ;
#7489 = DIRECTION ( 'NONE',  ( -1.000000000000000000, 0.0000000000000000000, 0.0000000000000000000 ) ) ;
#7490 = VECTOR ( 'NONE', #475, 1000.000000000000000 ) ;
#7491 = FACE_OUTER_BOUND ( 'NONE', #9459, .T. ) ;
#7492 = EDGE_CURVE ( 'NONE', #4625, #1103, #6624, .T. ) ;
#7493 = CARTESIAN_POINT ( 'NONE',  ( 8.999999999997106300, 6.089029458956664700, -3.035898833259221200 ) ) ;
#7494 = EDGE_CURVE ( 'NONE', #5693, #7854, #205, .T. ) ;
#7495 = CIRCLE ( 'NONE', #3363, 1.499999999999990900 ) ;
#7496 = ORIENTED_EDGE ( 'NONE', *, *, #7822, .F. ) ;
#7497 = ORIENTED_EDGE ( 'NONE', *, *, #8356, .T. ) ;
#7498 = CARTESIAN_POINT ( 'NONE',  ( 0.0000000000000000000, 0.0000000000000000000, 0.0000000000000000000 ) ) ;
#7499 = LINE ( 'NONE', #2248, #8917 ) ;
#7500 = CARTESIAN_POINT ( 'NONE',  ( -2.168404344971007900E-016, -18.84475682962368700, -24.89526012692245500 ) ) ;
#7501 = CARTESIAN_POINT ( 'NONE',  ( 21.00000000000006800, -17.76568544553410000, -24.18274994661572600 ) ) ;
#7502 = CARTESIAN_POINT ( 'NONE',  ( 0.2191311905569937300, 63.54782797639222000, -31.77391398819612100 ) ) ;
#7503 = DIRECTION ( 'NONE',  ( -1.000000000000000000, -6.071532165918826400E-018, -5.551115123125788900E-017 ) ) ;
#7505 = EDGE_LOOP ( 'NONE', ( #6156, #4567, #8140, #863 ) ) ;
#7504 = CARTESIAN_POINT ( 'NONE',  ( 0.2000000000000019000, 19.46667702163212600, 3.644078711698373500 ) ) ;
#7506 = CARTESIAN_POINT ( 'NONE',  ( -2.168404344971008900E-016, 30.65065229237189800, -5.550876408647090100 ) ) ;
#7507 = CYLINDRICAL_SURFACE ( 'NONE', #791, 1.499999999999990900 ) ;
#7508 = ORIENTED_EDGE ( 'NONE', *, *, #8372, .T. ) ;
#7509 = CC_DESIGN_PERSON_AND_ORGANIZATION_ASSIGNMENT ( #1392, #7886, ( #2997 ) ) ;
#7510 = CARTESIAN_POINT ( 'NONE',  ( 20.00000000000006000, 12.90307253742194500, -3.970396374836477000 ) ) ;
#7511 = CARTESIAN_POINT ( 'NONE',  ( -1.999999999871762400, -6.964999999999998100, -0.6991244524403608100 ) ) ;
#7512 = EDGE_CURVE ( 'NONE', #8984, #266, #6747, .T. ) ;
#7513 = CARTESIAN_POINT ( 'NONE',  ( -2.168404344971008900E-016, 31.14921894064170300, -8.000000000000005300 ) ) ;
#7514 = CARTESIAN_POINT ( 'NONE',  ( 0.2000000000000007000, 27.02720956657931900, 7.931251044790290200 ) ) ;
#7515 = CARTESIAN_POINT ( 'NONE',  ( 2.999999999999999100, 1.836970198721029700E-016, 0.0000000000000000000 ) ) ;
#7516 = CARTESIAN_POINT ( 'NONE',  ( 6.400000000000037700, -8.110041893773143300, -31.98793849481392100 ) ) ;
#7517 = ORIENTED_EDGE ( 'NONE', *, *, #8741, .F. ) ;
#7518 = VERTEX_POINT ( 'NONE', #4673 ) ;
#7519 = DIRECTION ( 'NONE',  ( 0.0000000000000000000, 0.6423556150033356000, -0.7664067222263166700 ) ) ;
#7520 = CARTESIAN_POINT ( 'NONE',  ( 19.40000000000003400, -31.50024882813066200, 9.835629122932230600 ) ) ;
#7521 = DIRECTION ( 'NONE',  ( 0.0000000000000000000, -1.000000000000000000, 0.0000000000000000000 ) ) ;
#7522 = CARTESIAN_POINT ( 'NONE',  ( -2.168404344971008900E-016, -21.26568040599483900, 22.78599375890409100 ) ) ;
#7523 = CARTESIAN_POINT ( 'NONE',  ( 19.40000000000003400, 9.702541434498748200, 31.54148933453873500 ) ) ;
#7524 = ORIENTED_EDGE ( 'NONE', *, *, #5417, .F. ) ;
#7525 = EDGE_LOOP ( 'NONE', ( #7999, #5431, #6388, #3408 ) ) ;
#7526 = CARTESIAN_POINT ( 'NONE',  ( -1.099999999866668500, -4.020532266145052900, -2.530699329003645000 ) ) ;
#7527 = DIRECTION ( 'NONE',  ( 0.0000000000000000000, 0.0000000000000000000, -1.000000000000000000 ) ) ;
#7528 = ORIENTED_EDGE ( 'NONE', *, *, #8821, .F. ) ;
#7529 = CARTESIAN_POINT ( 'NONE',  ( 22.27639320225006600, 1.989272671565901200E-017, 1.818763585431693200E-016 ) ) ;
#7530 = ORIENTED_EDGE ( 'NONE', *, *, #2646, .T. ) ;
#7531 = CARTESIAN_POINT ( 'NONE',  ( 8.999999999997104500, -0.6875593930888712600, 6.765404620716198600 ) ) ;
#7532 = CARTESIAN_POINT ( 'NONE',  ( 0.1000000000000011200, 24.40000000000000200, -2.201925566605216300E-015 ) ) ;
#7533 = DIRECTION ( 'NONE',  ( 0.0000000000000000000, -1.000000000000000000, 0.0000000000000000000 ) ) ;
#7534 = VECTOR ( 'NONE', #4826, 1000.000000000000000 ) ;
#7535 = ORIENTED_EDGE ( 'NONE', *, *, #7512, .F. ) ;
#7536 = ORIENTED_EDGE ( 'NONE', *, *, #134, .F. ) ;
#7537 = DIRECTION ( 'NONE',  ( 0.0000000000000000000, 0.0000000000000000000, -1.000000000000000000 ) ) ;
#7538 = EDGE_CURVE ( 'NONE', #7686, #8258, #333, .T. ) ;
#7539 = CARTESIAN_POINT ( 'NONE',  ( 21.00000000000005700, -29.79356190428456600, 3.662887500486689000 ) ) ;
#7540 = CARTESIAN_POINT ( 'NONE',  ( 0.2191311905569937300, 63.54782797639222000, 31.77391398819611000 ) ) ;
#7541 = CARTESIAN_POINT ( 'NONE',  ( -2.168404344971008900E-016, 30.62377778893512600, 5.697273817417490200 ) ) ;
#7542 = FACE_OUTER_BOUND ( 'NONE', #3468, .T. ) ;
#7543 = ORIENTED_EDGE ( 'NONE', *, *, #2308, .F. ) ;
#7544 = CARTESIAN_POINT ( 'NONE',  ( 19.40000000000003100, -9.470904311520607500, 31.61397479980593400 ) ) ;
#7545 = DIRECTION ( 'NONE',  ( 1.000000000000000000, -0.0000000000000000000, -0.0000000000000000000 ) ) ;
#7546 = ORIENTED_EDGE ( 'NONE', *, *, #2321, .F. ) ;
#7547 = AXIS2_PLACEMENT_3D ( 'NONE', #5117, #6665, #2897 ) ;
#7548 = CARTESIAN_POINT ( 'NONE',  ( 6.400000000000038500, -27.28733548910925300, -18.59154984672051100 ) ) ;
#7549 = EDGE_CURVE ( 'NONE', #4933, #9637, #2773, .T. ) ;
#7550 = CARTESIAN_POINT ( 'NONE',  ( -1.099999999866668300, 1.678123408171714000, -4.443743745820604800 ) ) ;
#7551 = COORDINATED_UNIVERSAL_TIME_OFFSET ( 8, 0, .AHEAD. ) ;
#7552 = CARTESIAN_POINT ( 'NONE',  ( 5.399999999999978200, 4.163799117100980000E-015, 33.99999999999982900 ) ) ;
#7553 = B_SPLINE_CURVE_WITH_KNOTS ( 'NONE', 3,
 ( #2491, #3258, #3161, #9300, #8636, #4030, #160, #950, #6354, #8511, #9424, #5651, #3390, #4185, #260, #1021, #6518, #9481, #9552, #8758, #4925, #4089, #8026, #6478, #6424, #230, #7930, #4829, #1802, #5685, #1046, #1873, #4159, #7955, #3293, #292, #5750, #7266, #7198, #6455, #4864, #3327, #2651, #5716, #4058, #8735, #1773, #3358, #9518, #328, #8703, #1837, #2558, #4897, #7230, #194, #7166, #5624, #8668, #1903, #987, #6387, #9451, #2589, #1084, #8056, #2619, #7992, #3421, #4122, #8792, #7302, #4965, #1115, #1148, #2789, #1257, #8124, #5878, #5072, #4350, #6555, #505, #1218, #3582, #5139, #1968, #9681, #5814, #4250 ),
 .UNSPECIFIED., .F., .F.,
 ( 4, 1, 1, 1, 2, 2, 1, 1, 1, 2, 2, 1, 1, 2, 2, 2, 1, 1, 2, 2, 1, 1, 1, 2, 2, 1, 1, 1, 2, 2, 2, 1, 1, 1, 2, 2, 1, 1, 1, 2, 2, 1, 1, 2, 2, 2, 1, 1, 2, 2, 1, 1, 1, 2, 2, 1, 1, 1, 2, 2, 4 ),
 ( 0.0000000000000000000, 0.03124999999999998600, 0.04687499999999999300, 0.05468749999999999300, 0.05859374999999999300, 0.06250000000000000000, 0.09374999999999990300, 0.1093749999999998300, 0.1171874999999997900, 0.1210937499999998100, 0.1249999999999998200, 0.1562499999999999400, 0.1718750000000000300, 0.1796875000000000800, 0.1875000000000001400, 0.2500000000000005600, 0.2812500000000007800, 0.2968750000000009400, 0.3046875000000010000, 0.3125000000000010000, 0.3437500000000011700, 0.3593750000000012800, 0.3671875000000013300, 0.3710937500000013300, 0.3750000000000013300, 0.4062500000000012200, 0.4218750000000011700, 0.4296875000000011100, 0.4335937500000010500, 0.4375000000000009400, 0.5000000000000013300, 0.5312500000000015500, 0.5468750000000016700, 0.5546875000000016700, 0.5585937500000016700, 0.5625000000000016700, 0.5937500000000020000, 0.6093750000000021100, 0.6171875000000021100, 0.6210937500000021100, 0.6250000000000020000, 0.6562500000000018900, 0.6718750000000018900, 0.6796875000000018900, 0.6875000000000018900, 0.7500000000000024400, 0.7812500000000027800, 0.7968750000000028900, 0.8046875000000028900, 0.8125000000000028900, 0.8437500000000027800, 0.8593750000000027800, 0.8671875000000027800, 0.8710937500000027800, 0.8750000000000026600, 0.9062500000000021100, 0.9218750000000017800, 0.9296875000000015500, 0.9335937500000014400, 0.9375000000000013300, 1.000000000000000000 ),
 .UNSPECIFIED. ) ;
#7554 = VERTEX_POINT ( 'NONE', #6170 ) ;
#7555 = CARTESIAN_POINT ( 'NONE',  ( -2.168404344971008400E-016, -17.43702778569031900, 25.81195150592169800 ) ) ;
#7556 = CARTESIAN_POINT ( 'NONE',  ( 19.40000000000003400, 9.637322110076050700, 31.56147990111801600 ) ) ;
#7557 = DIRECTION ( 'NONE',  ( 1.000000000000000000, 1.679403124341539000E-016, -1.865376329483173100E-017 ) ) ;
#7558 = DIRECTION ( 'NONE',  ( 1.000000000000000000, 0.0000000000000000000, 0.0000000000000000000 ) ) ;
#7559 = AXIS2_PLACEMENT_3D ( 'NONE', #6862, #7710, #6961 ) ;
#7560 = EDGE_LOOP ( 'NONE', ( #5419, #6061 ) ) ;
#7561 = DIRECTION ( 'NONE',  ( 0.0000000000000000000, 0.0000000000000000000, 1.000000000000000000 ) ) ;
#7562 = AXIS2_PLACEMENT_3D ( 'NONE', #3967, #3935, #5492 ) ;
#7563 = DIRECTION ( 'NONE',  ( 0.0000000000000000000, 0.0000000000000000000, 1.000000000000000000 ) ) ;
#7564 = CARTESIAN_POINT ( 'NONE',  ( 21.00000000000005300, -26.44106719028700100, 14.17289643887251300 ) ) ;
#7565 = DIRECTION ( 'NONE',  ( 1.000000000000000000, 1.151085483283491600E-016, 9.647700132223467600E-017 ) ) ;
#7566 = CIRCLE ( 'NONE', #5302, 26.60000000000002600 ) ;
#7567 = CARTESIAN_POINT ( 'NONE',  ( 0.0000000000000000000, 40.50860386925227600, 4.999999999999998200 ) ) ;
#7568 = CARTESIAN_POINT ( 'NONE',  ( 22.27639320225007000, -72.75334413794632800, -17.33584157923993300 ) ) ;
#7569 = AXIS2_PLACEMENT_3D ( 'NONE', #1904, #4218, #7330 ) ;
#7570 = PRODUCT_DEFINITION_SHAPE ( 'NONE', 'NONE',  #9227 ) ;
#7571 = ORIENTED_EDGE ( 'NONE', *, *, #2647, .F. ) ;
#7572 = CARTESIAN_POINT ( 'NONE',  ( 20.00000000000005700, 12.79950958074707900, -4.294887910559320500 ) ) ;
#7573 = CARTESIAN_POINT ( 'NONE',  ( 0.0000000000000000000, 15.55634918610326000, -16.80634918610489900 ) ) ;
#7574 = DIRECTION ( 'NONE',  ( 0.0000000000000000000, -1.000000000000000000, 0.0000000000000000000 ) ) ;
#7575 = CARTESIAN_POINT ( 'NONE',  ( 2.900000000133330600, -1.092875789857602900E-016, -9.992007221555231900E-016 ) ) ;
#7576 = DIRECTION ( 'NONE',  ( 1.000000000000000000, 0.0000000000000000000, 0.0000000000000000000 ) ) ;
#7577 = CIRCLE ( 'NONE', #414, 4.700000000000000200 ) ;
#7578 = CARTESIAN_POINT ( 'NONE',  ( 6.400000000000039400, -1.700688185211814800, -32.95616539879736000 ) ) ;
#7579 = FACE_OUTER_BOUND ( 'NONE', #2472, .T. ) ;
#7580 = DIRECTION ( 'NONE',  ( -1.626303258728255200E-016, 1.000000000000000000, 0.0000000000000000000 ) ) ;
#7581 = CARTESIAN_POINT ( 'NONE',  ( 19.40000000000003400, -32.87345831960356400, -2.912655354612116600 ) ) ;
#7582 = CARTESIAN_POINT ( 'NONE',  ( 21.00000000000006000, 16.86094788897911200, 12.88182353007320400 ) ) ;
#7583 = EDGE_CURVE ( 'NONE', #2710, #513, #8343, .T. ) ;
#7584 = DIRECTION ( 'NONE',  ( 0.0000000000000000000, 0.0000000000000000000, -1.000000000000000000 ) ) ;
#7585 = EDGE_CURVE ( 'NONE', #3684, #1720, #3021, .T. ) ;
#7586 = VERTEX_POINT ( 'NONE', #4005 ) ;
#7587 = CARTESIAN_POINT ( 'NONE',  ( 2.999999999999998200, 21.50000000000000000, 0.0000000000000000000 ) ) ;
#7588 = CARTESIAN_POINT ( 'NONE',  ( 19.40000000000003400, 21.18180002882855800, 25.30490909051408000 ) ) ;
#7589 = LINE ( 'NONE', #4291, #3723 ) ;
#7590 = DIRECTION ( 'NONE',  ( 1.000000000000000000, 6.071532165918827900E-018, 5.551115123125788900E-017 ) ) ;
#7591 = CARTESIAN_POINT ( 'NONE',  ( 19.00000000000000000, 18.91510639673938200, -20.16510639674099500 ) ) ;
#7592 = LINE ( 'NONE', #5686, #197 ) ;
#7593 = VERTEX_POINT ( 'NONE', #898 ) ;
#7594 = EDGE_CURVE ( 'NONE', #6638, #7242, #1923, .T. ) ;
#7595 = VERTEX_POINT ( 'NONE', #2325 ) ;
#7596 = DIRECTION ( 'NONE',  ( -1.000000000000000000, -0.0000000000000000000, -0.0000000000000000000 ) ) ;
#7597 = ORIENTED_EDGE ( 'NONE', *, *, #7395, .T. ) ;
#7598 = CIRCLE ( 'NONE', #4493, 1.250000000000641300 ) ;
#7599 = FACE_OUTER_BOUND ( 'NONE', #2538, .T. ) ;
#7600 = CARTESIAN_POINT ( 'NONE',  ( -2.168404344971008900E-016, -12.44442691134075000, -28.57479347299842600 ) ) ;
#7601 = CARTESIAN_POINT ( 'NONE',  ( 21.00000000000007100, -25.91778600861900400, 15.13986913021007800 ) ) ;
#7602 = CARTESIAN_POINT ( 'NONE',  ( 23.31307791393078300, 2.204364238465223600E-015, 17.99999999999990100 ) ) ;
#7603 = AXIS2_PLACEMENT_3D ( 'NONE', #4840, #7208, #3306 ) ;
#7604 = DIRECTION ( 'NONE',  ( 1.000000000000000000, -0.0000000000000000000, -0.0000000000000000000 ) ) ;
#7605 = ORIENTED_EDGE ( 'NONE', *, *, #4499, .F. ) ;
#7606 = EDGE_CURVE ( 'NONE', #1602, #5793, #1067, .T. ) ;
#7607 = CYLINDRICAL_SURFACE ( 'NONE', #1260, 2.999999999999999100 ) ;
#7608 = CYLINDRICAL_SURFACE ( 'NONE', #5629, 9.500000000000000000 ) ;
#7609 = EDGE_CURVE ( 'NONE', #6031, #4949, #6986, .T. ) ;
#7610 = FACE_OUTER_BOUND ( 'NONE', #9694, .T. ) ;
#7611 = CARTESIAN_POINT ( 'NONE',  ( 20.00000000000006000, 12.82070918288572500, 4.228490981847522300 ) ) ;
#7612 = PLANE ( 'NONE',  #7880 ) ;
#7613 = CARTESIAN_POINT ( 'NONE',  ( 0.2000000000000008400, 25.40000000000000200, 0.7499999999999972200 ) ) ;
#7614 = CARTESIAN_POINT ( 'NONE',  ( 6.400000000000038500, -23.03206244950947100, -23.65735026278362000 ) ) ;
#7615 = DIRECTION ( 'NONE',  ( 0.0000000000000000000, 0.6423556150033356000, -0.7664067222263166700 ) ) ;
#7616 = DIRECTION ( 'NONE',  ( -1.626303258728255200E-016, 1.000000000000000000, 0.0000000000000000000 ) ) ;
#7617 = CARTESIAN_POINT ( 'NONE',  ( 19.40000000000003100, -32.67295704819033400, 5.163707711557713700 ) ) ;
#7618 = FACE_BOUND ( 'NONE', #8136, .T. ) ;
#7619 = AXIS2_PLACEMENT_3D ( 'NONE', #4155, #1798, #2585 ) ;
#7620 = ORIENTED_EDGE ( 'NONE', *, *, #5912, .F. ) ;
#7621 = CYLINDRICAL_SURFACE ( 'NONE', #1605, 1.249999999999690700 ) ;
#7622 = DIRECTION ( 'NONE',  ( 0.0000000000000000000, 0.0000000000000000000, -1.000000000000000000 ) ) ;
#7623 = CARTESIAN_POINT ( 'NONE',  ( 0.1000000000000008000, 26.65000000000000200, 3.644078711698373100 ) ) ;
#7624 = EDGE_CURVE ( 'NONE', #8937, #4311, #4203, .T. ) ;
#7625 = DIRECTION ( 'NONE',  ( -1.000000000000000000, -0.0000000000000000000, -0.0000000000000000000 ) ) ;
#7626 = EDGE_CURVE ( 'NONE', #6630, #7768, #7598, .T. ) ;
#7627 = VERTEX_POINT ( 'NONE', #5599 ) ;
#7628 = FACE_OUTER_BOUND ( 'NONE', #7426, .T. ) ;
#7629 = CIRCLE ( 'NONE', #258, 0.7500000000000006700 ) ;
#7630 = VERTEX_POINT ( 'NONE', #4065 ) ;
#7631 = AXIS2_PLACEMENT_3D ( 'NONE', #990, #4060, #5483 ) ;
#7632 = CARTESIAN_POINT ( 'NONE',  ( -2.168404344971008900E-016, -16.93491128781527200, -26.14358320442923000 ) ) ;
#7633 = CARTESIAN_POINT ( 'NONE',  ( 21.00000000000006000, -20.67712071182406700, 21.81339871353752000 ) ) ;
#7634 = DIRECTION ( 'NONE',  ( 0.0000000000000000000, -1.000000000000000000, 0.0000000000000000000 ) ) ;
#7635 = CARTESIAN_POINT ( 'NONE',  ( 22.10231852694309000, -73.51062783347146000, -17.51628895704394000 ) ) ;
#7636 = ORIENTED_EDGE ( 'NONE', *, *, #847, .F. ) ;
#7637 = ORIENTED_EDGE ( 'NONE', *, *, #8622, .T. ) ;
#7638 = CC_DESIGN_SECURITY_CLASSIFICATION ( #9716, ( #771 ) ) ;
#7639 = ORIENTED_EDGE ( 'NONE', *, *, #2416, .F. ) ;
#7640 = CARTESIAN_POINT ( 'NONE',  ( 20.00000000000005700, 3.023087716210928200, 13.19014236134204100 ) ) ;
#7641 = DIRECTION ( 'NONE',  ( 0.0000000000000000000, 0.0000000000000000000, -1.000000000000000000 ) ) ;
#7642 = DIRECTION ( 'NONE',  ( -1.000000000000000000, -1.679403124341539000E-016, 1.865376329483171500E-017 ) ) ;
#7643 = DIRECTION ( 'NONE',  ( 1.000000000000000000, 0.0000000000000000000, 0.0000000000000000000 ) ) ;
#7644 = DIRECTION ( 'NONE',  ( 1.679403124341539000E-016, -1.000000000000000000, 0.0000000000000000000 ) ) ;
#7645 = CARTESIAN_POINT ( 'NONE',  ( 19.40000000000002700, -16.12516649986989100, 28.79201524191556100 ) ) ;
#7646 = ORIENTED_EDGE ( 'NONE', *, *, #1181, .F. ) ;
#7647 = CARTESIAN_POINT ( 'NONE',  ( 2.999999999999997800, 28.05797569319640100, -5.000000000000002700 ) ) ;
#7648 = ORIENTED_EDGE ( 'NONE', *, *, #3166, .F. ) ;
#7649 = CARTESIAN_POINT ( 'NONE',  ( 19.40000000000003400, -31.88548489069313500, -8.536719156860204500 ) ) ;
#7650 = CARTESIAN_POINT ( 'NONE',  ( -1.099999999866668700, 3.638570270401723300, -3.061172674610845000 ) ) ;
#7651 = EDGE_LOOP ( 'NONE', ( #5183, #3061, #2332, #8207 ) ) ;
#7652 = ORIENTED_EDGE ( 'NONE', *, *, #9513, .F. ) ;
#7653 = CARTESIAN_POINT ( 'NONE',  ( 19.40000000000003800, 24.81161742928877000, 22.51176135864809400 ) ) ;
#7654 = CARTESIAN_POINT ( 'NONE',  ( 6.999999999999999100, 0.0000000000000000000, -17.99999999999990100 ) ) ;
#7655 = CARTESIAN_POINT ( 'NONE',  ( 1.899999999999999900, 5.755839955992559700E-016, -4.700000000000000200 ) ) ;
#7656 = LINE ( 'NONE', #8345, #2107 ) ;
#7657 = DIRECTION ( 'NONE',  ( 0.0000000000000000000, 0.0000000000000000000, 1.000000000000000000 ) ) ;
#7658 = ORIENTED_EDGE ( 'NONE', *, *, #7606, .T. ) ;
#7659 = DIRECTION ( 'NONE',  ( 1.000000000000000000, 0.0000000000000000000, 0.0000000000000000000 ) ) ;
#7660 = AXIS2_PLACEMENT_3D ( 'NONE', #8020, #6474, #1143 ) ;
#7661 = DATE_AND_TIME ( #9674, #6103 ) ;
#7662 = VECTOR ( 'NONE', #3313, 1000.000000000000000 ) ;
#7663 = VERTEX_POINT ( 'NONE', #4743 ) ;
#7664 = CARTESIAN_POINT ( 'NONE',  ( -2.168404344971008900E-016, -29.57185129593798900, 9.810079759044681300 ) ) ;
#7665 = EDGE_CURVE ( 'NONE', #3417, #4237, #2412, .T. ) ;
#7666 = CARTESIAN_POINT ( 'NONE',  ( 21.00000000000006400, -23.40161567810394400, 18.77208450238537900 ) ) ;
#7667 = CARTESIAN_POINT ( 'NONE',  ( 19.00000000000000000, -15.55634918610412000, 15.55634918610482500 ) ) ;
#7668 = VERTEX_POINT ( 'NONE', #1752 ) ;
#7669 = CARTESIAN_POINT ( 'NONE',  ( 0.4999999999881765700, 15.91510639673288100, 18.91510639674027400 ) ) ;
#7670 = CARTESIAN_POINT ( 'NONE',  ( 20.00000000000006400, 6.453065162461569100, 11.85785532623536100 ) ) ;
#7671 = AXIS2_PLACEMENT_3D ( 'NONE', #340, #3436, #8137 ) ;
#7672 = CARTESIAN_POINT ( 'NONE',  ( 0.1500000000000009400, 25.90000000000000900, 2.894078711698373500 ) ) ;
#7673 = DIRECTION ( 'NONE',  ( 1.000000000000000000, 3.642919299551294900E-017, 2.775557561562891400E-017 ) ) ;
#7674 = APPROVAL_PERSON_ORGANIZATION ( #3570, #7314, #7987 ) ;
#7675 = CARTESIAN_POINT ( 'NONE',  ( -1.100000000000000100, 0.0000000000000000000, 4.700000000000000200 ) ) ;
#7676 = ORIENTED_EDGE ( 'NONE', *, *, #8701, .F. ) ;
#7677 = DIRECTION ( 'NONE',  ( 1.000000000000000000, 6.123233995736766000E-017, -0.0000000000000000000 ) ) ;
#7678 = DIRECTION ( 'NONE',  ( 1.000000000000000000, 0.0000000000000000000, 0.0000000000000000000 ) ) ;
#7679 = CARTESIAN_POINT ( 'NONE',  ( 19.40000000000003800, -28.84098703930302000, -16.03762709017768600 ) ) ;
#7680 = CARTESIAN_POINT ( 'NONE',  ( 0.2000000000000019800, 17.98825331743465100, -7.316732947448180400 ) ) ;
#7681 = B_SPLINE_CURVE_WITH_KNOTS ( 'NONE', 3,
 ( #6541, #3410, #1925, #2708, #7320, #5704, #8109, #3470, #417, #4267, #1032, #8847, #2607, #8749, #4145, #1068, #8285, #8319, #1245, #7451, #7384, #3675, #5126, #2875, #8941, #7419, #4377, #6609, #5931, #3540, #7488, #2811, #5896, #1348, #4338, #493, #8209, #1988, #9701, #8250, #5865, #2842, #7526, #1313, #3638, #4441, #6640, #2091, #6709, #9048, #6742, #2774, #8178, #8905, #9008, #4410, #449, #9733, #1278, #4299 ),
 .UNSPECIFIED., .F., .F.,
 ( 4, 1, 1, 1, 1, 2, 2, 1, 2, 2, 2, 1, 2, 2, 1, 1, 1, 2, 2, 2, 1, 1, 1, 1, 2, 2, 1, 2, 2, 2, 1, 2, 2, 1, 1, 1, 2, 2, 4 ),
 ( 0.0000000000000000000, 0.06250000000000088800, 0.09375000000000133200, 0.1093750000000015400, 0.1171875000000016700, 0.1210937500000017200, 0.1250000000000017800, 0.1562500000000020800, 0.1718750000000022200, 0.1875000000000023600, 0.2500000000000030000, 0.2812500000000033900, 0.2968750000000035500, 0.3125000000000037200, 0.3437500000000041600, 0.3593750000000044400, 0.3671875000000046100, 0.3710937500000046600, 0.3750000000000047200, 0.5000000000000043300, 0.5625000000000041100, 0.5937500000000040000, 0.6093750000000038900, 0.6171875000000038900, 0.6210937500000037700, 0.6250000000000037700, 0.6562500000000033300, 0.6718750000000031100, 0.6875000000000028900, 0.7500000000000022200, 0.7812500000000018900, 0.7968750000000016700, 0.8125000000000014400, 0.8437500000000011100, 0.8593750000000008900, 0.8671875000000007800, 0.8710937500000006700, 0.8750000000000006700, 1.000000000000000000 ),
 .UNSPECIFIED. ) ;
#7682 = EDGE_CURVE ( 'NONE', #7738, #9190, #2163, .T. ) ;
#7683 = CIRCLE ( 'NONE', #6720, 9.000000000000001800 ) ;
#7684 = AXIS2_PLACEMENT_3D ( 'NONE', #3865, #3133, #9268 ) ;
#7685 = CARTESIAN_POINT ( 'NONE',  ( 5.000000000000000000, -3.327635673973334400, 12.54641771492635400 ) ) ;
#7686 = VERTEX_POINT ( 'NONE', #8035 ) ;
#7687 = CARTESIAN_POINT ( 'NONE',  ( 24.00000000000006000, -18.96738926836105700, 22.63035349707300600 ) ) ;
#7688 = CARTESIAN_POINT ( 'NONE',  ( 6.999999999999999100, 0.0000000000000000000, 0.0000000000000000000 ) ) ;
#7689 = AXIS2_PLACEMENT_3D ( 'NONE', #8507, #7015, #5373 ) ;
#7690 = CARTESIAN_POINT ( 'NONE',  ( 8.999999999997102800, -3.250385001804063200, 5.972918644032115600 ) ) ;
#7691 = ORIENTED_EDGE ( 'NONE', *, *, #5971, .F. ) ;
#7692 = LINE ( 'NONE', #5773, #9945 ) ;
#7693 = CARTESIAN_POINT ( 'NONE',  ( -1.099999999832334000, 2.121822057897794100E-016, 5.249999999994769500 ) ) ;
#7694 =( GEOMETRIC_REPRESENTATION_CONTEXT ( 3 ) GLOBAL_UNCERTAINTY_ASSIGNED_CONTEXT ( ( #4402 ) ) GLOBAL_UNIT_ASSIGNED_CONTEXT ( ( #6022, #754, #1407 ) ) REPRESENTATION_CONTEXT ( 'NONE', 'WORKASPACE' ) );
#7695 = CARTESIAN_POINT ( 'NONE',  ( -2.168404344971008900E-016, -30.09921705118500800, 8.130791273981637700 ) ) ;
#7696 = CARTESIAN_POINT ( 'NONE',  ( 21.00000000000005700, -23.26768397324288500, 18.93730416350300100 ) ) ;
#7697 = CARTESIAN_POINT ( 'NONE',  ( 6.500999999999997700, 18.91510639674002500, 18.91510639674027400 ) ) ;
#7698 = DIRECTION ( 'NONE',  ( 1.000000000000000000, 0.0000000000000000000, 0.0000000000000000000 ) ) ;
#7699 = CARTESIAN_POINT ( 'NONE',  ( 2.000000000128237900, 0.6991244524403836800, -6.964999999999996300 ) ) ;
#7700 = VECTOR ( 'NONE', #5551, 1000.000000000000000 ) ;
#7701 = AXIS2_PLACEMENT_3D ( 'NONE', #402, #261, #4926 ) ;
#7702 = LINE ( 'NONE', #422, #9131 ) ;
#7703 = CARTESIAN_POINT ( 'NONE',  ( 20.00000000000006000, -4.146071457861077100, 12.84760346284831200 ) ) ;
#7704 = CARTESIAN_POINT ( 'NONE',  ( 0.0000000000000000000, 5.817072295949927400E-016, -4.750000000000000000 ) ) ;
#7705 = CARTESIAN_POINT ( 'NONE',  ( -1.999999999871762400, 4.365669383646813900E-014, -5.250000000000001800 ) ) ;
#7706 = CARTESIAN_POINT ( 'NONE',  ( 0.1500000000000011300, 24.40000000000000600, 0.7499999999999981100 ) ) ;
#7707 = ORIENTED_EDGE ( 'NONE', *, *, #2885, .T. ) ;
#7708 = DIRECTION ( 'NONE',  ( 0.0000000000000000000, 0.0000000000000000000, -1.000000000000000000 ) ) ;
#7709 = CYLINDRICAL_SURFACE ( 'NONE', #7407, 1.249999999999999300 ) ;
#7710 = DIRECTION ( 'NONE',  ( 1.000000000000000000, 0.0000000000000000000, 0.0000000000000000000 ) ) ;
#7711 = CARTESIAN_POINT ( 'NONE',  ( 19.40000000000004100, -10.49843564180002400, -31.28776521357354300 ) ) ;
#7712 = CARTESIAN_POINT ( 'NONE',  ( 0.2000000000000018200, 18.97279043341885400, -7.931251044790303500 ) ) ;
#7713 = LINE ( 'NONE', #2836, #709 ) ;
#7714 = ORIENTED_EDGE ( 'NONE', *, *, #5036, .F. ) ;
#7715 = AXIS2_PLACEMENT_3D ( 'NONE', #5045, #8928, #5914 ) ;
#7716 = AXIS2_PLACEMENT_3D ( 'NONE', #2208, #659, #1439 ) ;
#7717 = VERTEX_POINT ( 'NONE', #963 ) ;
#7718 = CARTESIAN_POINT ( 'NONE',  ( 19.40000000000002700, 24.23231254748116800, 23.13106841479393000 ) ) ;
#7719 = ORIENTED_EDGE ( 'NONE', *, *, #5398, .F. ) ;
#7720 = CARTESIAN_POINT ( 'NONE',  ( 1.200000000000000000, 17.50000000000000000, -5.999999999999991100 ) ) ;
#7721 = DIRECTION ( 'NONE',  ( 0.0000000000000000000, 0.0000000000000000000, 1.000000000000000000 ) ) ;
#7722 = DIRECTION ( 'NONE',  ( 0.0000000000000000000, 0.0000000000000000000, -1.000000000000000000 ) ) ;
#7723 = LINE ( 'NONE', #6241, #1933 ) ;
#7724 = CONICAL_SURFACE ( 'NONE', #3877, 7.499999999999992900, 0.7853981633974482800 ) ;
#7725 = CARTESIAN_POINT ( 'NONE',  ( -0.8441823162688008000, -0.6455901762554584500, -5.469408162263268200 ) ) ;
#7726 = LINE ( 'NONE', #8723, #8094 ) ;
#7727 = EDGE_CURVE ( 'NONE', #1298, #6347, #7846, .T. ) ;
#7728 = EDGE_LOOP ( 'NONE', ( #1233, #7159, #5818, #500 ) ) ;
#7729 = CONICAL_SURFACE ( 'NONE', #1519, 11.85000853396763900, 0.7853981633974876900 ) ;
#7730 = LINE ( 'NONE', #1448, #3867 ) ;
#7731 = CARTESIAN_POINT ( 'NONE',  ( -2.168404344971008400E-016, -30.65065229237228600, 5.550876408645319100 ) ) ;
#7732 = DIRECTION ( 'NONE',  ( -2.551063935260010300E-017, 1.000000000000000000, 0.0000000000000000000 ) ) ;
#7733 = VECTOR ( 'NONE', #4301, 1000.000000000000000 ) ;
#7734 = DIRECTION ( 'NONE',  ( 1.000000000000000000, 0.0000000000000000000, 0.0000000000000000000 ) ) ;
#7735 = CARTESIAN_POINT ( 'NONE',  ( 2.999999999999998200, 18.91510639674002500, 18.91510639674027400 ) ) ;
#7736 = AXIS2_PLACEMENT_3D ( 'NONE', #4636, #7673, #8455 ) ;
#7738 = VERTEX_POINT ( 'NONE', #4906 ) ;
#7737 = CARTESIAN_POINT ( 'NONE',  ( 0.0000000000000000000, -9.024091943764450000, -11.18103027596421300 ) ) ;
#7739 = EDGE_CURVE ( 'NONE', #4850, #4970, #3488, .T. ) ;
#7740 = CARTESIAN_POINT ( 'NONE',  ( 20.00000000000006000, 6.524056575701465000, 11.81894376830552900 ) ) ;
#7741 = CIRCLE ( 'NONE', #883, 1.499999999999990900 ) ;
#7742 = CARTESIAN_POINT ( 'NONE',  ( 19.40000000000003100, 4.172244515161886200E-015, 33.99999999999988600 ) ) ;
#7743 = CARTESIAN_POINT ( 'NONE',  ( 6.399999999999979000, 15.55634918610326000, -14.30634918610303600 ) ) ;
#7744 = PERSON_AND_ORGANIZATION_ROLE ( 'design_supplier' ) ;
#7745 = ORIENTED_EDGE ( 'NONE', *, *, #384, .T. ) ;
#7746 = CARTESIAN_POINT ( 'NONE',  ( 0.0000000000000000000, 0.0000000000000000000, -29.99999999999997900 ) ) ;
#7747 = CARTESIAN_POINT ( 'NONE',  ( 18.00000000000000700, 0.0000000000000000000, -17.99999999999990100 ) ) ;
#7748 = FACE_BOUND ( 'NONE', #1610, .T. ) ;
#7749 = ORIENTED_EDGE ( 'NONE', *, *, #6221, .T. ) ;
#7750 = DIRECTION ( 'NONE',  ( 1.000000000000000000, 1.679403124341539000E-016, -1.865376329483173100E-017 ) ) ;
#7751 = CARTESIAN_POINT ( 'NONE',  ( 19.40000000000003800, -5.163707711554232000, -32.67295704817595900 ) ) ;
#7752 = CARTESIAN_POINT ( 'NONE',  ( 27.30496494509936400, 5.042386180099899500E-017, -33.99999999999988600 ) ) ;
#7753 = ADVANCED_FACE ( 'NONE', ( #9017 ), #7900, .T. ) ;
#7754 = AXIS2_PLACEMENT_3D ( 'NONE', #7197, #9551, #1938 ) ;
#7755 = B_SPLINE_CURVE_WITH_KNOTS ( 'NONE', 3,
 ( #8038, #6263, #4987, #3497, #7376, #1234 ),
 .UNSPECIFIED., .F., .F.,
 ( 4, 2, 4 ),
 ( 1.425606499316659800E-015, 0.0005571810776118441600, 0.001114362155222262400 ),
 .UNSPECIFIED. ) ;
#7756 = CARTESIAN_POINT ( 'NONE',  ( 19.40000000000003400, 25.46918272074276900, 21.77492942391490500 ) ) ;
#7757 = CARTESIAN_POINT ( 'NONE',  ( 1.282376982381094900E-010, -1.092875789857602900E-016, -9.500000000000001800 ) ) ;
#7758 = ORIENTED_EDGE ( 'NONE', *, *, #3478, .F. ) ;
#7759 = CARTESIAN_POINT ( 'NONE',  ( -0.5999999999999926500, 0.0000000000000000000, 0.0000000000000000000 ) ) ;
#7760 = DIRECTION ( 'NONE',  ( -1.000000000000000000, -0.0000000000000000000, -0.0000000000000000000 ) ) ;
#7761 = CIRCLE ( 'NONE', #5453, 1.250000000000002900 ) ;
#7762 = DIRECTION ( 'NONE',  ( -1.000000000000000000, -0.0000000000000000000, -0.0000000000000000000 ) ) ;
#7763 = ORIENTED_EDGE ( 'NONE', *, *, #9745, .T. ) ;
#7764 = EDGE_CURVE ( 'NONE', #705, #8937, #4806, .T. ) ;
#7765 = EDGE_CURVE ( 'NONE', #5703, #1864, #1188, .T. ) ;
#7766 = AXIS2_PLACEMENT_3D ( 'NONE', #2738, #494, #8146 ) ;
#7767 = CARTESIAN_POINT ( 'NONE',  ( 0.0000000000000000000, 1.543054966925665300E-015, -12.60000000000000100 ) ) ;
#7768 = VERTEX_POINT ( 'NONE', #6463 ) ;
#7769 = AXIS2_PLACEMENT_3D ( 'NONE', #128, #7095, #1776 ) ;
#7770 = ORIENTED_EDGE ( 'NONE', *, *, #7163, .F. ) ;
#7771 = VERTEX_POINT ( 'NONE', #6397 ) ;
#7772 = ORIENTED_EDGE ( 'NONE', *, *, #9457, .T. ) ;
#7773 = PLANE ( 'NONE',  #739 ) ;
#7774 = CARTESIAN_POINT ( 'NONE',  ( 22.00000000000006000, 18.96738926836105300, -22.63035349707299200 ) ) ;
#7775 = DIRECTION ( 'NONE',  ( 0.0000000000000000000, 0.0000000000000000000, -1.000000000000000000 ) ) ;
#7776 = CARTESIAN_POINT ( 'NONE',  ( 3.000000000000000400, -15.55634918610525300, -15.55634918610283700 ) ) ;
#7777 = CARTESIAN_POINT ( 'NONE',  ( -1.099999999832334400, 5.249999999994769500, 5.390443857777260600E-014 ) ) ;
#7778 = EDGE_LOOP ( 'NONE', ( #5056, #4478, #5604, #2062 ) ) ;
#7779 = CIRCLE ( 'NONE', #6637, 3.000000000007142700 ) ;
#7780 = ORIENTED_EDGE ( 'NONE', *, *, #6524, .F. ) ;
#7781 = EDGE_LOOP ( 'NONE', ( #491, #6919, #8602, #9244 ) ) ;
#7782 = CARTESIAN_POINT ( 'NONE',  ( 20.00000000000006000, -4.228490981847305500, 12.82070918288583500 ) ) ;
#7783 = EDGE_CURVE ( 'NONE', #9548, #2756, #5542, .T. ) ;
#7784 = ORIENTED_EDGE ( 'NONE', *, *, #9558, .F. ) ;
#7785 = EDGE_CURVE ( 'NONE', #7404, #8389, #3241, .T. ) ;
#7786 = DIRECTION ( 'NONE',  ( 0.0000000000000000000, 0.0000000000000000000, -1.000000000000000000 ) ) ;
#7787 = DIRECTION ( 'NONE',  ( 0.0000000000000000000, 0.0000000000000000000, -1.000000000000000000 ) ) ;
#7788 = PERSON_AND_ORGANIZATION_ROLE ( 'creator' ) ;
#7789 = CARTESIAN_POINT ( 'NONE',  ( 8.999999999997104500, -4.350980707513969900, -5.225868010313697600 ) ) ;
#7790 = ADVANCED_FACE ( 'NONE', ( #4919, #9357, #1795, #5176, #1912, #4082, #7468 ), #4872, .T. ) ;
#7791 = CARTESIAN_POINT ( 'NONE',  ( 5.000000000000000000, -3.327635673973334400, 13.34641771492635500 ) ) ;
#7792 = DIRECTION ( 'NONE',  ( -1.000000000000000000, -0.0000000000000000000, -0.0000000000000000000 ) ) ;
#7793 = FACE_BOUND ( 'NONE', #6838, .T. ) ;
#7794 = VERTEX_POINT ( 'NONE', #8000 ) ;
#7795 = ORIENTED_EDGE ( 'NONE', *, *, #3785, .F. ) ;
#7796 = CARTESIAN_POINT ( 'NONE',  ( 19.40000000000003400, 1.928417491629670800, 33.44457319230166100 ) ) ;
#7797 = CARTESIAN_POINT ( 'NONE',  ( 23.78885438199990400, 19.54192959671149100, -23.31584850879730900 ) ) ;
#7798 = DIRECTION ( 'NONE',  ( -1.626303258728255200E-016, 1.000000000000000000, 0.0000000000000000000 ) ) ;
#7799 = CARTESIAN_POINT ( 'NONE',  ( 11.17070943148337400, 3.499549706947303600E-016, 3.750000000001902900 ) ) ;
#7800 = LOCAL_TIME ( 11, 40, 0.0000000000000000000, #675 ) ;
#7801 = CARTESIAN_POINT ( 'NONE',  ( -0.5999999998557564700, -0.8284926070827594000, 5.689999999991774100 ) ) ;
#7802 = ORIENTED_EDGE ( 'NONE', *, *, #4854, .T. ) ;
#7803 = AXIS2_PLACEMENT_3D ( 'NONE', #828, #4, #6969 ) ;
#7804 = ADVANCED_FACE ( 'NONE', ( #9963 ), #3956, .F. ) ;
#7805 = CARTESIAN_POINT ( 'NONE',  ( 0.0000000000000000000, 0.0000000000000000000, 0.0000000000000000000 ) ) ;
#7806 = EDGE_CURVE ( 'NONE', #6673, #7075, #6254, .T. ) ;
#7807 = CARTESIAN_POINT ( 'NONE',  ( -1.100000000000000100, 0.0000000000000000000, 0.0000000000000000000 ) ) ;
#7808 = FACE_OUTER_BOUND ( 'NONE', #5712, .T. ) ;
#7809 = DIRECTION ( 'NONE',  ( -1.000000000000000000, -0.0000000000000000000, -0.0000000000000000000 ) ) ;
#7810 = DIRECTION ( 'NONE',  ( 0.0000000000000000000, 0.6423556150033356000, -0.7664067222263166700 ) ) ;
#7811 = ORIENTED_EDGE ( 'NONE', *, *, #8391, .F. ) ;
#7812 = VERTEX_POINT ( 'NONE', #8099 ) ;
#7813 = AXIS2_PLACEMENT_3D ( 'NONE', #1018, #6320, #7814 ) ;
#7814 = DIRECTION ( 'NONE',  ( -1.807003620809172400E-016, 1.000000000000000000, 0.0000000000000000000 ) ) ;
#7815 = APPLICATION_CONTEXT ( 'configuration controlled 3d designs of mechanical parts and assemblies' ) ;
#7816 = FACE_OUTER_BOUND ( 'NONE', #6105, .T. ) ;
#7817 = CARTESIAN_POINT ( 'NONE',  ( 8.999999999997102800, -5.581004071011817800, 3.895917626208367700 ) ) ;
#7818 = CARTESIAN_POINT ( 'NONE',  ( -1.099999999832334400, 5.249999999994769500, 5.390443857777260600E-014 ) ) ;
#7819 = CARTESIAN_POINT ( 'NONE',  ( 20.00000000000005700, -10.08141159672998200, -8.988097029140671900 ) ) ;
#7820 = CARTESIAN_POINT ( 'NONE',  ( 0.1999999999999983500, 0.0000000000000000000, 0.0000000000000000000 ) ) ;
#7821 = CARTESIAN_POINT ( 'NONE',  ( 0.2000000000000018700, 18.82314314187026100, -7.882066286940809800 ) ) ;
#7822 = EDGE_CURVE ( 'NONE', #8709, #5194, #2891, .T. ) ;
#7823 = EDGE_CURVE ( 'NONE', #5220, #8521, #823, .T. ) ;
#7824 = VERTEX_POINT ( 'NONE', #6629 ) ;
#7825 = DIRECTION ( 'NONE',  ( -1.000000000000000000, -0.0000000000000000000, -0.0000000000000000000 ) ) ;
#7826 = CARTESIAN_POINT ( 'NONE',  ( 19.40000000000003100, -4.986576912578434500, 33.12686515920363900 ) ) ;
#7827 = DIRECTION ( 'NONE',  ( -1.000000000000000000, -6.123233995736766000E-017, -0.0000000000000000000 ) ) ;
#7828 = FACE_OUTER_BOUND ( 'NONE', #8007, .T. ) ;
#7829 = CARTESIAN_POINT ( 'NONE',  ( 1.200000000000000000, 19.50000000000000400, 5.999999999999992900 ) ) ;
#7830 = CARTESIAN_POINT ( 'NONE',  ( 0.2000000000000005100, 26.50000000000000400, -8.000000000000003600 ) ) ;
#7831 = AXIS2_PLACEMENT_3D ( 'NONE', #7978, #1105, #1894 ) ;
#7832 = ORIENTED_EDGE ( 'NONE', *, *, #2786, .T. ) ;
#7833 = ORIENTED_EDGE ( 'NONE', *, *, #6116, .F. ) ;
#7834 = FACE_OUTER_BOUND ( 'NONE', #4861, .T. ) ;
#7835 = ADVANCED_FACE ( 'NONE', ( #1175 ), #6493, .F. ) ;
#7836 = FACE_OUTER_BOUND ( 'NONE', #9382, .T. ) ;
#7837 = CC_DESIGN_PERSON_AND_ORGANIZATION_ASSIGNMENT ( #3086, #7788, ( #5952 ) ) ;
#7838 = CARTESIAN_POINT ( 'NONE',  ( 1.699756038043517500, 0.0000000000000000000, -33.62469504755424100 ) ) ;
#7839 = CARTESIAN_POINT ( 'NONE',  ( 0.0000000000000000000, 0.0000000000000000000, 0.0000000000000000000 ) ) ;
#7840 = DIRECTION ( 'NONE',  ( -1.037290278918901400E-016, 0.0000000000000000000, 1.000000000000000000 ) ) ;
#7841 = EDGE_CURVE ( 'NONE', #2215, #2202, #3475, .T. ) ;
#7842 = DIRECTION ( 'NONE',  ( -1.000000000000000000, -0.0000000000000000000, -0.0000000000000000000 ) ) ;
#7843 = CARTESIAN_POINT ( 'NONE',  ( 6.400000000000035000, -3.050624450842141000, 32.86720801670595900 ) ) ;
#7844 = ORIENTED_EDGE ( 'NONE', *, *, #860, .F. ) ;
#7845 = VERTEX_POINT ( 'NONE', #5020 ) ;
#7846 = CIRCLE ( 'NONE', #145, 32.19999999999984700 ) ;
#7847 = VECTOR ( 'NONE', #1754, 1000.000000000000000 ) ;
#7848 = DIRECTION ( 'NONE',  ( -1.626303258728255200E-016, 1.000000000000000000, 0.0000000000000000000 ) ) ;
#7849 = ORIENTED_EDGE ( 'NONE', *, *, #3303, .T. ) ;
#7850 = CARTESIAN_POINT ( 'NONE',  ( 0.0000000000000000000, -3.327635673973334400, 13.34641771492635500 ) ) ;
#7851 = APPROVAL_STATUS ( 'not_yet_approved' ) ;
#7852 = ADVANCED_FACE ( 'NONE', ( #7969, #5778 ), #374, .T. ) ;
#7853 = CARTESIAN_POINT ( 'NONE',  ( 8.999999999997104500, -6.384068548202055400, -2.352116895766669800 ) ) ;
#7854 = VERTEX_POINT ( 'NONE', #1092 ) ;
#7855 = DIRECTION ( 'NONE',  ( -1.000000000000000000, -0.0000000000000000000, -0.0000000000000000000 ) ) ;
#7856 = DIRECTION ( 'NONE',  ( 1.000000000000000000, 0.0000000000000000000, 0.0000000000000000000 ) ) ;
#7857 = ORIENTED_EDGE ( 'NONE', *, *, #5035, .F. ) ;
#7858 = CARTESIAN_POINT ( 'NONE',  ( 2.000000000128237900, 0.6991244524403330600, 6.965000000000002500 ) ) ;
#7859 = DIRECTION ( 'NONE',  ( 1.000000000000000000, 6.123233995736766000E-017, -0.0000000000000000000 ) ) ;
#7860 = FACE_OUTER_BOUND ( 'NONE', #6435, .T. ) ;
#7861 = FACE_OUTER_BOUND ( 'NONE', #1121, .T. ) ;
#7862 = ADVANCED_FACE ( 'NONE', ( #2037 ), #6141, .F. ) ;
#7863 = CARTESIAN_POINT ( 'NONE',  ( 5.000000000000000000, -9.024091943764450000, -10.38103027596421200 ) ) ;
#7864 = CYLINDRICAL_SURFACE ( 'NONE', #1942, 0.9999999999999995600 ) ;
#7865 = CARTESIAN_POINT ( 'NONE',  ( 19.40000000000003800, -12.81935447495006400, 30.97179555104362700 ) ) ;
#7866 = CARTESIAN_POINT ( 'NONE',  ( 0.4999999999881765700, 18.91510639674020700, -18.91510639674008600 ) ) ;
#7867 = DIRECTION ( 'NONE',  ( -1.000000000000000000, -0.0000000000000000000, -0.0000000000000000000 ) ) ;
#7868 = CARTESIAN_POINT ( 'NONE',  ( 3.000000000000000400, -15.55634918610401500, 15.55634918610525100 ) ) ;
#7869 = CARTESIAN_POINT ( 'NONE',  ( 0.0000000000000000000, 15.55634918610396700, 15.55634918610412100 ) ) ;
#7870 = CIRCLE ( 'NONE', #2254, 34.00000000000000000 ) ;
#7871 = EDGE_CURVE ( 'NONE', #8846, #4928, #7589, .T. ) ;
#7872 = CARTESIAN_POINT ( 'NONE',  ( 8.999999999997101000, 1.336537999601534100E-015, 11.04999999999995500 ) ) ;
#7873 = ORIENTED_EDGE ( 'NONE', *, *, #6221, .F. ) ;
#7874 = CIRCLE ( 'NONE', #458, 1.250000000000660400 ) ;
#7875 = EDGE_LOOP ( 'NONE', ( #9198, #9909, #6650, #854 ) ) ;
#7876 = CARTESIAN_POINT ( 'NONE',  ( 1.299999999997001800, -9.635334225049955800, 11.49610083339481500 ) ) ;
#7877 = PLANE ( 'NONE',  #3591 ) ;
#7878 = DIRECTION ( 'NONE',  ( 1.000000000000000000, 0.0000000000000000000, 0.0000000000000000000 ) ) ;
#7879 = VECTOR ( 'NONE', #9439, 1000.000000000000000 ) ;
#7880 = AXIS2_PLACEMENT_3D ( 'NONE', #2313, #7642, #8425 ) ;
#7881 = CARTESIAN_POINT ( 'NONE',  ( 6.400000000000035900, 12.76231706299165200, 30.44901483363609900 ) ) ;
#7882 = EDGE_LOOP ( 'NONE', ( #2654, #4417, #1719, #4355 ) ) ;
#7883 = ORIENTED_EDGE ( 'NONE', *, *, #7098, .F. ) ;
#7884 = VERTEX_POINT ( 'NONE', #1158 ) ;
#7885 = ORIENTED_EDGE ( 'NONE', *, *, #3581, .F. ) ;
#7886 = PERSON_AND_ORGANIZATION_ROLE ( 'creator' ) ;
#7887 = CARTESIAN_POINT ( 'NONE',  ( 8.999999999997104500, -5.972918644031822500, -3.250385001804399400 ) ) ;
#7888 = ORIENTED_EDGE ( 'NONE', *, *, #6737, .T. ) ;
#7889 = ADVANCED_FACE ( 'NONE', ( #1556 ), #5531, .F. ) ;
#7890 = CARTESIAN_POINT ( 'NONE',  ( 20.00000000000006400, -11.77922156527278800, 6.595852929592899400 ) ) ;
#7891 = ORIENTED_EDGE ( 'NONE', *, *, #7430, .F. ) ;
#7893 = ORIENTED_EDGE ( 'NONE', *, *, #8565, .T. ) ;
#7892 = DIRECTION ( 'NONE',  ( 1.000000000000000000, 0.0000000000000000000, 0.0000000000000000000 ) ) ;
#7894 = CARTESIAN_POINT ( 'NONE',  ( 23.92834014497567800, -65.56681638258706400, -15.62341848518261300 ) ) ;
#7895 = ORIENTED_EDGE ( 'NONE', *, *, #894, .F. ) ;
#7896 = DIRECTION ( 'NONE',  ( 0.0000000000000000000, 0.0000000000000000000, 1.000000000000000000 ) ) ;
#7897 = EDGE_LOOP ( 'NONE', ( #2879, #5992, #5342, #9862 ) ) ;
#7898 = AXIS2_PLACEMENT_3D ( 'NONE', #9165, #3886, #6887 ) ;
#7899 = DIRECTION ( 'NONE',  ( 0.0000000000000000000, 0.0000000000000000000, 1.000000000000000000 ) ) ;
#7900 = PLANE ( 'NONE',  #5530 ) ;
#7901 = CARTESIAN_POINT ( 'NONE',  ( 6.501000000000001200, -18.91510639674033800, 18.91510639673995400 ) ) ;
#7902 = DIRECTION ( 'NONE',  ( 0.0000000000000000000, -1.000000000000000000, 1.224646799147353200E-016 ) ) ;
#7903 = AXIS2_PLACEMENT_3D ( 'NONE', #8128, #8092, #4971 ) ;
#7904 = VERTEX_POINT ( 'NONE', #4980 ) ;
#7905 = ORIENTED_EDGE ( 'NONE', *, *, #7609, .F. ) ;
#7906 = ORIENTED_EDGE ( 'NONE', *, *, #6749, .T. ) ;
#7907 = AXIS2_PLACEMENT_3D ( 'NONE', #8582, #2326, #38 ) ;
#7908 = VERTEX_POINT ( 'NONE', #5792 ) ;
#7909 = CARTESIAN_POINT ( 'NONE',  ( 3.000000000000000900, -17.41510639674034900, 18.91510639673995400 ) ) ;
#7910 = ADVANCED_FACE ( 'NONE', ( #1312 ), #7709, .F. ) ;
#7911 = CARTESIAN_POINT ( 'NONE',  ( 24.00000000000006000, 14.13182353007338300, -16.86094788897896300 ) ) ;
#7912 = AXIS2_PLACEMENT_3D ( 'NONE', #2032, #4456, #1219 ) ;
#7913 = FACE_BOUND ( 'NONE', #3626, .T. ) ;
#7914 = ADVANCED_FACE ( 'NONE', ( #2402, #7223 ), #3494, .T. ) ;
#7915 = ORIENTED_EDGE ( 'NONE', *, *, #1023, .T. ) ;
#7916 = CARTESIAN_POINT ( 'NONE',  ( 1.892869739333573200, 67.73217434833361500, -33.86608717416681500 ) ) ;
#7917 = CARTESIAN_POINT ( 'NONE',  ( 23.92834014497567800, -19.36273067059045900, 23.10204285599830600 ) ) ;
#7918 = CARTESIAN_POINT ( 'NONE',  ( 19.40000000000003100, -30.97179555103640100, -12.81935447494476500 ) ) ;
#7919 = ORIENTED_EDGE ( 'NONE', *, *, #4622, .T. ) ;
#7920 = DIRECTION ( 'NONE',  ( -1.000000000000000000, -0.0000000000000000000, -0.0000000000000000000 ) ) ;
#7921 = CARTESIAN_POINT ( 'NONE',  ( 6.400000000000033200, 23.87063643965207400, 22.78582833510902000 ) ) ;
#7922 = DIRECTION ( 'NONE',  ( -1.000000000000000000, -6.123233995736766000E-017, -0.0000000000000000000 ) ) ;
#7923 = APPROVAL_DATE_TIME ( #7661, #3883 ) ;
#7924 = VECTOR ( 'NONE', #6368, 1000.000000000000000 ) ;
#7925 = EDGE_CURVE ( 'NONE', #4138, #4949, #9714, .T. ) ;
#7926 = ORIENTED_EDGE ( 'NONE', *, *, #4418, .F. ) ;
#7927 = AXIS2_PLACEMENT_3D ( 'NONE', #677, #7659, #1463 ) ;
#7928 = EDGE_LOOP ( 'NONE', ( #1174, #2702, #131, #4202 ) ) ;
#7929 = CARTESIAN_POINT ( 'NONE',  ( 8.999999999997106300, -6.488840304341062300, -2.033664520730919600 ) ) ;
#7930 = CARTESIAN_POINT ( 'NONE',  ( 1.000000000128238300, 6.950149218416823000, 4.893998744696104600 ) ) ;
#7931 = CARTESIAN_POINT ( 'NONE',  ( 20.00000000000006000, -12.67418399596937200, -4.669801561746306000 ) ) ;
#7932 = DIRECTION ( 'NONE',  ( 1.000000000000000000, 6.071532165918827900E-018, 5.551115123125788900E-017 ) ) ;
#7933 = CARTESIAN_POINT ( 'NONE',  ( 0.3191358715910878600, 29.90401310861136300, 4.999999999999999100 ) ) ;
#7934 = PERSON_AND_ORGANIZATION ( #6260, #2732 ) ;
#7935 = EDGE_CURVE ( 'NONE', #4138, #1964, #9840, .T. ) ;
#7936 = VERTEX_POINT ( 'NONE', #4322 ) ;
#7937 = DIRECTION ( 'NONE',  ( 0.0000000000000000000, 0.0000000000000000000, 1.000000000000000000 ) ) ;
#7938 = VERTEX_POINT ( 'NONE', #1193 ) ;
#7939 = LINE ( 'NONE', #9085, #4289 ) ;
#7940 = AXIS2_PLACEMENT_3D ( 'NONE', #6020, #1269, #2041 ) ;
#7941 = ADVANCED_FACE ( 'NONE', ( #7834 ), #7341, .T. ) ;
#7942 = ORIENTED_EDGE ( 'NONE', *, *, #6242, .T. ) ;
#7943 = EDGE_CURVE ( 'NONE', #5554, #8550, #1342, .T. ) ;
#7944 = DIRECTION ( 'NONE',  ( 1.000000000000000000, 6.071532165918827900E-018, 5.551115123125788900E-017 ) ) ;
#7945 = EDGE_CURVE ( 'NONE', #9773, #8130, #5294, .T. ) ;
#7946 = ORIENTED_EDGE ( 'NONE', *, *, #1154, .F. ) ;
#7947 = CARTESIAN_POINT ( 'NONE',  ( 19.40000000000003100, -24.23231254747616600, -23.13106841480210500 ) ) ;
#7948 = CARTESIAN_POINT ( 'NONE',  ( 6.400000000000034100, 11.36202497241614400, 31.01126060143473100 ) ) ;
#7949 = LINE ( 'NONE', #5802, #2751 ) ;
#7950 = DIRECTION ( 'NONE',  ( 0.0000000000000000000, 0.0000000000000000000, -1.000000000000000000 ) ) ;
#7951 = AXIS2_PLACEMENT_3D ( 'NONE', #3023, #9057, #7537 ) ;
#7952 = DIRECTION ( 'NONE',  ( 1.000000000000000000, 0.0000000000000000000, 0.0000000000000000000 ) ) ;
#7953 = ORIENTED_EDGE ( 'NONE', *, *, #3679, .T. ) ;
#7954 = ADVANCED_FACE ( 'NONE', ( #9253 ), #8333, .T. ) ;
#7955 = CARTESIAN_POINT ( 'NONE',  ( 1.000000000128238500, 7.849292605572689900, 3.261893060567165200 ) ) ;
#7956 = CIRCLE ( 'NONE', #2509, 1.249999999999999300 ) ;
#7957 = CARTESIAN_POINT ( 'NONE',  ( 20.00000000000006000, -3.970396374838714800, -12.90307253742154700 ) ) ;
#7958 = DIRECTION ( 'NONE',  ( 0.0000000000000000000, 0.0000000000000000000, -1.000000000000000000 ) ) ;
#7959 = DIRECTION ( 'NONE',  ( -1.000000000000000000, -6.123233995736766000E-017, -0.0000000000000000000 ) ) ;
#7960 = VECTOR ( 'NONE', #6850, 1000.000000000000000 ) ;
#7961 = ADVANCED_FACE ( 'NONE', ( #5895 ), #8771, .F. ) ;
#7962 = EDGE_CURVE ( 'NONE', #5833, #568, #5663, .T. ) ;
#7963 = CARTESIAN_POINT ( 'NONE',  ( -1.099999999866668500, 2.867249597345662000, 3.787939934120898600 ) ) ;
#7964 = ORIENTED_EDGE ( 'NONE', *, *, #3340, .T. ) ;
#7965 = ORIENTED_EDGE ( 'NONE', *, *, #3085, .T. ) ;
#7966 = CARTESIAN_POINT ( 'NONE',  ( 11.17070943148337400, -5.689999999999898300, 0.8284926070882301400 ) ) ;
#7967 = CLOSED_SHELL ( 'NONE', ( #6407, #435, #3997, #1759, #7080, #3342 ) ) ;
#7968 = CARTESIAN_POINT ( 'NONE',  ( 1.200000000000000000, 28.50000000000000000, -5.999999999999989300 ) ) ;
#7969 = FACE_OUTER_BOUND ( 'NONE', #6901, .T. ) ;
#7970 = AXIS2_PLACEMENT_3D ( 'NONE', #9277, #7007, #1060 ) ;
#7971 = FACE_BOUND ( 'NONE', #1343, .T. ) ;
#7972 = ORIENTED_EDGE ( 'NONE', *, *, #8466, .F. ) ;
#7973 = ORIENTED_EDGE ( 'NONE', *, *, #5746, .T. ) ;
#7974 = LINE ( 'NONE', #8916, #9863 ) ;
#7975 = LINE ( 'NONE', #9289, #4106 ) ;
#7976 = CARTESIAN_POINT ( 'NONE',  ( 19.00000000000000000, 15.55634918610396700, 16.80634918610412500 ) ) ;
#7977 = LINE ( 'NONE', #6945, #2544 ) ;
#7978 = CARTESIAN_POINT ( 'NONE',  ( 27.30496494509936100, 5.042386180099899500E-017, 4.610181650377063500E-016 ) ) ;
#7979 = EDGE_CURVE ( 'NONE', #8816, #6915, #9129, .T. ) ;
#7980 = CARTESIAN_POINT ( 'NONE',  ( 1.000000000128238500, -8.369740149689942400, 1.482723464959095000 ) ) ;
#7981 = EDGE_CURVE ( 'NONE', #7147, #2073, #3167, .T. ) ;
#7982 = CARTESIAN_POINT ( 'NONE',  ( 6.400000000000034100, 24.44129602330695400, 22.17576334247371900 ) ) ;
#7983 = EDGE_LOOP ( 'NONE', ( #9710, #8688, #199, #8553 ) ) ;
#7984 = CYLINDRICAL_SURFACE ( 'NONE', #6620, 0.8000000000000003800 ) ;
#7985 = CYLINDRICAL_SURFACE ( 'NONE', #6113, 1.249999999999796400 ) ;
#7986 = DIRECTION ( 'NONE',  ( 0.0000000000000000000, 0.0000000000000000000, -1.000000000000000000 ) ) ;
#7987 = APPROVAL_ROLE ( '' ) ;
#7988 = VECTOR ( 'NONE', #9892, 1000.000000000000000 ) ;
#7989 = EDGE_LOOP ( 'NONE', ( #1424, #3070 ) ) ;
#7990 = VERTEX_POINT ( 'NONE', #9692 ) ;
#7991 = CARTESIAN_POINT ( 'NONE',  ( 8.999999999997104500, 3.006832264071535500, -6.100876452832203300 ) ) ;
#7992 = CARTESIAN_POINT ( 'NONE',  ( 1.000000000128238300, 5.803080985854037100, -6.217760564397197600 ) ) ;
#7993 = ADVANCED_FACE ( 'NONE', ( #6014 ), #3603, .F. ) ;
#7994 = CARTESIAN_POINT ( 'NONE',  ( 18.00000000000000700, 2.204364238465223600E-015, 17.99999999999990100 ) ) ;
#7995 = CARTESIAN_POINT ( 'NONE',  ( 23.78885438199990100, -19.54192959671149100, 23.31584850879730900 ) ) ;
#7996 = CARTESIAN_POINT ( 'NONE',  ( -1.099999999866668500, 2.006578532135091300, 4.306699797923805300 ) ) ;
#7997 = VECTOR ( 'NONE', #6834, 1000.000000000000000 ) ;
#7998 = AXIS2_PLACEMENT_3D ( 'NONE', #6318, #1702, #154 ) ;
#7999 = ORIENTED_EDGE ( 'NONE', *, *, #3920, .F. ) ;
#8000 = CARTESIAN_POINT ( 'NONE',  ( -1.099999999866669000, -5.464378949288014500E-017, -4.749999999999929800 ) ) ;
#8001 = DIRECTION ( 'NONE',  ( -1.626303258728255200E-016, 1.000000000000000000, 0.0000000000000000000 ) ) ;
#8002 = CYLINDRICAL_SURFACE ( 'NONE', #2880, 26.60000000000002600 ) ;
#8003 = ORIENTED_EDGE ( 'NONE', *, *, #7783, .T. ) ;
#8004 = EDGE_CURVE ( 'NONE', #3633, #3684, #9476, .T. ) ;
#8005 = ADVANCED_FACE ( 'NONE', ( #1061 ), #1673, .F. ) ;
#8006 = DIRECTION ( 'NONE',  ( -1.000000000000000000, -0.0000000000000000000, -0.0000000000000000000 ) ) ;
#8007 = EDGE_LOOP ( 'NONE', ( #1563, #4763, #7811, #8933 ) ) ;
#8008 = ORIENTED_EDGE ( 'NONE', *, *, #1199, .T. ) ;
#8009 = ORIENTED_EDGE ( 'NONE', *, *, #2742, .T. ) ;
#8010 = VERTEX_POINT ( 'NONE', #3001 ) ;
#8011 = ADVANCED_FACE ( 'NONE', ( #5411 ), #8208, .F. ) ;
#8012 = DIRECTION ( 'NONE',  ( -1.000000000000000000, 0.0000000000000000000, 0.0000000000000000000 ) ) ;
#8013 = CARTESIAN_POINT ( 'NONE',  ( 19.40000000000003800, -25.46918272068911900, -21.77492942400249000 ) ) ;
#8014 = CARTESIAN_POINT ( 'NONE',  ( 1.000000000128238800, -3.000284323784430600, -7.952956208293660900 ) ) ;
#8015 = AXIS2_PLACEMENT_3D ( 'NONE', #916, #7089, #4120 ) ;
#8016 = CARTESIAN_POINT ( 'NONE',  ( 6.400000000000034100, -21.44992777218183000, 25.08904779472068100 ) ) ;
#8017 = ORIENTED_EDGE ( 'NONE', *, *, #7981, .T. ) ;
#8018 = EDGE_LOOP ( 'NONE', ( #769, #906, #6695, #1268 ) ) ;
#8019 = EDGE_LOOP ( 'NONE', ( #6549, #2318 ) ) ;
#8020 = CARTESIAN_POINT ( 'NONE',  ( 20.00000000000006000, 11.49610083339485200, 9.635334225049915000 ) ) ;
#8021 = ORIENTED_EDGE ( 'NONE', *, *, #6242, .F. ) ;
#8022 = EDGE_CURVE ( 'NONE', #7904, #5082, #3845, .T. ) ;
#8023 = EDGE_CURVE ( 'NONE', #1275, #7554, #3370, .T. ) ;
#8024 = APPROVAL_STATUS ( 'not_yet_approved' ) ;
#8025 = CARTESIAN_POINT ( 'NONE',  ( 8.999999999997104500, 2.033664520731382800, -6.488840304340906900 ) ) ;
#8026 = CARTESIAN_POINT ( 'NONE',  ( 1.000000000128238300, 5.595701791464781700, 6.425060948546207100 ) ) ;
#8027 = CARTESIAN_POINT ( 'NONE',  ( 0.2000000000000018200, 19.96667702163212600, -2.583431450670379100E-015 ) ) ;
#8028 = CARTESIAN_POINT ( 'NONE',  ( 20.00000000000006800, -4.132357408944291600, -12.85212447681589300 ) ) ;
#8029 = CARTESIAN_POINT ( 'NONE',  ( 21.00000000000005700, -3.987788483205716000, 29.73426877713013600 ) ) ;
#8030 = ORIENTED_EDGE ( 'NONE', *, *, #5690, .F. ) ;
#8031 = LINE ( 'NONE', #2905, #2099 ) ;
#8032 = AXIS2_PLACEMENT_3D ( 'NONE', #6279, #3982, #6313 ) ;
#8033 = VERTEX_POINT ( 'NONE', #9175 ) ;
#8034 = DIRECTION ( 'NONE',  ( 0.0000000000000000000, 0.0000000000000000000, -1.000000000000000000 ) ) ;
#8035 = CARTESIAN_POINT ( 'NONE',  ( 2.000000000128237900, 6.249999999999999100, 1.000000000000064600 ) ) ;
#8036 = DIRECTION ( 'NONE',  ( 0.0000000000000000000, -1.000000000000000000, 0.0000000000000000000 ) ) ;
#8037 = DIRECTION ( 'NONE',  ( 1.000000000000000000, 6.071532165918827900E-018, 5.551115123125788900E-017 ) ) ;
#8038 = CARTESIAN_POINT ( 'NONE',  ( -1.099999999832334000, 2.121822057897794100E-016, 5.249999999994769500 ) ) ;
#8039 = CC_DESIGN_PERSON_AND_ORGANIZATION_ASSIGNMENT ( #1263, #8665, ( #9169 ) ) ;
#8040 = CIRCLE ( 'NONE', #5635, 2.999999999999999100 ) ;
#8041 = ORIENTED_EDGE ( 'NONE', *, *, #4382, .F. ) ;
#8042 = EDGE_CURVE ( 'NONE', #62, #6867, #4678, .T. ) ;
#8043 = ORIENTED_EDGE ( 'NONE', *, *, #6930, .F. ) ;
#8044 = DIRECTION ( 'NONE',  ( -6.086749038515113000E-017, 1.000000000000000000, 0.0000000000000000000 ) ) ;
#8045 = DIRECTION ( 'NONE',  ( 1.000000000000000000, 6.071532165918827900E-018, 5.551115123125788900E-017 ) ) ;
#8046 = CARTESIAN_POINT ( 'NONE',  ( 19.40000000000003100, -33.44457319230048900, 1.928417491630938200 ) ) ;
#8047 = APPROVAL_PERSON_ORGANIZATION ( #7934, #1628, #2454 ) ;
#8048 = CARTESIAN_POINT ( 'NONE',  ( 1.000000000128238500, -5.595701791466571400, -6.425060948543477800 ) ) ;
#8049 = DIRECTION ( 'NONE',  ( 0.0000000000000000000, -1.000000000000000000, 0.0000000000000000000 ) ) ;
#8050 = ORIENTED_EDGE ( 'NONE', *, *, #5398, .T. ) ;
#8051 = DIRECTION ( 'NONE',  ( 0.0000000000000000000, -1.000000000000000000, 0.0000000000000000000 ) ) ;
#8052 = AXIS2_PLACEMENT_3D ( 'NONE', #6822, #2273, #7641 ) ;
#8053 = LINE ( 'NONE', #481, #9811 ) ;
#8054 = ADVANCED_FACE ( 'NONE', ( #9007 ), #7612, .T. ) ;
#8055 = DIRECTION ( 'NONE',  ( 1.000000000000000000, 0.0000000000000000000, 0.0000000000000000000 ) ) ;
#8056 = CARTESIAN_POINT ( 'NONE',  ( 1.000000000128238300, 6.793583944551591500, -5.142155221134825800 ) ) ;
#8057 = ORIENTED_EDGE ( 'NONE', *, *, #2829, .T. ) ;
#8058 = CARTESIAN_POINT ( 'NONE',  ( 20.00000000000006400, 6.308864498663264300, -11.93607134189667300 ) ) ;
#8059 = CARTESIAN_POINT ( 'NONE',  ( 21.00000000000006000, -8.492373289691322200, 28.79076347226812200 ) ) ;
#8060 = CARTESIAN_POINT ( 'NONE',  ( -2.168404344971009400E-016, 28.24276381760208900, 13.15746169045666200 ) ) ;
#8061 = ADVANCED_FACE ( 'NONE', ( #8541 ), #578, .F. ) ;
#8062 = ORIENTED_EDGE ( 'NONE', *, *, #2463, .F. ) ;
#8063 = CARTESIAN_POINT ( 'NONE',  ( -1.099999999866668300, 4.258140175669123700, 2.115708037433747800 ) ) ;
#8064 = EDGE_CURVE ( 'NONE', #2737, #3180, #6741, .T. ) ;
#8065 = CIRCLE ( 'NONE', #7907, 1.250000000000001100 ) ;
#8066 = CARTESIAN_POINT ( 'NONE',  ( 27.30496494509936100, 5.042386180099899500E-017, -26.60000000000002600 ) ) ;
#8067 = CARTESIAN_POINT ( 'NONE',  ( 19.40000000000003800, -21.77492942398046000, 25.46918272068947400 ) ) ;
#8068 = CARTESIAN_POINT ( 'NONE',  ( 0.0000000000000000000, 3.061616997868383100E-016, 2.500000000000000000 ) ) ;
#8069 = VERTEX_POINT ( 'NONE', #6060 ) ;
#8070 = AXIS2_PLACEMENT_3D ( 'NONE', #3859, #3765, #8401 ) ;
#8071 = CYLINDRICAL_SURFACE ( 'NONE', #6696, 5.749999999999886300 ) ;
#8072 = EDGE_CURVE ( 'NONE', #8650, #4242, #75, .T. ) ;
#8073 = LINE ( 'NONE', #5360, #8648 ) ;
#8074 = CARTESIAN_POINT ( 'NONE',  ( 19.40000000000003400, 26.12729706438179600, -20.18688923870383400 ) ) ;
#8075 = DIRECTION ( 'NONE',  ( 0.0000000000000000000, 0.0000000000000000000, -1.000000000000000000 ) ) ;
#8076 = DIRECTION ( 'NONE',  ( 0.0000000000000000000, 0.0000000000000000000, 1.000000000000000000 ) ) ;
#8077 = CARTESIAN_POINT ( 'NONE',  ( 19.40000000000003400, 4.986576912571205600, -33.12686515920577100 ) ) ;
#8078 = CARTESIAN_POINT ( 'NONE',  ( 1.000000000128238300, -6.217760564395198300, -5.803080985856741600 ) ) ;
#8079 = CARTESIAN_POINT ( 'NONE',  ( 6.400000000000035900, -23.65735026279073900, 23.03206244950128200 ) ) ;
#8080 = CIRCLE ( 'NONE', #1663, 1.250000000000955200 ) ;
#8081 = VECTOR ( 'NONE', #779, 1000.000000000000000 ) ;
#8082 = DIRECTION ( 'NONE',  ( 1.000000000000000000, 1.679403124341539000E-016, -1.865376329483173100E-017 ) ) ;
#8083 = AXIS2_PLACEMENT_3D ( 'NONE', #5321, #8484, #9240 ) ;
#8084 = MANIFOLD_SOLID_BREP ( '输入1', #2095 ) ;
#8085 = CARTESIAN_POINT ( 'NONE',  ( 8.999999999997102800, -1.063751759719679300, -6.732604824617324900 ) ) ;
#8086 = VERTEX_POINT ( 'NONE', #753 ) ;
#8087 = CARTESIAN_POINT ( 'NONE',  ( 21.00000000000006400, 14.93961499200750100, -26.01564389697997000 ) ) ;
#8088 = DIRECTION ( 'NONE',  ( 0.0000000000000000000, 0.0000000000000000000, 1.000000000000000000 ) ) ;
#8089 = CARTESIAN_POINT ( 'NONE',  ( 20.00000000000005700, -8.675171868610666700, -10.34369562856282300 ) ) ;
#8090 = ORIENTED_EDGE ( 'NONE', *, *, #3454, .F. ) ;
#8091 = CARTESIAN_POINT ( 'NONE',  ( 21.00000000000006400, -9.569680391764823200, 28.43276540042434100 ) ) ;
#8092 = DIRECTION ( 'NONE',  ( 1.000000000000000000, 0.0000000000000000000, 0.0000000000000000000 ) ) ;
#8093 = VECTOR ( 'NONE', #8351, 1000.000000000000000 ) ;
#8094 = VECTOR ( 'NONE', #216, 1000.000000000000000 ) ;
#8095 = AXIS2_PLACEMENT_3D ( 'NONE', #736, #9151, #1349 ) ;
#8096 = ORIENTED_EDGE ( 'NONE', *, *, #7461, .T. ) ;
#8097 = CARTESIAN_POINT ( 'NONE',  ( 2.171492092158872300, -67.99999999999964500, 33.99999999999983700 ) ) ;
#8098 = CARTESIAN_POINT ( 'NONE',  ( 20.00000000000006000, -9.635334225049955800, 11.49610083339481600 ) ) ;
#8099 = CARTESIAN_POINT ( 'NONE',  ( 1.000000000128238500, -0.6991244524403359400, 6.964999999999999900 ) ) ;
#8100 = ORIENTED_EDGE ( 'NONE', *, *, #6350, .F. ) ;
#8101 = AXIS2_PLACEMENT_3D ( 'NONE', #2331, #798, #2620 ) ;
#8102 = DIRECTION ( 'NONE',  ( 0.0000000000000000000, 0.0000000000000000000, -1.000000000000000000 ) ) ;
#8103 = FACE_OUTER_BOUND ( 'NONE', #1380, .T. ) ;
#8104 = VECTOR ( 'NONE', #6827, 1000.000000000000000 ) ;
#8105 = DIRECTION ( 'NONE',  ( 0.0000000000000000000, 0.0000000000000000000, -1.000000000000000000 ) ) ;
#8106 = CIRCLE ( 'NONE', #3310, 28.50000000000000000 ) ;
#8107 = ADVANCED_FACE ( 'NONE', ( #2643 ), #4440, .T. ) ;
#8108 = CARTESIAN_POINT ( 'NONE',  ( 2.999999999999998700, 15.55634918610407200, 15.55634918610401500 ) ) ;
#8109 = CARTESIAN_POINT ( 'NONE',  ( -1.099999999866668300, -1.678123408171592300, 4.443743745820602200 ) ) ;
#8110 = DIRECTION ( 'NONE',  ( 0.0000000000000000000, 0.0000000000000000000, 1.000000000000000000 ) ) ;
#8111 = CARTESIAN_POINT ( 'NONE',  ( 19.40000000000003800, 27.17497531262382900, -19.59092004407662900 ) ) ;
#8112 = LINE ( 'NONE', #7587, #2923 ) ;
#8113 = EDGE_CURVE ( 'NONE', #5836, #5659, #2155, .T. ) ;
#8114 = CARTESIAN_POINT ( 'NONE',  ( 1.000000000128238500, -8.364359669423921100, 1.512824100801059200 ) ) ;
#8115 = EDGE_CURVE ( 'NONE', #8600, #3787, #8080, .T. ) ;
#8116 = CARTESIAN_POINT ( 'NONE',  ( 8.999999999997104500, 5.581004071010096500, -3.895917626211103300 ) ) ;
#8117 = VERTEX_POINT ( 'NONE', #7743 ) ;
#8118 = FACE_OUTER_BOUND ( 'NONE', #252, .T. ) ;
#8119 = OPEN_SHELL ( 'NONE', ( #262, #9429 ) ) ;
#8120 = DIRECTION ( 'NONE',  ( -1.000000000000000000, -0.0000000000000000000, -0.0000000000000000000 ) ) ;
#8121 = FACE_OUTER_BOUND ( 'NONE', #7141, .T. ) ;
#8122 = CARTESIAN_POINT ( 'NONE',  ( 0.4999999999999988300, 18.91510639674002500, 18.91510639674027400 ) ) ;
#8123 = EDGE_CURVE ( 'NONE', #6965, #4695, #321, .T. ) ;
#8124 = CARTESIAN_POINT ( 'NONE',  ( 1.000000000128238500, 3.261893060566516400, -7.849292605573007000 ) ) ;
#8125 = CARTESIAN_POINT ( 'NONE',  ( 5.000000000000000000, -9.024091943764450000, -10.38103027596421200 ) ) ;
#8126 = CARTESIAN_POINT ( 'NONE',  ( 19.00000000000000000, -15.55634918610482300, -16.80634918610390100 ) ) ;
#8127 = CARTESIAN_POINT ( 'NONE',  ( 21.00000000000006400, 27.89696454434760000, 11.05370416096325300 ) ) ;
#8128 = CARTESIAN_POINT ( 'NONE',  ( 0.0000000000000000000, 0.0000000000000000000, 0.0000000000000000000 ) ) ;
#8129 = VERTEX_POINT ( 'NONE', #3892 ) ;
#8130 = VERTEX_POINT ( 'NONE', #4504 ) ;
#8131 = DIRECTION ( 'NONE',  ( 1.000000000000000000, 1.679403124341539000E-016, -1.865376329483173100E-017 ) ) ;
#8132 = DIRECTION ( 'NONE',  ( 1.000000000000000000, 6.071532165918827900E-018, 5.551115123125788900E-017 ) ) ;
#8133 = AXIS2_PLACEMENT_3D ( 'NONE', #3811, #5268, #9150 ) ;
#8134 = CARTESIAN_POINT ( 'NONE',  ( -1.100000000000000100, 3.061616997868383100E-016, 2.500000000000000000 ) ) ;
#8135 = ORIENTED_EDGE ( 'NONE', *, *, #9132, .F. ) ;
#8136 = EDGE_LOOP ( 'NONE', ( #8834, #5930 ) ) ;
#8137 = DIRECTION ( 'NONE',  ( 0.0000000000000000000, 0.0000000000000000000, -1.000000000000000000 ) ) ;
#8138 = EDGE_CURVE ( 'NONE', #2061, #8709, #2520, .T. ) ;
#8139 = ADVANCED_BREP_SHAPE_REPRESENTATION ( '', ( #8084, #8230 ), #7694 ) ;
#8140 = ORIENTED_EDGE ( 'NONE', *, *, #317, .T. ) ;
#8141 = ORIENTED_EDGE ( 'NONE', *, *, #1598, .F. ) ;
#8142 = EDGE_CURVE ( 'NONE', #4889, #4454, #9248, .T. ) ;
#8143 = CARTESIAN_POINT ( 'NONE',  ( 19.40000000000003400, 31.56147990111957900, -9.637322110070570600 ) ) ;
#8144 = EDGE_LOOP ( 'NONE', ( #2680, #4210 ) ) ;
#8145 = ORIENTED_EDGE ( 'NONE', *, *, #5934, .F. ) ;
#8146 = DIRECTION ( 'NONE',  ( 0.0000000000000000000, 0.0000000000000000000, 1.000000000000000000 ) ) ;
#8147 = EDGE_LOOP ( 'NONE', ( #9753, #9136 ) ) ;
#8148 = CARTESIAN_POINT ( 'NONE',  ( 19.40000000000003100, -1.928417491630838100, -33.44457319230051700 ) ) ;
#8149 = VERTEX_POINT ( 'NONE', #53 ) ;
#8150 = CARTESIAN_POINT ( 'NONE',  ( 1.000000000128238300, -4.040512574545015700, 7.487979943525755500 ) ) ;
#8151 = AXIS2_PLACEMENT_3D ( 'NONE', #1041, #1834, #7226 ) ;
#8152 = CARTESIAN_POINT ( 'NONE',  ( 8.999999999997104500, 5.926579882078075700, -3.334467489177049600 ) ) ;
#8153 = CARTESIAN_POINT ( 'NONE',  ( 0.1000000000000009200, 25.90000000000000200, -3.998403685112363000 ) ) ;
#8154 = CYLINDRICAL_SURFACE ( 'NONE', #6335, 4.750000000000000000 ) ;
#8155 = EDGE_CURVE ( 'NONE', #6066, #2992, #441, .T. ) ;
#8156 = EDGE_LOOP ( 'NONE', ( #8644, #9539, #73, #5055, #411 ) ) ;
#8157 = CARTESIAN_POINT ( 'NONE',  ( 21.00000000000005700, 9.484395564898189700, -28.46132834913253600 ) ) ;
#8158 = DIRECTION ( 'NONE',  ( -1.000000000000000000, -0.0000000000000000000, -0.0000000000000000000 ) ) ;
#8159 = DIRECTION ( 'NONE',  ( -1.000000000000000000, -0.0000000000000000000, -0.0000000000000000000 ) ) ;
#8160 = CARTESIAN_POINT ( 'NONE',  ( 21.00000000000006000, 25.29440715304871300, 16.14217259542562000 ) ) ;
#8161 = CARTESIAN_POINT ( 'NONE',  ( -2.168404344971009400E-016, 11.43528256740174600, 28.97428516715363900 ) ) ;
#8162 = ADVANCED_FACE ( 'NONE', ( #6851 ), #8534, .T. ) ;
#8163 = AXIS2_PLACEMENT_3D ( 'NONE', #8575, #5555, #2493 ) ;
#8164 = PERSON_AND_ORGANIZATION ( #6260, #2732 ) ;
#8165 = LINE ( 'NONE', #570, #4875 ) ;
#8166 = CARTESIAN_POINT ( 'NONE',  ( -1.099999999837564200, -1.092875789857602900E-016, -8.673617379884035500E-016 ) ) ;
#8167 = ORIENTED_EDGE ( 'NONE', *, *, #3547, .F. ) ;
#8168 = CARTESIAN_POINT ( 'NONE',  ( 0.4999999999881765700, 18.91510639674020700, -18.91510639674008600 ) ) ;
#8169 = CARTESIAN_POINT ( 'NONE',  ( -0.7257140799844551400, 5.574343046255602700, -0.7503170222423775100 ) ) ;
#8170 = DIRECTION ( 'NONE',  ( 0.0000000000000000000, 0.0000000000000000000, 1.000000000000000000 ) ) ;
#8171 = CARTESIAN_POINT ( 'NONE',  ( 6.400000000000035000, -33.01442740832489200, -1.113914919210938100 ) ) ;
#8172 = CC_DESIGN_APPROVAL ( #6094, ( #4534 ) ) ;
#8173 = CARTESIAN_POINT ( 'NONE',  ( 2.000000000128237900, -1.092875789857602900E-016, 6.249999999999999100 ) ) ;
#8174 = LOCAL_TIME ( 11, 40, 0.0000000000000000000, #8292 ) ;
#8175 = EDGE_CURVE ( 'NONE', #2195, #1964, #4560, .T. ) ;
#8176 = ORIENTED_EDGE ( 'NONE', *, *, #9034, .T. ) ;
#8177 = CARTESIAN_POINT ( 'NONE',  ( 0.5000000000450199900, -21.91510639670468700, 18.91510639673995400 ) ) ;
#8178 = CARTESIAN_POINT ( 'NONE',  ( -1.099999999866668500, -2.006578532132896200, -4.306699797925241500 ) ) ;
#8179 = EDGE_LOOP ( 'NONE', ( #4452, #5464, #1794, #7338, #9897, #3140 ) ) ;
#8180 = DIRECTION ( 'NONE',  ( 0.0000000000000000000, 0.6423556150033357100, -0.7664067222263167800 ) ) ;
#8181 = CARTESIAN_POINT ( 'NONE',  ( 19.40000000000003400, 20.25509831262081300, -26.72529216805252300 ) ) ;
#8182 = CARTESIAN_POINT ( 'NONE',  ( 6.500999999999997700, 15.55634918610283400, -15.55634918610407700 ) ) ;
#8183 = CARTESIAN_POINT ( 'NONE',  ( 8.999999999997104500, 5.932159950565703000, 3.324172896514622900 ) ) ;
#8184 = CARTESIAN_POINT ( 'NONE',  ( 1.500000000000029100, 0.0000000000000000000, 0.0000000000000000000 ) ) ;
#8185 = CARTESIAN_POINT ( 'NONE',  ( 0.1000000000000008100, 26.65000000000000200, -2.661168116285474200E-015 ) ) ;
#8186 = DIRECTION ( 'NONE',  ( 1.000000000000000000, 0.0000000000000000000, 0.0000000000000000000 ) ) ;
#8187 = CARTESIAN_POINT ( 'NONE',  ( 21.00000000000006000, -8.638642429325853900, -28.72938918303784200 ) ) ;
#8188 = CARTESIAN_POINT ( 'NONE',  ( 0.07589598640058846400, 63.18973996600122700, -31.59486998300062400 ) ) ;
#8189 = FACE_OUTER_BOUND ( 'NONE', #211, .T. ) ;
#8190 = DIRECTION ( 'NONE',  ( -1.000000000000000000, -6.123233995736766000E-017, -0.0000000000000000000 ) ) ;
#8191 = AXIS2_PLACEMENT_3D ( 'NONE', #4921, #5034, #1178 ) ;
#8192 = CARTESIAN_POINT ( 'NONE',  ( 21.00000000000005700, 19.07970166342852300, 23.15093466422737100 ) ) ;
#8193 = CARTESIAN_POINT ( 'NONE',  ( -2.168404344971008900E-016, 30.60598120472852200, 5.792129186679041200 ) ) ;
#8194 = VECTOR ( 'NONE', #962, 1000.000000000000000 ) ;
#8195 = EDGE_CURVE ( 'NONE', #7404, #952, #8652, .T. ) ;
#8196 = VERTEX_POINT ( 'NONE', #8177 ) ;
#8197 = CARTESIAN_POINT ( 'NONE',  ( 6.501000000000001200, -20.41510639674014300, -18.91510639674014300 ) ) ;
#8198 = ORIENTED_EDGE ( 'NONE', *, *, #7082, .T. ) ;
#8199 = DIRECTION ( 'NONE',  ( 0.0000000000000000000, 0.0000000000000000000, 1.000000000000000000 ) ) ;
#8200 = CARTESIAN_POINT ( 'NONE',  ( 0.1500000000000007200, 25.89999999999999900, -4.748403685112363900 ) ) ;
#8201 = VECTOR ( 'NONE', #3036, 1000.000000000000100 ) ;
#8202 = CARTESIAN_POINT ( 'NONE',  ( 6.400000000000035000, -32.95449659198819600, 1.732696345983470600 ) ) ;
#8203 = CYLINDRICAL_SURFACE ( 'NONE', #8589, 0.5000000000000004400 ) ;
#8204 = CARTESIAN_POINT ( 'NONE',  ( 1.900000000133333300, 3.499549706947303600E-016, 3.750000000001902900 ) ) ;
#8205 = AXIS2_PLACEMENT_3D ( 'NONE', #2764, #9664, #6668 ) ;
#8206 = EDGE_LOOP ( 'NONE', ( #7072, #7543, #2502, #2957, #2473 ) ) ;
#8207 = ORIENTED_EDGE ( 'NONE', *, *, #1037, .F. ) ;
#8208 = CYLINDRICAL_SURFACE ( 'NONE', #4564, 1.000000000000000000 ) ;
#8209 = CARTESIAN_POINT ( 'NONE',  ( -1.099999999866668700, -4.430286079266269700, -1.713306961514612400 ) ) ;
#8210 = DIRECTION ( 'NONE',  ( 1.000000000000000000, 0.0000000000000000000, 0.0000000000000000000 ) ) ;
#8211 = CONICAL_SURFACE ( 'NONE', #7970, 17.99999999999980100, 0.7853981633974639300 ) ;
#8212 = CARTESIAN_POINT ( 'NONE',  ( 19.40000000000003400, -15.75216353609206300, -29.63636661410628600 ) ) ;
#8213 = DIRECTION ( 'NONE',  ( -1.000000000000000000, -0.0000000000000000000, -0.0000000000000000000 ) ) ;
#8214 = CARTESIAN_POINT ( 'NONE',  ( 8.999999999997108100, 3.035898833260041000, 6.089029458956324500 ) ) ;
#8215 = EDGE_CURVE ( 'NONE', #6547, #4229, #9952, .T. ) ;
#8216 = EDGE_LOOP ( 'NONE', ( #8835, #8953, #459, #1859 ) ) ;
#8217 = DIRECTION ( 'NONE',  ( 0.0000000000000000000, 0.0000000000000000000, 1.000000000000000000 ) ) ;
#8218 = FACE_OUTER_BOUND ( 'NONE', #7209, .T. ) ;
#8219 = FACE_OUTER_BOUND ( 'NONE', #9116, .T. ) ;
#8220 = AXIS2_PLACEMENT_3D ( 'NONE', #5040, #5142, #8958 ) ;
#8221 = CIRCLE ( 'NONE', #8302, 1.000000000000000900 ) ;
#8222 = CARTESIAN_POINT ( 'NONE',  ( 2.999999999999997800, 28.05797569319640100, 5.000000000000000900 ) ) ;
#8223 = CARTESIAN_POINT ( 'NONE',  ( 21.00000000000006800, -7.829761025630288500, -28.96233685042910400 ) ) ;
#8224 = CARTESIAN_POINT ( 'NONE',  ( 2.900000000133330600, -1.092875789857602900E-016, -3.750000000001904700 ) ) ;
#8225 = CARTESIAN_POINT ( 'NONE',  ( 21.00000000000006000, 25.91542369095825300, 15.11338749857274000 ) ) ;
#8226 = CARTESIAN_POINT ( 'NONE',  ( -2.168404344971008400E-016, 11.67965702576157700, -28.87675955815105100 ) ) ;
#8227 = ORIENTED_EDGE ( 'NONE', *, *, #7665, .T. ) ;
#8228 = AXIS2_PLACEMENT_3D ( 'NONE', #6358, #7859, #130 ) ;
#8229 = CYLINDRICAL_SURFACE ( 'NONE', #6949, 4.700000000000000200 ) ;
#8230 = AXIS2_PLACEMENT_3D ( 'NONE', #2178, #6158, #1539 ) ;
#8231 = FACE_OUTER_BOUND ( 'NONE', #4960, .T. ) ;
#8232 = CIRCLE ( 'NONE', #7172, 1.000000000000000000 ) ;
#8233 = DIRECTION ( 'NONE',  ( -1.000000000000000000, 0.0000000000000000000, 0.0000000000000000000 ) ) ;
#8234 = ORIENTED_EDGE ( 'NONE', *, *, #5023, .F. ) ;
#8236 = ORIENTED_EDGE ( 'NONE', *, *, #9604, .T. ) ;
#8235 = CARTESIAN_POINT ( 'NONE',  ( 0.0000000000000000000, 19.50000000000000400, 5.999999999999992900 ) ) ;
#8237 = CARTESIAN_POINT ( 'NONE',  ( 0.2000000000000004800, 27.71914732198949200, 7.609174792222428400 ) ) ;
#8238 = DIRECTION ( 'NONE',  ( 1.000000000000000000, 0.0000000000000000000, 0.0000000000000000000 ) ) ;
#8239 = AXIS2_PLACEMENT_3D ( 'NONE', #7103, #4671, #3233 ) ;
#8240 = CARTESIAN_POINT ( 'NONE',  ( 6.400000000000037700, -28.03495213840584600, -17.40824518847516700 ) ) ;
#8241 = CARTESIAN_POINT ( 'NONE',  ( 0.1999999999999987900, 0.0000000000000000000, 0.0000000000000000000 ) ) ;
#8242 = CARTESIAN_POINT ( 'NONE',  ( -9.005051526134015100E-016, 15.91510639674020800, -18.91510639674008600 ) ) ;
#8243 = CIRCLE ( 'NONE', #2312, 1.000000000000000000 ) ;
#8244 = DIRECTION ( 'NONE',  ( -1.000000000000000000, -4.102801997461064300E-018, -4.248195126861483300E-017 ) ) ;
#8245 = ORIENTED_EDGE ( 'NONE', *, *, #1918, .T. ) ;
#8246 = FACE_OUTER_BOUND ( 'NONE', #8156, .T. ) ;
#8247 = CARTESIAN_POINT ( 'NONE',  ( 21.00000000000006000, 14.13182353007338300, -15.61094788897896300 ) ) ;
#8248 = CARTESIAN_POINT ( 'NONE',  ( 19.40000000000003100, 30.98123640680739000, 11.41530169728243700 ) ) ;
#8249 = ORIENTED_EDGE ( 'NONE', *, *, #2084, .F. ) ;
#8250 = CARTESIAN_POINT ( 'NONE',  ( -1.099999999866668500, -4.258140175668462000, -2.115708037434759000 ) ) ;
#8251 = CARTESIAN_POINT ( 'NONE',  ( 2.999999999999998700, 15.55634918610407200, 14.30634918610401300 ) ) ;
#8252 = CARTESIAN_POINT ( 'NONE',  ( 1.000000000128238500, 1.040949779275250100E-015, 8.500000000000000000 ) ) ;
#8253 = CARTESIAN_POINT ( 'NONE',  ( 8.999999999997104500, 6.384068548202145100, 2.352116895766880800 ) ) ;
#8254 = AXIS2_PLACEMENT_3D ( 'NONE', #6627, #5884, #5015 ) ;
#8255 = AXIS2_PLACEMENT_3D ( 'NONE', #2244, #8398, #9134 ) ;
#8256 = CARTESIAN_POINT ( 'NONE',  ( 0.0000000000000000000, 0.0000000000000000000, 4.700000000000000200 ) ) ;
#8257 = ORIENTED_EDGE ( 'NONE', *, *, #8042, .T. ) ;
#8258 = VERTEX_POINT ( 'NONE', #8776 ) ;
#8259 = DIRECTION ( 'NONE',  ( 0.0000000000000000000, 0.0000000000000000000, 1.000000000000000000 ) ) ;
#8260 = EDGE_LOOP ( 'NONE', ( #8423, #932, #9004, #2817 ) ) ;
#8261 = DIRECTION ( 'NONE',  ( 1.000000000000000000, -0.0000000000000000000, -0.0000000000000000000 ) ) ;
#8262 = EDGE_CURVE ( 'NONE', #2947, #7002, #4793, .T. ) ;
#8263 = CARTESIAN_POINT ( 'NONE',  ( 21.00000000000006000, -28.43276540042417400, -9.569680391767361600 ) ) ;
#8264 = CARTESIAN_POINT ( 'NONE',  ( 21.00000000000006000, -14.13182353007326400, 18.11094788897906200 ) ) ;
#8265 = CARTESIAN_POINT ( 'NONE',  ( 21.00000000000006400, 29.77428083519579600, 3.673718206412351300 ) ) ;
#8266 = CARTESIAN_POINT ( 'NONE',  ( -2.168404344971008900E-016, 30.66652363680818600, -5.463008564345996900 ) ) ;
#8267 = EDGE_LOOP ( 'NONE', ( #3539, #748, #6462, #1237 ) ) ;
#8268 = ORIENTED_EDGE ( 'NONE', *, *, #4018, .F. ) ;
#8269 = ORIENTED_EDGE ( 'NONE', *, *, #6932, .F. ) ;
#8270 = CARTESIAN_POINT ( 'NONE',  ( 20.00000000000005700, 12.66978546817958900, -4.671192535521023500 ) ) ;
#8271 = CARTESIAN_POINT ( 'NONE',  ( 0.2000000000000002300, 28.37109570898181200, -6.706574407031720100 ) ) ;
#8272 = AXIS2_PLACEMENT_3D ( 'NONE', #4951, #4171, #7418 ) ;
#8273 = CARTESIAN_POINT ( 'NONE',  ( 0.2000000000000009000, 25.40000000000000200, 4.394078711698373500 ) ) ;
#8274 = CARTESIAN_POINT ( 'NONE',  ( 6.000000000000000000, -3.061616997868383000E-017, 0.0000000000000000000 ) ) ;
#8275 = CARTESIAN_POINT ( 'NONE',  ( 6.400000000000036800, -8.415336244309427700, -31.90941538297102700 ) ) ;
#8276 = EDGE_CURVE ( 'NONE', #6683, #4933, #8433, .T. ) ;
#8277 = FACE_OUTER_BOUND ( 'NONE', #9317, .T. ) ;
#8278 = DIRECTION ( 'NONE',  ( -1.000000000000000000, -0.0000000000000000000, -0.0000000000000000000 ) ) ;
#8279 = CARTESIAN_POINT ( 'NONE',  ( 19.40000000000003400, -25.42465917330975600, 21.03777052667022200 ) ) ;
#8280 = DIRECTION ( 'NONE',  ( 1.000000000000000000, 6.071532165918827900E-018, 5.551115123125788900E-017 ) ) ;
#8281 = ORIENTED_EDGE ( 'NONE', *, *, #3682, .T. ) ;
#8282 = B_SPLINE_CURVE_WITH_KNOTS ( 'NONE', 3,
 ( #9563, #5860, #1271, #2803, #5049, #6602, #5796, #6632, #2044, #1161, #1982, #5829, #7410, #1128, #8899, #7444, #6567, #8202, #4292, #5086, #8171, #6533, #2700, #1913, #7313, #2833, #3464, #5021, #443, #1947, #3566, #8934, #4325, #482, #8240, #6825, #3662, #7548, #5956, #9105, #1336, #8342, #6797, #6765, #9039, #5185, #7614, #1446, #2869, #3595, #5285, #9761, #3701, #2212, #3627, #4366, #8308, #2938, #6023, #8971, #4506, #8275, #2113, #7516, #2179, #9871, #553, #8996, #4401, #4430, #6732, #2901, #1373, #9072, #7578, #2975, #9799, #2146, #4468, #9723, #3732, #2079, #622, #663, #5221, #585, #5153, #1305, #6063, #5988, #5259, #9831, #1409, #8375, #519, #5921, #6700, #7476, #6935, #786, #4606, #6192, #5447, #5349, #755, #9961, #5410, #9140, #3099, #1608, #9933, #2349, #8482, #3861 ),
 .UNSPECIFIED., .F., .F.,
 ( 4, 1, 1, 1, 1, 1, 2, 2, 1, 1, 1, 1, 1, 2, 2, 1, 1, 1, 1, 2, 2, 2, 1, 1, 1, 1, 2, 2, 1, 1, 1, 1, 1, 2, 2, 1, 1, 1, 1, 1, 2, 2, 2, 1, 1, 1, 1, 1, 2, 2, 1, 1, 1, 1, 1, 2, 2, 1, 1, 1, 1, 2, 2, 2, 1, 1, 1, 1, 2, 2, 1, 1, 1, 1, 1, 2, 2, 1, 1, 1, 1, 1, 2, 2, 4 ),
 ( 0.0000000000000000000, 0.03124999999999741200, 0.04687499999999612800, 0.05468749999999546200, 0.05859374999999510100, 0.06054687499999494200, 0.06152343749999487200, 0.06249999999999479600, 0.09374999999999267300, 0.1093749999999916300, 0.1171874999999911200, 0.1210937499999908500, 0.1230468749999907300, 0.1240234374999906600, 0.1249999999999905900, 0.1562499999999885100, 0.1718749999999874500, 0.1796874999999869500, 0.1835937499999867100, 0.1855468749999865700, 0.1874999999999864300, 0.2499999999999811300, 0.2812499999999784600, 0.2968749999999770700, 0.3046874999999764100, 0.3085937499999761300, 0.3105468749999759600, 0.3124999999999758000, 0.3437499999999721900, 0.3593749999999703600, 0.3671874999999694100, 0.3710937499999688600, 0.3730468749999685800, 0.3740234374999684700, 0.3749999999999683600, 0.4062499999999650800, 0.4218749999999635300, 0.4296874999999627500, 0.4335937499999623600, 0.4355468749999622000, 0.4365234374999622000, 0.4374999999999621400, 0.4999999999999624700, 0.5312499999999627000, 0.5468749999999628100, 0.5546874999999628100, 0.5585937499999628100, 0.5605468749999629200, 0.5615234374999629200, 0.5624999999999629200, 0.5937499999999648100, 0.6093749999999656900, 0.6171874999999662500, 0.6210937499999664700, 0.6230468749999665800, 0.6240234374999665800, 0.6249999999999666900, 0.6562499999999684700, 0.6718749999999694700, 0.6796874999999699100, 0.6835937499999701400, 0.6855468749999702500, 0.6874999999999702500, 0.7499999999999739100, 0.7812499999999758000, 0.7968749999999768000, 0.8046874999999773500, 0.8085937499999776800, 0.8105468749999778000, 0.8124999999999780200, 0.8437499999999799000, 0.8593749999999807900, 0.8671874999999812400, 0.8710937499999814600, 0.8730468749999815700, 0.8740234374999815700, 0.8749999999999815700, 0.9062499999999840100, 0.9218749999999851200, 0.9296874999999856800, 0.9335937499999861200, 0.9355468749999862300, 0.9365234374999863400, 0.9374999999999865700, 1.000000000000000000 ),
 .UNSPECIFIED. ) ;
#8283 = CARTESIAN_POINT ( 'NONE',  ( -2.168404344971008400E-016, -27.92295119320960600, 13.87576178501177700 ) ) ;
#8284 = CARTESIAN_POINT ( 'NONE',  ( 19.40000000000003400, 26.58772783638229200, 19.65103741681490500 ) ) ;
#8285 = CARTESIAN_POINT ( 'NONE',  ( -1.099999999866668700, -3.474580997098469100, 3.242959681625582600 ) ) ;
#8286 = DIRECTION ( 'NONE',  ( -1.679403124341539000E-016, 1.000000000000000000, -0.0000000000000000000 ) ) ;
#8287 = FACE_BOUND ( 'NONE', #9301, .T. ) ;
#8288 = AXIS2_PLACEMENT_3D ( 'NONE', #9593, #1984, #8105 ) ;
#8289 = CARTESIAN_POINT ( 'NONE',  ( 8.999999999997102800, -2.033664520730027500, 6.488840304341163500 ) ) ;
#8290 = ORIENTED_EDGE ( 'NONE', *, *, #3503, .F. ) ;
#8291 = EDGE_CURVE ( 'NONE', #1195, #2441, #7956, .T. ) ;
#8292 = COORDINATED_UNIVERSAL_TIME_OFFSET ( 8, 0, .AHEAD. ) ;
#8293 = AXIS2_PLACEMENT_3D ( 'NONE', #5317, #723, #662 ) ;
#8294 = CARTESIAN_POINT ( 'NONE',  ( 6.501000000000001200, -18.91510639674015300, -18.91510639674014300 ) ) ;
#8295 = COORDINATED_UNIVERSAL_TIME_OFFSET ( 8, 0, .AHEAD. ) ;
#8296 = CARTESIAN_POINT ( 'NONE',  ( 21.00000000000006800, -18.77208450240416200, -23.40161567809194000 ) ) ;
#8297 = CARTESIAN_POINT ( 'NONE',  ( 4.315194346083972000E-015, 62.75701428497708200, -31.37850714248854800 ) ) ;
#8298 = ORIENTED_EDGE ( 'NONE', *, *, #3253, .T. ) ;
#8299 = DIRECTION ( 'NONE',  ( -5.551115123125788900E-017, 0.0000000000000000000, 1.000000000000000000 ) ) ;
#8300 = CARTESIAN_POINT ( 'NONE',  ( 19.00000000000000000, 15.55634918610396700, 14.30634918610412100 ) ) ;
#8301 = CARTESIAN_POINT ( 'NONE',  ( -2.168404344971009400E-016, 17.43702778569305400, -25.81195150591898400 ) ) ;
#8302 = AXIS2_PLACEMENT_3D ( 'NONE', #4805, #7902, #3175 ) ;
#8303 = CARTESIAN_POINT ( 'NONE',  ( 20.00000000000006000, 13.43094172413957000, 1.365086153617673300 ) ) ;
#8305 = DIRECTION ( 'NONE',  ( -1.000000000000000000, -0.0000000000000000000, -0.0000000000000000000 ) ) ;
#8304 = CIRCLE ( 'NONE', #2534, 1.250000000000002900 ) ;
#8306 = DIRECTION ( 'NONE',  ( 0.0000000000000000000, 0.6423556150033356000, -0.7664067222263166700 ) ) ;
#8307 = EDGE_LOOP ( 'NONE', ( #5235, #1635, #3532, #9683 ) ) ;
#8308 = CARTESIAN_POINT ( 'NONE',  ( 6.400000000000036800, -15.51705162164011200, -29.19403452816094500 ) ) ;
#8309 = CARTESIAN_POINT ( 'NONE',  ( 1.192622389734054900E-015, -18.91510639674015300, -18.91510639674014300 ) ) ;
#8310 = CARTESIAN_POINT ( 'NONE',  ( 19.40000000000003400, -31.56147990111846700, 9.637322110076082600 ) ) ;
#8311 = CARTESIAN_POINT ( 'NONE',  ( -1.099999999866668700, 4.409548506091904400, -1.765989345988452400 ) ) ;
#8312 = ORIENTED_EDGE ( 'NONE', *, *, #670, .F. ) ;
#8313 = EDGE_CURVE ( 'NONE', #8829, #6386, #310, .T. ) ;
#8314 = CARTESIAN_POINT ( 'NONE',  ( 1.282376982381094900E-010, -6.250000000000000000, 0.9999999999999768000 ) ) ;
#8315 = EDGE_CURVE ( 'NONE', #1112, #4021, #6613, .T. ) ;
#8316 = VECTOR ( 'NONE', #4066, 1000.000000000000000 ) ;
#8317 = CARTESIAN_POINT ( 'NONE',  ( -2.168404344971008900E-016, -26.32121519915611800, 16.65830011091201300 ) ) ;
#8318 = CARTESIAN_POINT ( 'NONE',  ( 19.40000000000003400, 15.91839903386673200, 28.90696445448106300 ) ) ;
#8319 = CARTESIAN_POINT ( 'NONE',  ( -1.099999999866668500, -3.638570270401877000, 3.061172674610686400 ) ) ;
#8320 = DIRECTION ( 'NONE',  ( 0.0000000000000000000, 0.0000000000000000000, 1.000000000000000000 ) ) ;
#8321 = CARTESIAN_POINT ( 'NONE',  ( 8.999999999997104500, 0.3628413872789874600, 6.794380685391063300 ) ) ;
#8322 = VERTEX_POINT ( 'NONE', #5093 ) ;
#8323 = CIRCLE ( 'NONE', #4427, 16.99999999999977300 ) ;
#8324 = DIRECTION ( 'NONE',  ( 0.0000000000000000000, 0.0000000000000000000, -1.000000000000000000 ) ) ;
#8325 = CIRCLE ( 'NONE', #8772, 5.249999999989539900 ) ;
#8326 = CARTESIAN_POINT ( 'NONE',  ( -2.168404344971008600E-016, -5.609452812982118200, -30.63998573522678700 ) ) ;
#8327 = EDGE_LOOP ( 'NONE', ( #3730, #511, #5639, #2918 ) ) ;
#8328 = CARTESIAN_POINT ( 'NONE',  ( 21.00000000000006000, -25.29440715305766200, -16.14217259539579500 ) ) ;
#8329 = CARTESIAN_POINT ( 'NONE',  ( 23.70000000000010600, 2.853620117981907900E-017, -26.60000000000002600 ) ) ;
#8330 = CARTESIAN_POINT ( 'NONE',  ( 2.000000000128237900, -1.092875789857602900E-016, 6.249999999999999100 ) ) ;
#8331 = AXIS2_PLACEMENT_3D ( 'NONE', #5456, #1619, #7005 ) ;
#8332 = CARTESIAN_POINT ( 'NONE',  ( -2.168404344971009400E-016, 29.27730359990323100, -10.64090942213518100 ) ) ;
#8333 = CYLINDRICAL_SURFACE ( 'NONE', #4165, 31.50000000000000700 ) ;
#8334 = CYLINDRICAL_SURFACE ( 'NONE', #5499, 2.000000000000000900 ) ;
#8335 = EDGE_CURVE ( 'NONE', #923, #3283, #8461, .T. ) ;
#8336 = CARTESIAN_POINT ( 'NONE',  ( 20.00000000000006400, 7.091580457919474300, 11.49110162724748300 ) ) ;
#8337 = DIRECTION ( 'NONE',  ( -1.000000000000000000, -0.0000000000000000000, -0.0000000000000000000 ) ) ;
#8338 = DIRECTION ( 'NONE',  ( -5.880418562633243500E-017, 1.000000000000000000, 0.0000000000000000000 ) ) ;
#8339 = ORIENTED_EDGE ( 'NONE', *, *, #3630, .T. ) ;
#8340 = CARTESIAN_POINT ( 'NONE',  ( 0.0000000000000000000, 9.024091943764368300, -9.581030275964279100 ) ) ;
#8341 = VERTEX_POINT ( 'NONE', #2213 ) ;
#8342 = CARTESIAN_POINT ( 'NONE',  ( 6.400000000000035900, -24.11015247661749000, -22.53299652437598500 ) ) ;
#8343 = CIRCLE ( 'NONE', #9314, 0.7500000000000006700 ) ;
#8344 = CARTESIAN_POINT ( 'NONE',  ( 19.40000000000003800, -31.54148933454225600, 9.702541434490090200 ) ) ;
#8345 = CARTESIAN_POINT ( 'NONE',  ( 5.000000000000000000, -9.024091943764450000, -9.581030275964211600 ) ) ;
#8346 = VECTOR ( 'NONE', #1553, 1000.000000000000000 ) ;
#8347 = AXIS2_PLACEMENT_3D ( 'NONE', #6974, #3659, #2256 ) ;
#8348 = ORIENTED_EDGE ( 'NONE', *, *, #6238, .T. ) ;
#8349 = CARTESIAN_POINT ( 'NONE',  ( 0.2000000000000020400, 17.50000000000000000, -6.000000000000004400 ) ) ;
#8350 = CARTESIAN_POINT ( 'NONE',  ( 19.40000000000003400, 9.835629122949143300, 31.50024882812380200 ) ) ;
#8351 = DIRECTION ( 'NONE',  ( -1.000000000000000000, -0.0000000000000000000, -0.0000000000000000000 ) ) ;
#8352 = DIRECTION ( 'NONE',  ( -1.000000000000000000, -0.0000000000000000000, -0.0000000000000000000 ) ) ;
#8353 = CIRCLE ( 'NONE', #4552, 17.99999999999971900 ) ;
#8354 = CIRCLE ( 'NONE', #7559, 5.249999999989539900 ) ;
#8355 = EDGE_CURVE ( 'NONE', #7812, #6428, #6370, .T. ) ;
#8356 = EDGE_CURVE ( 'NONE', #2947, #74, #7212, .T. ) ;
#8357 = VECTOR ( 'NONE', #2447, 1000.000000000000000 ) ;
#8358 = ORIENTED_EDGE ( 'NONE', *, *, #7146, .F. ) ;
#8359 = CARTESIAN_POINT ( 'NONE',  ( 0.4999999999999990600, 15.91510639674002400, 18.91510639674027400 ) ) ;
#8360 = CARTESIAN_POINT ( 'NONE',  ( 19.00000000000000000, 15.55634918610326000, -15.55634918610396900 ) ) ;
#8361 = AXIS2_PLACEMENT_3D ( 'NONE', #7030, #3226, #6357 ) ;
#8362 = CONICAL_SURFACE ( 'NONE', #2387, 7.499999999999992900, 0.7853981633974482800 ) ;
#8363 = CARTESIAN_POINT ( 'NONE',  ( 21.00000000000007100, -26.41107770024691300, 14.22870144585512300 ) ) ;
#8364 = DIRECTION ( 'NONE',  ( 0.0000000000000000000, 1.000000000000000000, 0.0000000000000000000 ) ) ;
#8365 = DIRECTION ( 'NONE',  ( -1.000000000000000000, -0.0000000000000000000, -0.0000000000000000000 ) ) ;
#8366 = CARTESIAN_POINT ( 'NONE',  ( 1.000000000128238500, 6.965000000000010500, -0.6991244524402611100 ) ) ;
#8367 = CIRCLE ( 'NONE', #5134, 25.99999999999989000 ) ;
#8368 = VERTEX_POINT ( 'NONE', #6193 ) ;
#8369 = CC_DESIGN_APPROVAL ( #2336, ( #9716 ) ) ;
#8370 = CARTESIAN_POINT ( 'NONE',  ( 20.00000000000006800, 13.48884121559035000, -0.7201700383715621300 ) ) ;
#8371 = CARTESIAN_POINT ( 'NONE',  ( 24.00000000000006000, 3.035766082959443800E-017, 2.775557561562932300E-016 ) ) ;
#8372 = EDGE_CURVE ( 'NONE', #4358, #8496, #4912, .T. ) ;
#8373 = DIRECTION ( 'NONE',  ( 1.000000000000000000, 0.0000000000000000000, 0.0000000000000000000 ) ) ;
#8374 = DIRECTION ( 'NONE',  ( 1.000000000000000000, 6.071532165918827900E-018, 5.551115123125788900E-017 ) ) ;
#8375 = CARTESIAN_POINT ( 'NONE',  ( 6.400000000000037700, 18.59154984674284700, -27.28733548909510600 ) ) ;
#8376 = DIRECTION ( 'NONE',  ( 1.000000000000000000, 6.071532165918827900E-018, 5.551115123125788900E-017 ) ) ;
#8377 = ORIENTED_EDGE ( 'NONE', *, *, #9606, .T. ) ;
#8378 = EDGE_LOOP ( 'NONE', ( #1603, #391, #6993, #2808 ) ) ;
#8379 = CARTESIAN_POINT ( 'NONE',  ( -2.168404344971008600E-016, -11.49520987123911400, 28.95056051767678100 ) ) ;
#8380 = ORIENTED_EDGE ( 'NONE', *, *, #6414, .F. ) ;
#8381 = ORIENTED_EDGE ( 'NONE', *, *, #3547, .T. ) ;
#8382 = ORIENTED_EDGE ( 'NONE', *, *, #9073, .T. ) ;
#8383 = DIRECTION ( 'NONE',  ( 1.000000000000000000, 6.071532165918827900E-018, 5.551115123125788900E-017 ) ) ;
#8384 = DIRECTION ( 'NONE',  ( -1.000000000000000000, -0.0000000000000000000, -0.0000000000000000000 ) ) ;
#8385 = ORIENTED_EDGE ( 'NONE', *, *, #5790, .T. ) ;
#8386 = ORIENTED_EDGE ( 'NONE', *, *, #2966, .T. ) ;
#8387 = CYLINDRICAL_SURFACE ( 'NONE', #4886, 2.500000000000000000 ) ;
#8388 = ORIENTED_EDGE ( 'NONE', *, *, #669, .F. ) ;
#8389 = VERTEX_POINT ( 'NONE', #3004 ) ;
#8390 = CARTESIAN_POINT ( 'NONE',  ( -2.168404344971008900E-016, -15.48175744262224100, -27.03863249253752000 ) ) ;
#8391 = EDGE_CURVE ( 'NONE', #7938, #705, #6134, .T. ) ;
#8392 = CARTESIAN_POINT ( 'NONE',  ( 21.00000000000007100, -15.13986913025586700, -25.91778600858974000 ) ) ;
#8393 = CARTESIAN_POINT ( 'NONE',  ( 24.00000000000006000, -16.86094788897901300, -15.38182353007332300 ) ) ;
#8394 = VECTOR ( 'NONE', #6257, 1000.000000000000000 ) ;
#8395 = VERTEX_POINT ( 'NONE', #5286 ) ;
#8396 = PRODUCT_DEFINITION_SHAPE ( 'NONE', 'NONE',  #10005 ) ;
#8397 = CARTESIAN_POINT ( 'NONE',  ( 20.00000000000006400, 11.76440096547266900, 6.621896096743594000 ) ) ;
#8398 = DIRECTION ( 'NONE',  ( 1.000000000000000000, 1.679403124341539000E-016, -1.865376329483173100E-017 ) ) ;
#8399 = ORIENTED_EDGE ( 'NONE', *, *, #8991, .F. ) ;
#8400 = AXIS2_PLACEMENT_3D ( 'NONE', #6990, #4663, #812 ) ;
#8401 = DIRECTION ( 'NONE',  ( 0.0000000000000000000, 0.0000000000000000000, -1.000000000000000000 ) ) ;
#8402 = DIRECTION ( 'NONE',  ( 0.0000000000000000000, 0.0000000000000000000, -1.000000000000000000 ) ) ;
#8403 = CARTESIAN_POINT ( 'NONE',  ( 19.40000000000003800, -31.61397479981740900, -9.470904311470180300 ) ) ;
#8404 = DIRECTION ( 'NONE',  ( -1.000000000000000000, -0.0000000000000000000, -0.0000000000000000000 ) ) ;
#8405 = CALENDAR_DATE ( 2025, 28, 7 ) ;
#8406 = FACE_OUTER_BOUND ( 'NONE', #3778, .T. ) ;
#8407 = B_SPLINE_CURVE_WITH_KNOTS ( 'NONE', 3,
 ( #7801, #9193, #4589, #9946, #6139, #1529, #6918, #4623, #2295, #7693 ),
 .UNSPECIFIED., .F., .F.,
 ( 4, 2, 2, 2, 4 ),
 ( 8.606040900457001700E-016, 0.0002776442099292040800, 0.0005552884198575476300, 0.0008329326297858911800, 0.001110576839714235000 ),
 .UNSPECIFIED. ) ;
#8408 = VERTEX_POINT ( 'NONE', #5320 ) ;
#8409 = ORIENTED_EDGE ( 'NONE', *, *, #4484, .F. ) ;
#8410 = CARTESIAN_POINT ( 'NONE',  ( 19.40000000000003400, 32.44896679080801500, -8.325973912806883700 ) ) ;
#8411 = CARTESIAN_POINT ( 'NONE',  ( 21.38196601125016400, 1.446218325543067200E-017, 1.322256754782244100E-016 ) ) ;
#8412 = DIRECTION ( 'NONE',  ( 0.0000000000000000000, -1.000000000000000000, 0.0000000000000000000 ) ) ;
#8413 = CARTESIAN_POINT ( 'NONE',  ( 3.000000000000000400, -15.55634918610401500, 16.80634918610494200 ) ) ;
#8414 = AXIS2_PLACEMENT_3D ( 'NONE', #6092, #1472, #6848 ) ;
#8415 = PERSON_AND_ORGANIZATION ( #6260, #2732 ) ;
#8416 = ORIENTED_EDGE ( 'NONE', *, *, #1079, .F. ) ;
#8417 = ORIENTED_EDGE ( 'NONE', *, *, #1358, .F. ) ;
#8418 = AXIS2_PLACEMENT_3D ( 'NONE', #305, #5729, #4227 ) ;
#8419 = DIRECTION ( 'NONE',  ( 0.0000000000000000000, 0.0000000000000000000, -1.000000000000000000 ) ) ;
#8420 = LINE ( 'NONE', #9400, #6353 ) ;
#8421 = DIRECTION ( 'NONE',  ( 1.679403124341539000E-016, -1.000000000000000000, 0.0000000000000000000 ) ) ;
#8422 = AXIS2_PLACEMENT_3D ( 'NONE', #806, #49, #2373 ) ;
#8423 = ORIENTED_EDGE ( 'NONE', *, *, #2166, .T. ) ;
#8424 = CARTESIAN_POINT ( 'NONE',  ( 20.00000000000006000, 3.970396374838713000, 12.90307253742154700 ) ) ;
#8425 = DIRECTION ( 'NONE',  ( 1.679403124341539000E-016, -1.000000000000000000, 0.0000000000000000000 ) ) ;
#8426 = CARTESIAN_POINT ( 'NONE',  ( 0.0000000000000000000, 0.0000000000000000000, 0.0000000000000000000 ) ) ;
#8427 = FACE_BOUND ( 'NONE', #9904, .T. ) ;
#8428 = CARTESIAN_POINT ( 'NONE',  ( 1.200000000000000000, 19.50000000000001800, -8.000000000000007100 ) ) ;
#8429 = LINE ( 'NONE', #4003, #6894 ) ;
#8430 = CARTESIAN_POINT ( 'NONE',  ( 19.40000000000003400, -28.95428247711014400, -15.83293912108906400 ) ) ;
#8431 = AXIS2_PLACEMENT_3D ( 'NONE', #9433, #201, #2599 ) ;
#8432 = CARTESIAN_POINT ( 'NONE',  ( 19.40000000000003400, 32.27714514008062000, -8.975197621346831400 ) ) ;
#8433 = CIRCLE ( 'NONE', #8272, 1.249999999999999300 ) ;
#8434 = CARTESIAN_POINT ( 'NONE',  ( 1.900000000133330600, -1.092875789857602900E-016, -9.992007221555231900E-016 ) ) ;
#8435 = CYLINDRICAL_SURFACE ( 'NONE', #5640, 11.85000853396763900 ) ;
#8436 = CARTESIAN_POINT ( 'NONE',  ( -2.168404344971008900E-016, 26.50000000000000400, 5.999999999999997300 ) ) ;
#8437 = EDGE_LOOP ( 'NONE', ( #8992, #7047, #9649, #7535, #8708, #9104, #2698, #2, #4009 ) ) ;
#8438 = EDGE_CURVE ( 'NONE', #7203, #8440, #2271, .T. ) ;
#8439 = ORIENTED_EDGE ( 'NONE', *, *, #5888, .F. ) ;
#8440 = VERTEX_POINT ( 'NONE', #664 ) ;
#8441 = VECTOR ( 'NONE', #8383, 1000.000000000000000 ) ;
#8442 = FACE_OUTER_BOUND ( 'NONE', #3961, .T. ) ;
#8443 = CARTESIAN_POINT ( 'NONE',  ( -2.168404344971009400E-016, -30.61765652907539000, -5.730087994396899200 ) ) ;
#8444 = CARTESIAN_POINT ( 'NONE',  ( 0.2000000000000022000, 17.56874895520970600, 6.527209566581851700 ) ) ;
#8445 = DIRECTION ( 'NONE',  ( 0.0000000000000000000, 0.0000000000000000000, -1.000000000000000000 ) ) ;
#8446 = DIRECTION ( 'NONE',  ( -1.000000000000000000, -6.123233995736766000E-017, -0.0000000000000000000 ) ) ;
#8447 = AXIS2_PLACEMENT_3D ( 'NONE', #9663, #3432, #5047 ) ;
#8448 = CARTESIAN_POINT ( 'NONE',  ( 6.400000000000035000, 33.01442740833474000, 1.113914919143215200 ) ) ;
#8449 = ORIENTED_EDGE ( 'NONE', *, *, #5099, .F. ) ;
#8450 = EDGE_CURVE ( 'NONE', #3202, #7824, #1048, .T. ) ;
#8451 = CIRCLE ( 'NONE', #7660, 1.249999999999999300 ) ;
#8452 = CYLINDRICAL_SURFACE ( 'NONE', #4248, 6.249999999999660700 ) ;
#8453 = FACE_OUTER_BOUND ( 'NONE', #1142, .T. ) ;
#8454 = CARTESIAN_POINT ( 'NONE',  ( 20.00000000000006000, -8.038822372086320600, 10.87701486628474100 ) ) ;
#8455 = DIRECTION ( 'NONE',  ( -2.551063935260010300E-017, 1.000000000000000000, 0.0000000000000000000 ) ) ;
#8456 = DIRECTION ( 'NONE',  ( 0.0000000000000000000, 0.0000000000000000000, -1.000000000000000000 ) ) ;
#8457 = CARTESIAN_POINT ( 'NONE',  ( 19.40000000000003100, -21.68590227210620800, -24.87642496732213700 ) ) ;
#8458 = VECTOR ( 'NONE', #3219, 1000.000000000000000 ) ;
#8459 = FACE_BOUND ( 'NONE', #7989, .T. ) ;
#8460 = AXIS2_PLACEMENT_3D ( 'NONE', #3954, #5846, #5976 ) ;
#8461 = B_SPLINE_CURVE_WITH_KNOTS ( 'NONE', 3,
 ( #4993, #3538, #1922, #5864, #1892, #6539, #5832, #1241, #6575, #9598, #8074, #5801, #6639, #1202, #6608, #8808, #350, #1987, #8904, #2018, #4298, #5771, #5025, #1954, #7347, #1134, #8143, #3505, #3572, #5997, #1417, #2946, #7487, #1346, #530, #6774, #6034, #5929, #6740, #5196, #1383, #9006, #9046, #6805, #8978, #5964, #8248, #561, #2121, #5894, #2841, #9700, #8939, #2188, #5125, #4336, #8284, #3602, #6708, #6672, #490, #1277, #7588, #4409, #2910, #1311, #4477, #2087, #4439, #9732, #2874, #8318, #9808, #3636, #2053, #5267, #7450, #5230, #4373, #2154, #8350, #7523, #7556, #595, #5160, #2985, #3674, #9768, #3708, #9083, #9839, #631, #6169, #862, #8579, #1124, #7544, #2969, #147, #3346, #5772, #9672, #7073, #4937, #8596, #7486, #8957, #6826, #7645, #756, #787, #3768, #9934, #9872 ),
 .UNSPECIFIED., .F., .F.,
 ( 4, 1, 1, 1, 1, 1, 2, 2, 1, 1, 1, 1, 1, 2, 2, 1, 1, 1, 1, 2, 2, 2, 1, 1, 1, 1, 2, 2, 1, 1, 1, 1, 1, 2, 2, 1, 1, 1, 1, 1, 2, 2, 2, 1, 1, 1, 1, 1, 2, 2, 1, 1, 1, 1, 1, 2, 2, 1, 1, 1, 1, 2, 2, 2, 1, 1, 1, 1, 2, 2, 1, 1, 1, 1, 1, 2, 2, 1, 1, 1, 1, 1, 2, 2, 4 ),
 ( 0.0000000000000000000, 0.03125000000000174900, 0.04687500000000269900, 0.05468750000000317100, 0.05859375000000337200, 0.06054687500000350400, 0.06152343750000357400, 0.06250000000000365000, 0.09375000000000553700, 0.1093750000000064100, 0.1171875000000069000, 0.1210937500000072000, 0.1230468750000073600, 0.1240234375000074800, 0.1250000000000076100, 0.1562500000000105500, 0.1718750000000119900, 0.1796875000000126600, 0.1835937500000129900, 0.1855468750000131800, 0.1875000000000133800, 0.2500000000000201000, 0.2812500000000234800, 0.2968750000000251500, 0.3046875000000259800, 0.3085937500000264200, 0.3105468750000266500, 0.3125000000000268700, 0.3437500000000302000, 0.3593750000000317500, 0.3671875000000326400, 0.3710937500000331400, 0.3730468750000333600, 0.3740234375000335300, 0.3750000000000337000, 0.4062500000000373000, 0.4218750000000390800, 0.4296875000000399700, 0.4335937500000404100, 0.4355468750000406300, 0.4365234375000407500, 0.4375000000000408600, 0.5000000000000426300, 0.5312500000000436300, 0.5468750000000440800, 0.5546875000000443000, 0.5585937500000444100, 0.5605468750000444100, 0.5615234375000444100, 0.5625000000000445200, 0.5937500000000437400, 0.6093750000000434100, 0.6171875000000431900, 0.6210937500000430800, 0.6230468750000429700, 0.6240234375000429700, 0.6250000000000428500, 0.6562500000000396300, 0.6718750000000379700, 0.6796875000000371900, 0.6835937500000368600, 0.6855468750000366400, 0.6875000000000363000, 0.7500000000000286400, 0.7812500000000247600, 0.7968750000000228700, 0.8046875000000218700, 0.8085937500000214300, 0.8105468750000212100, 0.8125000000000208700, 0.8437500000000167600, 0.8593750000000146500, 0.8671875000000136600, 0.8710937500000131000, 0.8730468750000127700, 0.8740234375000126600, 0.8750000000000124300, 0.9062500000000096600, 0.9218750000000083300, 0.9296875000000076600, 0.9335937500000073300, 0.9355468750000071100, 0.9365234375000069900, 0.9375000000000068800, 1.000000000000000000 ),
 .UNSPECIFIED. ) ;
#8462 = LINE ( 'NONE', #7567, #7988 ) ;
#8463 = ORIENTED_EDGE ( 'NONE', *, *, #134, .T. ) ;
#8464 = CARTESIAN_POINT ( 'NONE',  ( 19.40000000000003400, 30.97179555103439300, 12.81935447495010600 ) ) ;
#8465 = DIRECTION ( 'NONE',  ( 1.000000000000000000, 0.0000000000000000000, 0.0000000000000000000 ) ) ;
#8466 = EDGE_CURVE ( 'NONE', #9508, #4012, #8995, .T. ) ;
#8467 = LINE ( 'NONE', #1290, #2311 ) ;
#8468 = CIRCLE ( 'NONE', #2403, 0.7500000000000006700 ) ;
#8469 = ORIENTED_EDGE ( 'NONE', *, *, #4499, .T. ) ;
#8470 = AXIS2_PLACEMENT_3D ( 'NONE', #2328, #9913, #9974 ) ;
#8471 = CARTESIAN_POINT ( 'NONE',  ( -2.168404344971008400E-016, -28.79005200307054900, -11.89278150881972200 ) ) ;
#8472 = CARTESIAN_POINT ( 'NONE',  ( 0.1000000000000009200, 25.90000000000000200, -2.661168116285474200E-015 ) ) ;
#8473 = CARTESIAN_POINT ( 'NONE',  ( 3.000000000000000400, -15.55634918610525300, -14.30634918610198800 ) ) ;
#8474 = ORIENTED_EDGE ( 'NONE', *, *, #8215, .T. ) ;
#8475 = EDGE_LOOP ( 'NONE', ( #5595, #3536, #5939, #3807 ) ) ;
#8476 = VERTEX_POINT ( 'NONE', #2350 ) ;
#8477 = CARTESIAN_POINT ( 'NONE',  ( 20.00000000000006400, -6.477072663117454000, 11.84495089728830800 ) ) ;
#8478 = EDGE_CURVE ( 'NONE', #7291, #6347, #195, .T. ) ;
#8479 = EDGE_CURVE ( 'NONE', #6617, #1851, #2881, .T. ) ;
#8480 = DIRECTION ( 'NONE',  ( 0.0000000000000000000, 0.0000000000000000000, -1.000000000000000000 ) ) ;
#8481 = CARTESIAN_POINT ( 'NONE',  ( 0.1500000000000009100, 25.89999999999999900, 0.7499999999999973400 ) ) ;
#8482 = CARTESIAN_POINT ( 'NONE',  ( 6.400000000000040300, 29.19384398599643800, -15.51754811970072900 ) ) ;
#8483 = VERTEX_POINT ( 'NONE', #5350 ) ;
#8484 = DIRECTION ( 'NONE',  ( -1.000000000000000000, -0.0000000000000000000, -0.0000000000000000000 ) ) ;
#8485 = EDGE_LOOP ( 'NONE', ( #2900, #4257, #487, #8449 ) ) ;
#8486 = CARTESIAN_POINT ( 'NONE',  ( 19.40000000000003100, -29.60683660001167900, -14.59278960514154700 ) ) ;
#8487 = CARTESIAN_POINT ( 'NONE',  ( 0.2000000000000017300, 18.77983888886662100, -7.865917277347417500 ) ) ;
#8488 = VERTEX_POINT ( 'NONE', #9962 ) ;
#8489 = ORIENTED_EDGE ( 'NONE', *, *, #362, .F. ) ;
#8490 = CARTESIAN_POINT ( 'NONE',  ( 19.40000000000003400, 24.15792053056646800, 23.20874819785400700 ) ) ;
#8491 = CARTESIAN_POINT ( 'NONE',  ( 2.999999999999998200, 17.41510639674003300, 18.91510639674027400 ) ) ;
#8492 = DIRECTION ( 'NONE',  ( -1.807003620809172400E-016, 1.000000000000000000, 0.0000000000000000000 ) ) ;
#8493 = CARTESIAN_POINT ( 'NONE',  ( 6.399999999999979000, 15.55634918610326000, -16.80634918610489900 ) ) ;
#8494 = CARTESIAN_POINT ( 'NONE',  ( 0.2000000000000020400, 17.50000000000000000, -5.999999999999990200 ) ) ;
#8495 = CIRCLE ( 'NONE', #7293, 2.000000000000000000 ) ;
#8496 = VERTEX_POINT ( 'NONE', #9211 ) ;
#8497 = DIRECTION ( 'NONE',  ( -0.0000000000000000000, 1.019909387808600500E-016, 1.000000000000000000 ) ) ;
#8498 = EDGE_CURVE ( 'NONE', #1845, #5793, #6968, .T. ) ;
#8499 = EDGE_LOOP ( 'NONE', ( #237, #9409 ) ) ;
#8500 = AXIS2_PLACEMENT_3D ( 'NONE', #6282, #5646, #6420 ) ;
#8501 = FACE_BOUND ( 'NONE', #6751, .T. ) ;
#8502 = ADVANCED_FACE ( 'NONE', ( #9467 ), #8878, .F. ) ;
#8503 = CARTESIAN_POINT ( 'NONE',  ( -2.168404344971008900E-016, -28.61277362791081900, -12.31702094397965500 ) ) ;
#8504 = EDGE_CURVE ( 'NONE', #6009, #5220, #3672, .T. ) ;
#8505 = PLANE ( 'NONE',  #1623 ) ;
#8506 = ORIENTED_EDGE ( 'NONE', *, *, #9762, .T. ) ;
#8507 = CARTESIAN_POINT ( 'NONE',  ( 1.282376982381094900E-010, -1.092875789857602900E-016, -9.992007221555231900E-016 ) ) ;
#8508 = AXIS2_PLACEMENT_3D ( 'NONE', #7175, #2663, #304 ) ;
#8509 = APPROVAL_STATUS ( 'not_yet_approved' ) ;
#8510 = VERTEX_POINT ( 'NONE', #7747 ) ;
#8511 = CARTESIAN_POINT ( 'NONE',  ( 1.000000000128238500, 2.218516657054878700, 8.213537217114629000 ) ) ;
#8512 = CARTESIAN_POINT ( 'NONE',  ( 1.900000000133333300, -1.092875789857602900E-016, -3.750000000001904700 ) ) ;
#8513 = CARTESIAN_POINT ( 'NONE',  ( 19.40000000000003100, -0.05959732398973915900, -33.03461128932333700 ) ) ;
#8514 = DIRECTION ( 'NONE',  ( 1.000000000000000000, 0.0000000000000000000, 0.0000000000000000000 ) ) ;
#8515 = EDGE_CURVE ( 'NONE', #2337, #7593, #4072, .T. ) ;
#8516 = B_SPLINE_CURVE_WITH_KNOTS ( 'NONE', 3,
 ( #6558, #3392, #2688, #1806, #7234, #6458, #296, #5655, #3361, #6482, #5754, #4866, #9522, #1940, #5787, #1876, #8091, #4929, #1152, #8059, #7269, #3424, #7201, #8029, #2624, #4189, #9555, #4969, #8827, #1117, #8737, #331, #3458, #5688, #4900, #2560, #9455, #1050, #8705, #4091, #2591, #4125, #9484, #9620, #8860, #7398, #1261, #5143, #8922, #2860, #2753, #2070, #9712, #3486, #8192, #1186, #2791, #2823, #9749, #8160, #9685, #8225, #6657, #3555, #5041, #5815, #4252, #405, #8127, #2723, #6593, #1971, #1222, #8959, #7466, #5108, #6622, #470, #2006, #2035, #1326, #8265, #5076, #3586, #3522, #5882, #508, #7436, #7365, #5909, #4354, #4315, #4284, #6725, #546, #8888, #9655, #4393, #432, #1295, #7333, #6690, #5851, #3616, #8989, #5175, #5947, #6787, #2168, #6012, #1400, #685, #3027, #9062 ),
 .UNSPECIFIED., .F., .F.,
 ( 4, 1, 1, 1, 1, 1, 2, 2, 1, 1, 1, 1, 1, 2, 2, 1, 1, 1, 1, 2, 2, 2, 1, 1, 1, 1, 2, 2, 1, 1, 1, 1, 1, 2, 2, 1, 1, 1, 1, 1, 2, 2, 2, 1, 1, 1, 1, 1, 2, 2, 1, 1, 1, 1, 1, 2, 2, 1, 1, 1, 1, 2, 2, 2, 1, 1, 1, 1, 2, 2, 1, 1, 1, 1, 1, 2, 2, 1, 1, 1, 1, 1, 2, 2, 4 ),
 ( 0.0000000000000000000, 0.03125000000000404500, 0.04687500000000598100, 0.05468750000000693200, 0.05859375000000735500, 0.06054687500000756300, 0.06152343750000764000, 0.06250000000000771600, 0.09375000000000947900, 0.1093750000000103800, 0.1171875000000108400, 0.1210937500000110600, 0.1230468750000112000, 0.1240234375000112700, 0.1250000000000113200, 0.1562500000000125200, 0.1718750000000130700, 0.1796875000000133200, 0.1835937500000134300, 0.1855468750000134900, 0.1875000000000135400, 0.2500000000000157100, 0.2812500000000168200, 0.2968750000000173200, 0.3046875000000176000, 0.3085937500000177100, 0.3105468750000177100, 0.3125000000000177600, 0.3437500000000181000, 0.3593750000000182100, 0.3671875000000182600, 0.3710937500000183200, 0.3730468750000183700, 0.3740234375000183700, 0.3750000000000183700, 0.4062500000000191500, 0.4218750000000194800, 0.4296875000000196500, 0.4335937500000197600, 0.4355468750000198700, 0.4365234375000198700, 0.4375000000000198700, 0.5000000000000198700, 0.5312500000000199800, 0.5468750000000201000, 0.5546875000000201000, 0.5585937500000199800, 0.5605468750000201000, 0.5615234375000201000, 0.5625000000000201000, 0.5937500000000191000, 0.6093750000000187600, 0.6171875000000185400, 0.6210937500000183200, 0.6230468750000182100, 0.6240234375000182100, 0.6250000000000181000, 0.6562500000000177600, 0.6718750000000175400, 0.6796875000000175400, 0.6835937500000174300, 0.6855468750000174300, 0.6875000000000175400, 0.7500000000000162100, 0.7812500000000156500, 0.7968750000000153200, 0.8046875000000151000, 0.8085937500000149900, 0.8105468750000148800, 0.8125000000000147700, 0.8437500000000129900, 0.8593750000000121000, 0.8671875000000116600, 0.8710937500000114400, 0.8730468750000113200, 0.8740234375000112100, 0.8750000000000111000, 0.9062500000000078800, 0.9218750000000062200, 0.9296875000000054400, 0.9335937500000051100, 0.9355468750000048800, 0.9365234375000047700, 0.9375000000000046600, 1.000000000000000000 ),
 .UNSPECIFIED. ) ;
#8517 = EDGE_CURVE ( 'NONE', #4949, #4737, #4672, .T. ) ;
#8518 = CIRCLE ( 'NONE', #5821, 0.9999999999999991100 ) ;
#8519 = CARTESIAN_POINT ( 'NONE',  ( 19.40000000000003400, -1.130797072225079100, 33.51464577759156100 ) ) ;
#8520 = DIRECTION ( 'NONE',  ( -1.000000000000000000, -6.123233995736766000E-017, -0.0000000000000000000 ) ) ;
#8521 = VERTEX_POINT ( 'NONE', #6994 ) ;
#8522 = DIRECTION ( 'NONE',  ( -0.0000000000000000000, 0.0000000000000000000, 1.000000000000000000 ) ) ;
#8523 = CARTESIAN_POINT ( 'NONE',  ( 24.00000000000006400, 18.96738926836106000, -22.63035349707299900 ) ) ;
#8524 = AXIS2_PLACEMENT_3D ( 'NONE', #7121, #977, #4781 ) ;
#8525 = ORIENTED_EDGE ( 'NONE', *, *, #6701, .T. ) ;
#8526 = FACE_OUTER_BOUND ( 'NONE', #1643, .T. ) ;
#8527 = CC_DESIGN_APPROVAL ( #3695, ( #771 ) ) ;
#8528 = DIRECTION ( 'NONE',  ( -1.626303258728255200E-016, 1.000000000000000000, 0.0000000000000000000 ) ) ;
#8529 = VERTEX_POINT ( 'NONE', #4666 ) ;
#8530 = DIRECTION ( 'NONE',  ( -5.551115123125788900E-017, 0.0000000000000000000, 1.000000000000000000 ) ) ;
#8531 = EDGE_CURVE ( 'NONE', #4695, #6965, #7457, .T. ) ;
#8532 = DIRECTION ( 'NONE',  ( 1.000000000000000000, 1.679403124341539000E-016, -1.865376329483173100E-017 ) ) ;
#8533 = DIRECTION ( 'NONE',  ( -1.000000000000000000, -0.0000000000000000000, -0.0000000000000000000 ) ) ;
#8534 = CONICAL_SURFACE ( 'NONE', #8400, 34.00000000000000000, 0.7853981633974396200 ) ;
#8535 = CIRCLE ( 'NONE', #6666, 5.749999999999886300 ) ;
#8536 = CARTESIAN_POINT ( 'NONE',  ( 1.700000000000000400, -9.000000000000001800, 1.102182119232617900E-015 ) ) ;
#8537 = CARTESIAN_POINT ( 'NONE',  ( 6.000000000000000000, -3.061616997868383000E-017, -5.000000000000000000 ) ) ;
#8538 = MECHANICAL_CONTEXT ( 'NONE', #3127, 'mechanical' ) ;
#8539 = ORIENTED_EDGE ( 'NONE', *, *, #3254, .T. ) ;
#8540 = CARTESIAN_POINT ( 'NONE',  ( 8.999999999997104500, -6.765404620716198600, -0.6875593930888597200 ) ) ;
#8541 = FACE_OUTER_BOUND ( 'NONE', #2888, .T. ) ;
#8542 = DIRECTION ( 'NONE',  ( 0.0000000000000000000, 0.0000000000000000000, -1.000000000000000000 ) ) ;
#8543 = CARTESIAN_POINT ( 'NONE',  ( 0.2000000000000016800, 19.37292685957957200, -8.000000000000003600 ) ) ;
#8544 = LINE ( 'NONE', #1562, #8081 ) ;
#8545 = ADVANCED_FACE ( 'NONE', ( #3011 ), #5885, .F. ) ;
#8546 = CARTESIAN_POINT ( 'NONE',  ( 5.000000000000000000, 9.024091943764368300, -10.38103027596428000 ) ) ;
#8547 = EDGE_LOOP ( 'NONE', ( #3692, #2354, #2718, #1955 ) ) ;
#8548 = CARTESIAN_POINT ( 'NONE',  ( 19.40000000000003400, -4.078040947841600400, 33.25304967054192000 ) ) ;
#8549 = CARTESIAN_POINT ( 'NONE',  ( 1.282376982381094900E-010, -6.250000000000000000, -2.282095908992510600E-014 ) ) ;
#8550 = VERTEX_POINT ( 'NONE', #125 ) ;
#8551 = CIRCLE ( 'NONE', #7803, 1.249999999999999300 ) ;
#8552 = VECTOR ( 'NONE', #1350, 1000.000000000000000 ) ;
#8553 = ORIENTED_EDGE ( 'NONE', *, *, #1704, .F. ) ;
#8554 = EDGE_CURVE ( 'NONE', #2202, #2215, #8323, .T. ) ;
#8555 = ORIENTED_EDGE ( 'NONE', *, *, #4891, .F. ) ;
#8556 = CIRCLE ( 'NONE', #6164, 17.99999999999990100 ) ;
#8557 = FACE_OUTER_BOUND ( 'NONE', #4842, .T. ) ;
#8558 = DIRECTION ( 'NONE',  ( 1.679403124341539000E-016, -1.000000000000000000, 0.0000000000000000000 ) ) ;
#8559 = DIRECTION ( 'NONE',  ( -1.000000000000000000, -0.0000000000000000000, -0.0000000000000000000 ) ) ;
#8560 = CIRCLE ( 'NONE', #512, 1.249999999999997600 ) ;
#8561 = PLANE ( 'NONE',  #2793 ) ;
#8562 = DIRECTION ( 'NONE',  ( -1.000000000000000000, -0.0000000000000000000, -0.0000000000000000000 ) ) ;
#8563 = AXIS2_PLACEMENT_3D ( 'NONE', #1560, #6244, #1532 ) ;
#8564 = CARTESIAN_POINT ( 'NONE',  ( 6.400000000000035000, 32.00338109879595500, -8.048885126191997600 ) ) ;
#8565 = EDGE_CURVE ( 'NONE', #5124, #4235, #2763, .T. ) ;
#8566 = FACE_BOUND ( 'NONE', #8629, .T. ) ;
#8567 = DIRECTION ( 'NONE',  ( -1.000000000000000000, -0.0000000000000000000, -0.0000000000000000000 ) ) ;
#8568 = APPROVAL_STATUS ( 'not_yet_approved' ) ;
#8569 = ORIENTED_EDGE ( 'NONE', *, *, #4892, .F. ) ;
#8570 = CARTESIAN_POINT ( 'NONE',  ( 8.999999999997106300, -6.381773608173260100, 2.353002558699718500 ) ) ;
#8571 = CARTESIAN_POINT ( 'NONE',  ( 1.000000000128238500, -1.092875789857602900E-016, -9.992007221555231900E-016 ) ) ;
#8572 = FACE_BOUND ( 'NONE', #3922, .T. ) ;
#8573 = ORIENTED_EDGE ( 'NONE', *, *, #5767, .F. ) ;
#8574 = ADVANCED_FACE ( 'NONE', ( #2025 ), #569, .F. ) ;
#8575 = CARTESIAN_POINT ( 'NONE',  ( 19.40000000000003400, 2.428612866367665700E-018, 2.220446049250540300E-017 ) ) ;
#8576 = AXIS2_PLACEMENT_3D ( 'NONE', #1217, #6615, #2028 ) ;
#8577 = DIRECTION ( 'NONE',  ( 1.000000000000000000, 6.123233995736766000E-017, 0.0000000000000000000 ) ) ;
#8578 = CARTESIAN_POINT ( 'NONE',  ( 19.40000000000003800, -9.570659228246229900, 32.18690551030565700 ) ) ;
#8579 = CARTESIAN_POINT ( 'NONE',  ( 19.40000000000003400, -6.652383586157354100, 32.35643801004398100 ) ) ;
#8580 = ORIENTED_EDGE ( 'NONE', *, *, #4168, .F. ) ;
#8581 = DIRECTION ( 'NONE',  ( 1.000000000000000000, 0.0000000000000000000, 0.0000000000000000000 ) ) ;
#8582 = CARTESIAN_POINT ( 'NONE',  ( 24.00000000000006000, 9.635334225050032200, -11.49610083339474900 ) ) ;
#8583 = ORIENTED_EDGE ( 'NONE', *, *, #5335, .F. ) ;
#8584 = CARTESIAN_POINT ( 'NONE',  ( 2.999999999999999100, 10.60660171779701100, -9.356601717798234600 ) ) ;
#8585 = EDGE_LOOP ( 'NONE', ( #6265, #6728, #6564, #3069 ) ) ;
#8586 = AXIS2_PLACEMENT_3D ( 'NONE', #2434, #4646, #7006 ) ;
#8587 = CARTESIAN_POINT ( 'NONE',  ( 21.38196601125016400, 21.84009091011333900, -26.05782855569468400 ) ) ;
#8588 = ORIENTED_EDGE ( 'NONE', *, *, #4332, .F. ) ;
#8589 = AXIS2_PLACEMENT_3D ( 'NONE', #9026, #5210, #576 ) ;
#8590 = ORIENTED_EDGE ( 'NONE', *, *, #1199, .F. ) ;
#8591 = ORIENTED_EDGE ( 'NONE', *, *, #8313, .T. ) ;
#8592 = EDGE_LOOP ( 'NONE', ( #4659, #6661 ) ) ;
#8593 = ADVANCED_FACE ( 'NONE', ( #2145 ), #3359, .F. ) ;
#8594 = CARTESIAN_POINT ( 'NONE',  ( 1.892869739333573400, 4.147399525748861300E-015, 33.86608717416680700 ) ) ;
#8595 = CARTESIAN_POINT ( 'NONE',  ( 23.78885438199990100, 66.17362661430610200, 15.76801068462566800 ) ) ;
#8596 = CARTESIAN_POINT ( 'NONE',  ( 19.40000000000003400, -14.59278960516747300, 29.60683659999442000 ) ) ;
#8597 = CARTESIAN_POINT ( 'NONE',  ( 6.400000000000035900, 8.201724226485739100, 31.96464916518154800 ) ) ;
#8598 = ORIENTED_EDGE ( 'NONE', *, *, #9014, .F. ) ;
#8599 = VECTOR ( 'NONE', #2378, 1000.000000000000000 ) ;
#8600 = VERTEX_POINT ( 'NONE', #6287 ) ;
#8601 = EDGE_CURVE ( 'NONE', #9595, #1231, #7553, .T. ) ;
#8602 = ORIENTED_EDGE ( 'NONE', *, *, #8315, .T. ) ;
#8603 = EDGE_CURVE ( 'NONE', #5816, #7272, #9705, .T. ) ;
#8604 = CARTESIAN_POINT ( 'NONE',  ( 0.5000000000000014400, -21.91510639674033800, 18.91510639673995400 ) ) ;
#8605 = PERSON_AND_ORGANIZATION_ROLE ( 'design_owner' ) ;
#8606 = CARTESIAN_POINT ( 'NONE',  ( 8.999999999997102800, -5.210182740823990200, 4.369740952848682800 ) ) ;
#8607 = CARTESIAN_POINT ( 'NONE',  ( 24.00000000000006400, -26.57105120926643600, -61.20487500091280000 ) ) ;
#8608 = FACE_OUTER_BOUND ( 'NONE', #7983, .T. ) ;
#8609 = EDGE_LOOP ( 'NONE', ( #943, #7780, #5683, #3344 ) ) ;
#8610 = EDGE_CURVE ( 'NONE', #785, #9657, #1414, .T. ) ;
#8611 = CARTESIAN_POINT ( 'NONE',  ( 19.40000000000003400, -17.67200706416694100, 28.45972384949109500 ) ) ;
#8612 = DIRECTION ( 'NONE',  ( 0.0000000000000000000, 0.0000000000000000000, -1.000000000000000000 ) ) ;
#8613 = CARTESIAN_POINT ( 'NONE',  ( 2.480624847486558400, 0.0000000000000000000, 0.0000000000000000000 ) ) ;
#8614 = DIRECTION ( 'NONE',  ( -1.000000000000000000, 0.0000000000000000000, 0.0000000000000000000 ) ) ;
#8615 = COORDINATED_UNIVERSAL_TIME_OFFSET ( 8, 0, .AHEAD. ) ;
#8616 = LINE ( 'NONE', #7767, #4270 ) ;
#8617 = EDGE_LOOP ( 'NONE', ( #4898, #1952 ) ) ;
#8618 = AXIS2_PLACEMENT_3D ( 'NONE', #2911, #2054, #9771 ) ;
#8619 = ADVANCED_FACE ( 'NONE', ( #5652 ), #8071, .T. ) ;
#8620 = EDGE_CURVE ( 'NONE', #2712, #6021, #6246, .T. ) ;
#8621 = CARTESIAN_POINT ( 'NONE',  ( 0.1500000000000010500, 24.40000000000000200, -0.7500000000000024400 ) ) ;
#8622 = EDGE_CURVE ( 'NONE', #592, #6913, #5167, .T. ) ;
#8623 = DIRECTION ( 'NONE',  ( 1.000000000000000000, 0.0000000000000000000, 0.0000000000000000000 ) ) ;
#8624 = DIRECTION ( 'NONE',  ( 1.000000000000000000, 0.0000000000000000000, 0.0000000000000000000 ) ) ;
#8625 = PERSON_AND_ORGANIZATION ( #6260, #2732 ) ;
#8626 = CARTESIAN_POINT ( 'NONE',  ( 1.000000000128238500, -0.6480941902363415200, -8.482261953942609600 ) ) ;
#8627 = CARTESIAN_POINT ( 'NONE',  ( 6.400000000000034100, 3.529965778294553500, 32.81849568266754600 ) ) ;
#8628 = ORIENTED_EDGE ( 'NONE', *, *, #6054, .F. ) ;
#8629 = EDGE_LOOP ( 'NONE', ( #4738, #5960 ) ) ;
#8630 = DIRECTION ( 'NONE',  ( 1.000000000000000000, -0.0000000000000000000, -0.0000000000000000000 ) ) ;
#8631 = AXIS2_PLACEMENT_3D ( 'NONE', #7829, #6599, #6488 ) ;
#8632 = APPROVAL_STATUS ( 'not_yet_approved' ) ;
#8633 = FACE_OUTER_BOUND ( 'NONE', #7389, .T. ) ;
#8634 = ADVANCED_FACE ( 'NONE', ( #4429 ), #67, .T. ) ;
#8635 = CARTESIAN_POINT ( 'NONE',  ( 8.999999999997106300, -4.468686642427779400, -5.125975291603283200 ) ) ;
#8636 = CARTESIAN_POINT ( 'NONE',  ( 1.000000000128238800, 1.322720827863343800, 8.396897607291423400 ) ) ;
#8637 = CARTESIAN_POINT ( 'NONE',  ( 20.00000000000006400, -12.79950958074964800, 4.294887910556146200 ) ) ;
#8638 = CARTESIAN_POINT ( 'NONE',  ( 19.40000000000003400, 16.03762709018614500, -28.84098703929855700 ) ) ;
#8639 = CARTESIAN_POINT ( 'NONE',  ( 20.00000000000006000, 9.635334225050032200, -11.49610083339474900 ) ) ;
#8640 = CARTESIAN_POINT ( 'NONE',  ( 1.500000000000029100, 0.0000000000000000000, 0.0000000000000000000 ) ) ;
#8641 = ADVANCED_FACE ( 'NONE', ( #5404 ), #1549, .F. ) ;
#8642 = EDGE_CURVE ( 'NONE', #878, #3600, #7093, .T. ) ;
#8643 = EDGE_CURVE ( 'NONE', #732, #4304, #2184, .T. ) ;
#8644 = ORIENTED_EDGE ( 'NONE', *, *, #5346, .F. ) ;
#8645 = DIRECTION ( 'NONE',  ( 1.000000000000000000, -0.0000000000000000000, 0.0000000000000000000 ) ) ;
#8646 = CIRCLE ( 'NONE', #7368, 0.5000000000000004400 ) ;
#8647 = DIRECTION ( 'NONE',  ( 1.679403124341539000E-016, -1.000000000000000000, 0.0000000000000000000 ) ) ;
#8648 = VECTOR ( 'NONE', #3835, 1000.000000000000000 ) ;
#8649 = AXIS2_PLACEMENT_3D ( 'NONE', #9988, #7050, #2480 ) ;
#8650 = VERTEX_POINT ( 'NONE', #4628 ) ;
#8651 = CARTESIAN_POINT ( 'NONE',  ( 1.200000000000000000, 19.50000000000001800, -8.000000000000007100 ) ) ;
#8652 = LINE ( 'NONE', #9297, #4305 ) ;
#8653 = CYLINDRICAL_SURFACE ( 'NONE', #3761, 34.00000000000000000 ) ;
#8654 = AXIS2_PLACEMENT_3D ( 'NONE', #850, #1607, #784 ) ;
#8655 = CARTESIAN_POINT ( 'NONE',  ( -1.999999999871762400, 6.249999999999999100, 6.446607438115323100E-014 ) ) ;
#8656 = CARTESIAN_POINT ( 'NONE',  ( 19.40000000000003400, -31.48116749046038600, 11.53402109765541000 ) ) ;
#8657 = CARTESIAN_POINT ( 'NONE',  ( 6.400000000000035900, -4.706822257398097300, 32.66268667325130100 ) ) ;
#8658 = EDGE_LOOP ( 'NONE', ( #3655, #7652, #9659, #6897 ) ) ;
#8659 = ORIENTED_EDGE ( 'NONE', *, *, #8845, .F. ) ;
#8660 = CIRCLE ( 'NONE', #4809, 11.50000853396639400 ) ;
#8661 = FACE_OUTER_BOUND ( 'NONE', #8983, .T. ) ;
#8662 = CARTESIAN_POINT ( 'NONE',  ( 18.00000000000000700, 0.0000000000000000000, 0.0000000000000000000 ) ) ;
#8663 = AXIS2_PLACEMENT_3D ( 'NONE', #698, #5991, #2150 ) ;
#8664 = CARTESIAN_POINT ( 'NONE',  ( 5.000000000000000000, 9.024091943764368300, -11.18103027596428100 ) ) ;
#8665 = PERSON_AND_ORGANIZATION_ROLE ( 'classification_officer' ) ;
#8666 = CARTESIAN_POINT ( 'NONE',  ( 8.999999999997104500, -5.952345099356812800, 3.288285847138260100 ) ) ;
#8667 = EDGE_LOOP ( 'NONE', ( #175, #3054, #5702, #8030 ) ) ;
#8668 = CARTESIAN_POINT ( 'NONE',  ( 1.000000000128238300, 7.916406969206261300, -3.095440396973775200 ) ) ;
#8669 = ADVANCED_FACE ( 'NONE', ( #807 ), #711, .T. ) ;
#8670 = CARTESIAN_POINT ( 'NONE',  ( 20.00000000000006000, -11.77857577367840500, -6.596655747911937000 ) ) ;
#8671 = ORIENTED_EDGE ( 'NONE', *, *, #5862, .F. ) ;
#8672 = CARTESIAN_POINT ( 'NONE',  ( 23.92834014497568200, -26.84135504140615300, -61.82750419717921600 ) ) ;
#8673 = LINE ( 'NONE', #6717, #3028 ) ;
#8674 = CIRCLE ( 'NONE', #7689, 9.500000000000000000 ) ;
#8675 = CARTESIAN_POINT ( 'NONE',  ( 1.192622389734054900E-015, -18.91510639674033800, 18.91510639673995400 ) ) ;
#8676 = FACE_OUTER_BOUND ( 'NONE', #646, .T. ) ;
#8677 = EDGE_CURVE ( 'NONE', #6009, #1604, #2391, .T. ) ;
#8678 = CARTESIAN_POINT ( 'NONE',  ( 0.0000000000000000000, 15.55634918610326000, -15.55634918610396900 ) ) ;
#8679 = AXIS2_PLACEMENT_3D ( 'NONE', #4963, #5843, #425 ) ;
#8680 = DIRECTION ( 'NONE',  ( -1.000000000000000000, -0.0000000000000000000, -0.0000000000000000000 ) ) ;
#8681 = DIRECTION ( 'NONE',  ( 1.000000000000000000, 6.123233995736766000E-017, 0.0000000000000000000 ) ) ;
#8682 = CARTESIAN_POINT ( 'NONE',  ( 23.31307791393078300, 0.0000000000000000000, 0.0000000000000000000 ) ) ;
#8683 = CYLINDRICAL_SURFACE ( 'NONE', #8254, 1.250000000000001100 ) ;
#8684 = CIRCLE ( 'NONE', #7951, 1.250000000000002900 ) ;
#8685 = EDGE_CURVE ( 'NONE', #8923, #8476, #5048, .T. ) ;
#8686 = LINE ( 'NONE', #9950, #2303 ) ;
#8687 = ADVANCED_FACE ( 'NONE', ( #8759 ), #430, .F. ) ;
#8688 = ORIENTED_EDGE ( 'NONE', *, *, #686, .T. ) ;
#8689 = VERTEX_POINT ( 'NONE', #4753 ) ;
#8690 = ADVANCED_FACE ( 'NONE', ( #8189, #8427, #9830, #5523, #3113, #5394 ), #7877, .T. ) ;
#8691 = CARTESIAN_POINT ( 'NONE',  ( 2.480624847486558900, 67.99999999999964500, -33.99999999999982900 ) ) ;
#8692 = CARTESIAN_POINT ( 'NONE',  ( 23.92834014497568200, 19.36273067059046200, -23.10204285599830600 ) ) ;
#8693 = CARTESIAN_POINT ( 'NONE',  ( 19.40000000000003100, -24.15792053056891600, -23.20874819785218100 ) ) ;
#8694 = CIRCLE ( 'NONE', #2839, 2.999999999999999100 ) ;
#8695 = AXIS2_PLACEMENT_3D ( 'NONE', #1846, #6460, #5722 ) ;
#8696 = CARTESIAN_POINT ( 'NONE',  ( 6.400000000000035900, 28.03495213840584600, 17.40824518847607300 ) ) ;
#8697 = EDGE_LOOP ( 'NONE', ( #2729, #2701 ) ) ;
#8698 = FACE_OUTER_BOUND ( 'NONE', #2622, .T. ) ;
#8699 = EDGE_LOOP ( 'NONE', ( #1655, #8380 ) ) ;
#8700 = CARTESIAN_POINT ( 'NONE',  ( 6.500999999999997700, 18.91510639674020700, -18.91510639674008600 ) ) ;
#8701 = EDGE_CURVE ( 'NONE', #1996, #7518, #9699, .T. ) ;
#8702 = CARTESIAN_POINT ( 'NONE',  ( 8.999999999997104500, 3.708705405307647100, -5.714786896521261800 ) ) ;
#8703 = CARTESIAN_POINT ( 'NONE',  ( 1.000000000128238800, 8.369740149689835800, -1.482723464960040700 ) ) ;
#8704 = CARTESIAN_POINT ( 'NONE',  ( 20.00000000000006400, 4.228490981847634200, -12.82070918288568100 ) ) ;
#8706 = ORIENTED_EDGE ( 'NONE', *, *, #3124, .F. ) ;
#8705 = CARTESIAN_POINT ( 'NONE',  ( 21.00000000000006000, 11.09504300572709700, 27.90542395844585500 ) ) ;
#8707 = CARTESIAN_POINT ( 'NONE',  ( 21.00000000000006000, -16.86094788897901300, -15.38182353007332300 ) ) ;
#8708 = ORIENTED_EDGE ( 'NONE', *, *, #9845, .T. ) ;
#8709 = VERTEX_POINT ( 'NONE', #4048 ) ;
#8710 = CARTESIAN_POINT ( 'NONE',  ( -1.099999999866668500, 1.878345842506365500, 4.363160617774562800 ) ) ;
#8711 = DIRECTION ( 'NONE',  ( 1.000000000000000000, 1.679403124341539000E-016, -1.865376329483173100E-017 ) ) ;
#8712 = CARTESIAN_POINT ( 'NONE',  ( 1.299999999997001800, -14.13182353007326400, 16.86094788897906200 ) ) ;
#8713 = CARTESIAN_POINT ( 'NONE',  ( 19.00000000000000000, 18.91510639673938200, -17.66510639673908800 ) ) ;
#8714 = EDGE_LOOP ( 'NONE', ( #3311, #9453, #3046, #2719 ) ) ;
#8715 = ORIENTED_EDGE ( 'NONE', *, *, #5561, .T. ) ;
#8716 = AXIS2_PLACEMENT_3D ( 'NONE', #6796, #3002, #1511 ) ;
#8717 = EDGE_LOOP ( 'NONE', ( #9905, #9499 ) ) ;
#8718 = CARTESIAN_POINT ( 'NONE',  ( 23.50000000000006400, 2.732189474663502600E-017, 2.498001805406642600E-016 ) ) ;
#8719 = ADVANCED_FACE ( 'NONE', ( #1164 ), #5769, .F. ) ;
#8720 = AXIS2_PLACEMENT_3D ( 'NONE', #1751, #9340, #2468 ) ;
#8721 = CIRCLE ( 'NONE', #4176, 2.999999999999999100 ) ;
#8722 = CARTESIAN_POINT ( 'NONE',  ( 2.171492092158872300, 67.99999999999964500, 33.99999999999982200 ) ) ;
#8723 = CARTESIAN_POINT ( 'NONE',  ( 0.1000000000000018700, 19.46667702163212600, 3.644078711698373500 ) ) ;
#8724 = ORIENTED_EDGE ( 'NONE', *, *, #4000, .T. ) ;
#8725 = CARTESIAN_POINT ( 'NONE',  ( 1.000000000128238500, -7.154571582959581700, 4.589923864103514700 ) ) ;
#8726 = CARTESIAN_POINT ( 'NONE',  ( 6.400000000000035900, 23.82246502096077000, 22.83618490832662900 ) ) ;
#8727 = CARTESIAN_POINT ( 'NONE',  ( 2.900000000133330600, -1.092875789857602900E-016, -9.992007221555231900E-016 ) ) ;
#8728 = CALENDAR_DATE ( 2025, 28, 7 ) ;
#8729 = CIRCLE ( 'NONE', #7299, 11.50000000000000200 ) ;
#8730 = PLANE ( 'NONE',  #8151 ) ;
#8731 = AXIS2_PLACEMENT_3D ( 'NONE', #5016, #957, #3300 ) ;
#8732 = ADVANCED_FACE ( 'NONE', ( #6125, #2017 ), #2406, .T. ) ;
#8733 = VERTEX_POINT ( 'NONE', #3184 ) ;
#8734 = CARTESIAN_POINT ( 'NONE',  ( 8.999999999997104500, -2.190496823770592200, -6.437797285168038300 ) ) ;
#8735 = CARTESIAN_POINT ( 'NONE',  ( 1.000000000128238800, 8.500016208201460100, -0.2597743522017941800 ) ) ;
#8736 = CARTESIAN_POINT ( 'NONE',  ( 20.00000000000006000, -8.871562397094486100, -10.17666280629472700 ) ) ;
#8737 = CARTESIAN_POINT ( 'NONE',  ( 21.00000000000005700, 5.194880905881948500, 29.57879403628500700 ) ) ;
#8738 = CARTESIAN_POINT ( 'NONE',  ( 1.899999999999999900, 0.0000000000000000000, 0.0000000000000000000 ) ) ;
#8739 = CARTESIAN_POINT ( 'NONE',  ( -1.099999999866668700, 4.142527707260670800, 2.325672942806439100 ) ) ;
#8740 = APPROVAL_DATE_TIME ( #6110, #7314 ) ;
#8741 = EDGE_CURVE ( 'NONE', #3953, #5124, #7331, .T. ) ;
#8742 = DIRECTION ( 'NONE',  ( 1.000000000000000000, -0.0000000000000000000, -0.0000000000000000000 ) ) ;
#8743 = ORIENTED_EDGE ( 'NONE', *, *, #7009, .F. ) ;
#8744 = DIRECTION ( 'NONE',  ( 0.0000000000000000000, -1.000000000000000000, 0.0000000000000000000 ) ) ;
#8745 = CARTESIAN_POINT ( 'NONE',  ( -1.033140896836349100, -5.305805150781052000, 0.3668874207808482900 ) ) ;
#8746 = CIRCLE ( 'NONE', #1498, 1.250000000000002900 ) ;
#8747 = AXIS2_PLACEMENT_3D ( 'NONE', #6936, #4541, #7708 ) ;
#8748 = ORIENTED_EDGE ( 'NONE', *, *, #9251, .T. ) ;
#8749 = CARTESIAN_POINT ( 'NONE',  ( -1.099999999866668300, -2.530699329003230700, 4.020532266145299800 ) ) ;
#8750 = CARTESIAN_POINT ( 'NONE',  ( 19.40000000000003400, -22.19963095139208100, -25.12980010227445100 ) ) ;
#8751 = CARTESIAN_POINT ( 'NONE',  ( 1.000000000128238800, -7.706809493146627300, -3.590557665653934200 ) ) ;
#8752 = CARTESIAN_POINT ( 'NONE',  ( 5.000000000000000000, 9.024091943764368300, -9.581030275964279100 ) ) ;
#8753 = FACE_OUTER_BOUND ( 'NONE', #6416, .T. ) ;
#8754 = CARTESIAN_POINT ( 'NONE',  ( 1.282376982381094900E-010, -0.8284926070882486800, 5.689999999999894700 ) ) ;
#8755 = AXIS2_PLACEMENT_3D ( 'NONE', #8882, #2720, #4390 ) ;
#8756 = ORIENTED_EDGE ( 'NONE', *, *, #9370, .F. ) ;
#8757 = CARTESIAN_POINT ( 'NONE',  ( 1.200000000000000000, 17.50000000000000000, -5.999999999999991100 ) ) ;
#8758 = CARTESIAN_POINT ( 'NONE',  ( 1.000000000128239000, 4.530583542577234700, 7.192286245344701200 ) ) ;
#8759 = FACE_OUTER_BOUND ( 'NONE', #9013, .T. ) ;
#8760 = ADVANCED_FACE ( 'NONE', ( #7828 ), #5158, .F. ) ;
#8761 = CARTESIAN_POINT ( 'NONE',  ( 20.00000000000006400, -6.595852929590199300, -11.77922156527501400 ) ) ;
#8762 = DIRECTION ( 'NONE',  ( 1.000000000000000000, -0.0000000000000000000, -0.0000000000000000000 ) ) ;
#8763 = CARTESIAN_POINT ( 'NONE',  ( -3.469446951953614200E-016, 3.676586257077263200E-015, 31.14921894064168800 ) ) ;
#8764 = CIRCLE ( 'NONE', #3059, 0.9999999999999995600 ) ;
#8765 = EDGE_CURVE ( 'NONE', #6300, #7908, #7448, .T. ) ;
#8766 = CARTESIAN_POINT ( 'NONE',  ( 24.00000000000006000, 14.13182353007338300, -15.61094788897896300 ) ) ;
#8767 = AXIS2_PLACEMENT_3D ( 'NONE', #2078, #7475, #4323 ) ;
#8768 = CARTESIAN_POINT ( 'NONE',  ( 5.000000000000000000, -9.024091943764450000, -10.38103027596421200 ) ) ;
#8769 = CARTESIAN_POINT ( 'NONE',  ( 0.1000000000000013700, 23.00000000000000400, -2.581566074340896200E-015 ) ) ;
#8770 = CARTESIAN_POINT ( 'NONE',  ( 6.500999999999997700, -10.60660171779941200, -9.356601717797014200 ) ) ;
#8771 = CYLINDRICAL_SURFACE ( 'NONE', #6240, 1.249999999999999300 ) ;
#8772 = AXIS2_PLACEMENT_3D ( 'NONE', #5879, #1258, #5140 ) ;
#8773 = CYLINDRICAL_SURFACE ( 'NONE', #9158, 1.249999999999999300 ) ;
#8774 = ADVANCED_FACE ( 'NONE', ( #188 ), #4711, .T. ) ;
#8775 = ORIENTED_EDGE ( 'NONE', *, *, #6097, .F. ) ;
#8776 = CARTESIAN_POINT ( 'NONE',  ( 2.000000000128237900, 6.964999999999993600, 0.6991244524404072200 ) ) ;
#8777 = CIRCLE ( 'NONE', #9127, 11.50000000000000200 ) ;
#8778 = CC_DESIGN_DATE_AND_TIME_ASSIGNMENT ( #2002, #6452, ( #3372 ) ) ;
#8779 = ADVANCED_FACE ( 'NONE', ( #2511 ), #8870, .F. ) ;
#8780 = CARTESIAN_POINT ( 'NONE',  ( 21.77120881839775600, 73.95574802150267100, 17.62235326453198100 ) ) ;
#8781 = CARTESIAN_POINT ( 'NONE',  ( 2.000000000000001800, -17.41510639674016000, -18.91510639674014300 ) ) ;
#8782 = CIRCLE ( 'NONE', #3817, 0.7500000000000006700 ) ;
#8783 = CARTESIAN_POINT ( 'NONE',  ( 19.40000000000003800, -19.22949037892136900, -27.43132681042569800 ) ) ;
#8784 = EDGE_CURVE ( 'NONE', #1851, #6617, #3713, .T. ) ;
#8785 = CARTESIAN_POINT ( 'NONE',  ( 1.000000000128238800, -7.378379923617172800, 4.224513483194785500 ) ) ;
#8786 = EDGE_CURVE ( 'NONE', #4716, #1195, #7692, .T. ) ;
#8787 = ORIENTED_EDGE ( 'NONE', *, *, #2308, .T. ) ;
#8788 = DIRECTION ( 'NONE',  ( -1.000000000000000000, -4.102801997461064300E-018, -4.248195126861483300E-017 ) ) ;
#8789 = CONICAL_SURFACE ( 'NONE', #2499, 3.000000000007326600, 0.7853981633974481700 ) ;
#8790 = LINE ( 'NONE', #9212, #1197 ) ;
#8791 = CYLINDRICAL_SURFACE ( 'NONE', #8649, 17.99999999999990100 ) ;
#8792 = CARTESIAN_POINT ( 'NONE',  ( 1.000000000128238800, 4.893998744694973100, -6.950149218417759100 ) ) ;
#8793 = CARTESIAN_POINT ( 'NONE',  ( 20.00000000000005700, -8.616903421917136500, -10.39229015512931700 ) ) ;
#8794 = DIRECTION ( 'NONE',  ( 0.0000000000000000000, 0.0000000000000000000, 1.000000000000000000 ) ) ;
#8795 = CARTESIAN_POINT ( 'NONE',  ( -2.168404344971008900E-016, 22.78599375892066400, 21.26568040597133800 ) ) ;
#8796 = FACE_OUTER_BOUND ( 'NONE', #4137, .T. ) ;
#8797 = DIRECTION ( 'NONE',  ( 1.000000000000000000, 6.071532165918827900E-018, 5.551115123125788900E-017 ) ) ;
#8798 = AXIS2_PLACEMENT_3D ( 'NONE', #9600, #6470, #5026 ) ;
#8799 = ORIENTED_EDGE ( 'NONE', *, *, #4555, .T. ) ;
#8800 = DIRECTION ( 'NONE',  ( 0.0000000000000000000, 0.0000000000000000000, 1.000000000000000000 ) ) ;
#8801 = FACE_OUTER_BOUND ( 'NONE', #991, .T. ) ;
#8802 = ORIENTED_EDGE ( 'NONE', *, *, #4308, .T. ) ;
#8803 = EDGE_CURVE ( 'NONE', #9206, #8196, #5880, .T. ) ;
#8804 = CARTESIAN_POINT ( 'NONE',  ( 6.500999999999997700, 10.60660171779701100, -9.356601717798234600 ) ) ;
#8805 = DIRECTION ( 'NONE',  ( 1.084202172482856600E-016, -1.000000000000000000, 0.0000000000000000000 ) ) ;
#8806 = EDGE_CURVE ( 'NONE', #4259, #9398, #7949, .T. ) ;
#8807 = VERTEX_POINT ( 'NONE', #5028 ) ;
#8808 = CARTESIAN_POINT ( 'NONE',  ( 19.40000000000003100, 28.90696445447866800, -15.91839903387043800 ) ) ;
#8809 = ORIENTED_EDGE ( 'NONE', *, *, #7494, .F. ) ;
#8810 = CARTESIAN_POINT ( 'NONE',  ( 2.999999999999999600, -2.143131898507868500E-016, 0.0000000000000000000 ) ) ;
#8811 = CARTESIAN_POINT ( 'NONE',  ( 19.40000000000003400, 23.05428622554266800, -24.30553258729001700 ) ) ;
#8812 = CARTESIAN_POINT ( 'NONE',  ( 1.000000000128238800, -6.823084891240114300, -5.072886587590818200 ) ) ;
#8813 = AXIS2_PLACEMENT_3D ( 'NONE', #5119, #4196, #3534 ) ;
#8814 = DIRECTION ( 'NONE',  ( -1.000000000000000000, -0.0000000000000000000, -0.0000000000000000000 ) ) ;
#8815 = ORIENTED_EDGE ( 'NONE', *, *, #4502, .T. ) ;
#8816 = VERTEX_POINT ( 'NONE', #3411 ) ;
#8817 = VERTEX_POINT ( 'NONE', #5739 ) ;
#8818 = DIRECTION ( 'NONE',  ( 0.0000000000000000000, 0.0000000000000000000, -1.000000000000000000 ) ) ;
#8819 = ORIENTED_EDGE ( 'NONE', *, *, #911, .T. ) ;
#8820 = EDGE_CURVE ( 'NONE', #678, #8496, #9238, .T. ) ;
#8821 = EDGE_CURVE ( 'NONE', #1408, #6527, #3234, .T. ) ;
#8822 = ADVANCED_FACE ( 'NONE', ( #8987 ), #6363, .F. ) ;
#8823 = CARTESIAN_POINT ( 'NONE',  ( 8.999999999997104500, -2.726219938693403800, -6.237058728160467200 ) ) ;
#8824 = CARTESIAN_POINT ( 'NONE',  ( 21.00000000000006400, 16.14207076947215200, -25.29446472723164200 ) ) ;
#8825 = CARTESIAN_POINT ( 'NONE',  ( -0.5999999998560311400, -0.8284926070825480200, -5.689999999991528900 ) ) ;
#8826 = CARTESIAN_POINT ( 'NONE',  ( 19.00000000000000000, -18.91510639674090700, -18.91510639673938200 ) ) ;
#8827 = CARTESIAN_POINT ( 'NONE',  ( 21.00000000000005700, 0.5687891208549082900, 30.06596234761809300 ) ) ;
#8828 = CARTESIAN_POINT ( 'NONE',  ( -2.168404344971008900E-016, 6.661179728787600700, 30.44542260682612100 ) ) ;
#8829 = VERTEX_POINT ( 'NONE', #8781 ) ;
#8830 = CIRCLE ( 'NONE', #2640, 1.250000000000641300 ) ;
#8831 = ADVANCED_FACE ( 'NONE', ( #1293 ), #1426, .F. ) ;
#8832 = AXIS2_PLACEMENT_3D ( 'NONE', #7169, #7792, #2423 ) ;
#8833 = ORIENTED_EDGE ( 'NONE', *, *, #8845, .T. ) ;
#8834 = ORIENTED_EDGE ( 'NONE', *, *, #224, .T. ) ;
#8835 = ORIENTED_EDGE ( 'NONE', *, *, #4555, .F. ) ;
#8836 = CARTESIAN_POINT ( 'NONE',  ( 2.480624847486558400, -8.327598234201960100E-015, -33.99999999999982900 ) ) ;
#8837 = CARTESIAN_POINT ( 'NONE',  ( 1.299999999997001800, -9.635334225049955800, 10.24610083339481300 ) ) ;
#8838 = DIRECTION ( 'NONE',  ( 1.000000000000000000, 6.071532165918827900E-018, 5.551115123125788900E-017 ) ) ;
#8839 = DIRECTION ( 'NONE',  ( -1.000000000000000000, -6.123233995736766000E-017, -0.0000000000000000000 ) ) ;
#8840 = CARTESIAN_POINT ( 'NONE',  ( 21.00000000000006000, 16.86094788897911200, 14.13182353007320600 ) ) ;
#8841 = CC_DESIGN_DATE_AND_TIME_ASSIGNMENT ( #902, #3256, ( #2997 ) ) ;
#8842 = CYLINDRICAL_SURFACE ( 'NONE', #4577, 1.250000000000001100 ) ;
#8843 = DIRECTION ( 'NONE',  ( 0.0000000000000000000, -1.000000000000000000, 0.0000000000000000000 ) ) ;
#8844 = DIRECTION ( 'NONE',  ( 1.000000000000000000, -0.0000000000000000000, -0.0000000000000000000 ) ) ;
#8845 = EDGE_CURVE ( 'NONE', #7268, #913, #6960, .T. ) ;
#8846 = VERTEX_POINT ( 'NONE', #7255 ) ;
#8847 = CARTESIAN_POINT ( 'NONE',  ( -1.099999999866668100, -2.325672942806000300, 4.142527707260896400 ) ) ;
#8848 = CARTESIAN_POINT ( 'NONE',  ( 19.40000000000003100, 4.568177959032953900, -33.18762128032842200 ) ) ;
#8849 = COORDINATED_UNIVERSAL_TIME_OFFSET ( 8, 0, .AHEAD. ) ;
#8850 = CIRCLE ( 'NONE', #3712, 5.749999999999886300 ) ;
#8851 = CARTESIAN_POINT ( 'NONE',  ( 1.000000000128238500, -7.849292605573555900, -3.261893060565836100 ) ) ;
#8852 = ORIENTED_EDGE ( 'NONE', *, *, #9130, .F. ) ;
#8853 = CARTESIAN_POINT ( 'NONE',  ( 6.400000000000035900, -22.71019196451199200, 23.94276378802826200 ) ) ;
#8854 = ORIENTED_EDGE ( 'NONE', *, *, #2045, .F. ) ;
#8855 = CIRCLE ( 'NONE', #9584, 30.42229123600019500 ) ;
#8856 = DIRECTION ( 'NONE',  ( -1.000000000000000000, -0.0000000000000000000, -0.0000000000000000000 ) ) ;
#8857 = CARTESIAN_POINT ( 'NONE',  ( 21.00000000000006400, 5.300071625377800200, -29.53593954820390300 ) ) ;
#8858 = DIRECTION ( 'NONE',  ( 1.000000000000000000, 1.679403124341539000E-016, -1.865376329483173100E-017 ) ) ;
#8859 = ORIENTED_EDGE ( 'NONE', *, *, #7386, .F. ) ;
#8860 = CARTESIAN_POINT ( 'NONE',  ( 21.00000000000006000, 14.22870144585317800, 26.41107770024811100 ) ) ;
#8861 = CARTESIAN_POINT ( 'NONE',  ( -2.168404344971008900E-016, 25.00436794158080600, 18.58968374102355600 ) ) ;
#8862 = ORIENTED_EDGE ( 'NONE', *, *, #3998, .F. ) ;
#8863 = EDGE_CURVE ( 'NONE', #8322, #9916, #7577, .T. ) ;
#8864 = CIRCLE ( 'NONE', #6144, 29.99999999999997900 ) ;
#8865 = CARTESIAN_POINT ( 'NONE',  ( 23.70000000000010600, 2.853620117981906700E-017, 2.609024107869184000E-016 ) ) ;
#8866 = DIRECTION ( 'NONE',  ( -1.000000000000000000, 0.0000000000000000000, 0.0000000000000000000 ) ) ;
#8867 = DIRECTION ( 'NONE',  ( 1.000000000000000000, 6.071532165918827900E-018, 5.551115123125788900E-017 ) ) ;
#8868 = EDGE_LOOP ( 'NONE', ( #5257, #3347, #9291, #84 ) ) ;
#8869 = AXIS2_PLACEMENT_3D ( 'NONE', #7839, #3315, #183 ) ;
#8870 = CYLINDRICAL_SURFACE ( 'NONE', #5472, 1.499999999999990900 ) ;
#8871 = VECTOR ( 'NONE', #5207, 1000.000000000000000 ) ;
#8872 = ADVANCED_FACE ( 'NONE', ( #4783 ), #4296, .F. ) ;
#8873 = CARTESIAN_POINT ( 'NONE',  ( 19.00000000000000000, 18.91510639674004300, 20.16510639674024200 ) ) ;
#8874 = CARTESIAN_POINT ( 'NONE',  ( 19.40000000000003400, -8.232921005615862600, -32.47260433808135400 ) ) ;
#8875 = CARTESIAN_POINT ( 'NONE',  ( 1.000000000128238500, -3.361156064151705100, 7.807809836555153800 ) ) ;
#8876 = CARTESIAN_POINT ( 'NONE',  ( 6.400000000000035000, -29.19384398599265400, 15.51754811970901000 ) ) ;
#8877 = EDGE_LOOP ( 'NONE', ( #2582, #4310, #7033, #8659 ) ) ;
#8878 = CYLINDRICAL_SURFACE ( 'NONE', #81, 26.60000000000002600 ) ;
#8879 = DIRECTION ( 'NONE',  ( 0.0000000000000000000, 0.0000000000000000000, 1.000000000000000000 ) ) ;
#8880 = VECTOR ( 'NONE', #9861, 1000.000000000000000 ) ;
#8881 = AXIS2_PLACEMENT_3D ( 'NONE', #9126, #683, #652 ) ;
#8882 = CARTESIAN_POINT ( 'NONE',  ( 1.350000000132411900, 0.0000000000000000000, 0.0000000000000000000 ) ) ;
#8883 = ORIENTED_EDGE ( 'NONE', *, *, #2396, .T. ) ;
#8884 = CARTESIAN_POINT ( 'NONE',  ( 21.00000000000007100, 3.673718206420583800, -29.77428083519367200 ) ) ;
#8885 = CARTESIAN_POINT ( 'NONE',  ( -1.999999999871762400, 0.8284926070882483500, 5.689999999999894700 ) ) ;
#8886 = CARTESIAN_POINT ( 'NONE',  ( 1.200000000000000000, 26.50000000000000400, 7.999999999999996400 ) ) ;
#8887 = ORIENTED_EDGE ( 'NONE', *, *, #6686, .T. ) ;
#8888 = CARTESIAN_POINT ( 'NONE',  ( 21.00000000000006000, 27.18450354444316000, -12.70689951178476700 ) ) ;
#8889 = CARTESIAN_POINT ( 'NONE',  ( -2.168404344971008900E-016, 5.463027135861018700, 30.66652020043041600 ) ) ;
#8890 = CYLINDRICAL_SURFACE ( 'NONE', #6049, 1.000000000000000200 ) ;
#8891 = EDGE_CURVE ( 'NONE', #6489, #2838, #6839, .T. ) ;
#8892 = LINE ( 'NONE', #6492, #1451 ) ;
#8893 = AXIS2_PLACEMENT_3D ( 'NONE', #2696, #8839, #8036 ) ;
#8894 = DIRECTION ( 'NONE',  ( -1.000000000000000000, -6.123233995736766000E-017, -0.0000000000000000000 ) ) ;
#8895 = ORIENTED_EDGE ( 'NONE', *, *, #931, .T. ) ;
#8896 = CARTESIAN_POINT ( 'NONE',  ( 24.00000000000006000, -9.635334225049955800, 11.49610083339481600 ) ) ;
#8897 = AXIS2_PLACEMENT_3D ( 'NONE', #6590, #8858, #6479 ) ;
#8898 = ORIENTED_EDGE ( 'NONE', *, *, #4271, .F. ) ;
#8899 = CARTESIAN_POINT ( 'NONE',  ( 6.400000000000035900, -32.93147467418682300, 2.133171764730719600 ) ) ;
#8900 = CIRCLE ( 'NONE', #3576, 3.750000000001903800 ) ;
#8901 = CIRCLE ( 'NONE', #9393, 33.99999999999988600 ) ;
#8902 = LINE ( 'NONE', #7188, #7251 ) ;
#8903 = DIRECTION ( 'NONE',  ( 1.000000000000000000, 0.0000000000000000000, 0.0000000000000000000 ) ) ;
#8904 = CARTESIAN_POINT ( 'NONE',  ( 19.40000000000003400, 29.00245365150610500, -15.74353391994439600 ) ) ;
#8905 = CARTESIAN_POINT ( 'NONE',  ( -1.099999999866668300, -1.878345842505084300, -4.363160617775400300 ) ) ;
#8906 = CARTESIAN_POINT ( 'NONE',  ( 1.731408215263068700E-015, 29.58039891549805800, -5.000000000000000000 ) ) ;
#8907 = CARTESIAN_POINT ( 'NONE',  ( 19.40000000000003800, -11.53417242815389300, -31.48112973554661300 ) ) ;
#8908 = FACE_OUTER_BOUND ( 'NONE', #5505, .T. ) ;
#8909 = VECTOR ( 'NONE', #6635, 1000.000000000000000 ) ;
#8910 = CARTESIAN_POINT ( 'NONE',  ( 8.999999999997106300, 4.468686642428403700, 5.125975291602781400 ) ) ;
#8911 = AXIS2_PLACEMENT_3D ( 'NONE', #3252, #5614, #3321 ) ;
#8912 = CIRCLE ( 'NONE', #1288, 1.000000000000000900 ) ;
#8913 = AXIS2_PLACEMENT_3D ( 'NONE', #7498, #9644, #6680 ) ;
#8914 = EDGE_LOOP ( 'NONE', ( #151, #4568 ) ) ;
#8915 = CARTESIAN_POINT ( 'NONE',  ( 1.699999999999999700, 1.040949779275250000E-016, 0.0000000000000000000 ) ) ;
#8916 = CARTESIAN_POINT ( 'NONE',  ( 21.00000000000006000, 0.0000000000000000000, -17.99999999999971900 ) ) ;
#8917 = VECTOR ( 'NONE', #2315, 1000.000000000000000 ) ;
#8918 = CARTESIAN_POINT ( 'NONE',  ( 0.2000000000000002100, 28.50000000000000400, -6.000000000000004400 ) ) ;
#8919 = EDGE_CURVE ( 'NONE', #266, #4138, #9118, .T. ) ;
#8920 = CARTESIAN_POINT ( 'NONE',  ( 23.70000000000010600, 2.853620117981907900E-017, 2.609024107869184500E-016 ) ) ;
#8921 = CARTESIAN_POINT ( 'NONE',  ( 0.2191311905569937000, 0.0000000000000000000, -31.77391398819611700 ) ) ;
#8923 = VERTEX_POINT ( 'NONE', #1168 ) ;
#8922 = CARTESIAN_POINT ( 'NONE',  ( 21.00000000000006400, 17.76568544546560000, 24.18274994665555900 ) ) ;
#8924 = CARTESIAN_POINT ( 'NONE',  ( -2.168404344971008900E-016, 30.54618222958423600, 6.101923432662977700 ) ) ;
#8925 = ORIENTED_EDGE ( 'NONE', *, *, #5365, .T. ) ;
#8926 = ORIENTED_EDGE ( 'NONE', *, *, #346, .F. ) ;
#8927 = ADVANCED_FACE ( 'NONE', ( #3584 ), #693, .F. ) ;
#8928 = DIRECTION ( 'NONE',  ( 1.000000000000000000, 6.123233995736766000E-017, 0.0000000000000000000 ) ) ;
#8929 = AXIS2_PLACEMENT_3D ( 'NONE', #4226, #5084, #8800 ) ;
#8930 = CARTESIAN_POINT ( 'NONE',  ( 0.1999999999999987900, 0.0000000000000000000, 12.46509829663151700 ) ) ;
#8931 = DIRECTION ( 'NONE',  ( 0.0000000000000000000, 0.0000000000000000000, 1.000000000000000000 ) ) ;
#8932 = ORIENTED_EDGE ( 'NONE', *, *, #2765, .F. ) ;
#8933 = ORIENTED_EDGE ( 'NONE', *, *, #3717, .F. ) ;
#8934 = CARTESIAN_POINT ( 'NONE',  ( 6.400000000000038500, -28.90392227660025200, -15.94201915078780000 ) ) ;
#8935 = EDGE_CURVE ( 'NONE', #6676, #8829, #9352, .T. ) ;
#8936 = ORIENTED_EDGE ( 'NONE', *, *, #7594, .F. ) ;
#8937 = VERTEX_POINT ( 'NONE', #7452 ) ;
#8938 = DIRECTION ( 'NONE',  ( -1.807003620809172400E-016, 1.000000000000000000, 0.0000000000000000000 ) ) ;
#8939 = CARTESIAN_POINT ( 'NONE',  ( 19.40000000000003800, 28.79201524191908100, 16.12516649986392300 ) ) ;
#8940 = ORIENTED_EDGE ( 'NONE', *, *, #3870, .T. ) ;
#8941 = CARTESIAN_POINT ( 'NONE',  ( -1.099999999866668500, -4.363160617774697800, 1.878345842506360600 ) ) ;
#8942 = CARTESIAN_POINT ( 'NONE',  ( 0.3191358715913166200, 29.90401310861159300, -5.000000000000000000 ) ) ;
#8943 = VERTEX_POINT ( 'NONE', #419 ) ;
#8944 = DIRECTION ( 'NONE',  ( 1.000000000000000000, 1.679403124341539000E-016, -1.865376329483173100E-017 ) ) ;
#8945 = EDGE_LOOP ( 'NONE', ( #3841, #2365, #4799, #6845 ) ) ;
#8946 = CARTESIAN_POINT ( 'NONE',  ( 1.000000000128238500, -1.578626225735132700, 8.352182949521752800 ) ) ;
#8947 = AXIS2_PLACEMENT_3D ( 'NONE', #6100, #7678, #5385 ) ;
#8948 = CARTESIAN_POINT ( 'NONE',  ( 8.999999999997104500, 3.572149930102616300, 5.788046814250401800 ) ) ;
#8949 = DIRECTION ( 'NONE',  ( 0.0000000000000000000, 0.0000000000000000000, 1.000000000000000000 ) ) ;
#8950 = CARTESIAN_POINT ( 'NONE',  ( -1.100000000000000100, 6.249999999999999100, 1.000000000000064600 ) ) ;
#8951 = VECTOR ( 'NONE', #4062, 1000.000000000000000 ) ;
#8952 = EDGE_CURVE ( 'NONE', #1309, #3024, #4551, .T. ) ;
#8953 = ORIENTED_EDGE ( 'NONE', *, *, #8064, .T. ) ;
#8954 = EDGE_LOOP ( 'NONE', ( #9028, #6252, #376, #418 ) ) ;
#8955 = CARTESIAN_POINT ( 'NONE',  ( -1.100000000000000100, 0.0000000000000000000, 0.0000000000000000000 ) ) ;
#8956 = CARTESIAN_POINT ( 'NONE',  ( 21.00000000000006400, -13.49996264035992700, -26.79305586599435400 ) ) ;
#8957 = CARTESIAN_POINT ( 'NONE',  ( 19.40000000000003100, -15.83293912109716400, 28.95428247710475500 ) ) ;
#8958 = DIRECTION ( 'NONE',  ( 0.0000000000000000000, 0.0000000000000000000, -1.000000000000000000 ) ) ;
#8959 = CARTESIAN_POINT ( 'NONE',  ( 21.00000000000006000, 28.45210133973804300, 9.512035441247649100 ) ) ;
#8960 = CARTESIAN_POINT ( 'NONE',  ( -2.168404344971008900E-016, 16.16426840760102500, -26.64768366556662100 ) ) ;
#8961 = AXIS2_PLACEMENT_3D ( 'NONE', #1850, #4940, #6465 ) ;
#8962 = PERSON_AND_ORGANIZATION ( #6260, #2732 ) ;
#8963 = CIRCLE ( 'NONE', #5418, 32.19999999999984700 ) ;
#8964 = ORIENTED_EDGE ( 'NONE', *, *, #3912, .T. ) ;
#8965 = DIRECTION ( 'NONE',  ( 1.000000000000000000, -0.0000000000000000000, -0.0000000000000000000 ) ) ;
#8966 = CARTESIAN_POINT ( 'NONE',  ( 0.2000000000000002300, 28.48244707526561800, -6.314401673125473700 ) ) ;
#8967 = ORIENTED_EDGE ( 'NONE', *, *, #5888, .T. ) ;
#8968 = DIRECTION ( 'NONE',  ( 0.0000000000000000000, 0.0000000000000000000, 1.000000000000000000 ) ) ;
#8969 = DIRECTION ( 'NONE',  ( -1.000000000000000000, -0.0000000000000000000, -0.0000000000000000000 ) ) ;
#8970 = DIRECTION ( 'NONE',  ( -1.000000000000000000, -6.123233995736766000E-017, 0.0000000000000000000 ) ) ;
#8971 = CARTESIAN_POINT ( 'NONE',  ( 6.400000000000036800, -9.688232446975179700, -31.55303632358686600 ) ) ;
#8972 = CARTESIAN_POINT ( 'NONE',  ( 0.1000000000000017800, 19.96667702163212600, -3.998403685112363000 ) ) ;
#8973 = CARTESIAN_POINT ( 'NONE',  ( 19.40000000000003800, -28.90696445448812600, 15.91839903385727500 ) ) ;
#8974 = PLANE ( 'NONE',  #1425 ) ;
#8975 = EDGE_CURVE ( 'NONE', #3680, #4164, #6606, .T. ) ;
#8976 = ORIENTED_EDGE ( 'NONE', *, *, #5707, .T. ) ;
#8977 = CARTESIAN_POINT ( 'NONE',  ( -2.168404344971008900E-016, -17.82507279710534600, 25.54745178251339200 ) ) ;
#8978 = CARTESIAN_POINT ( 'NONE',  ( 19.40000000000003400, 31.34035613506605600, 10.33359851017053000 ) ) ;
#8979 = CARTESIAN_POINT ( 'NONE',  ( 22.00000000000005700, -18.96738926836105000, 22.63035349707299200 ) ) ;
#8980 = CARTESIAN_POINT ( 'NONE',  ( 5.000000000128238800, 0.0000000000000000000, 0.0000000000000000000 ) ) ;
#8981 = CARTESIAN_POINT ( 'NONE',  ( 8.999999999997102800, 6.265232206286055900, 2.659442850017116100 ) ) ;
#8982 = VECTOR ( 'NONE', #4873, 1000.000000000000000 ) ;
#8983 = EDGE_LOOP ( 'NONE', ( #2642, #1185, #6550 ) ) ;
#8984 = VERTEX_POINT ( 'NONE', #5060 ) ;
#8985 = EDGE_CURVE ( 'NONE', #568, #7289, #7087, .T. ) ;
#8986 = CARTESIAN_POINT ( 'NONE',  ( 21.00000000000007100, -26.08664278818069000, -14.81512238544068400 ) ) ;
#8987 = FACE_OUTER_BOUND ( 'NONE', #1226, .T. ) ;
#8988 = AXIS2_PLACEMENT_3D ( 'NONE', #4025, #6349, #1014 ) ;
#8989 = CARTESIAN_POINT ( 'NONE',  ( 21.00000000000005700, 24.18274994663418900, -17.76568544549679300 ) ) ;
#8990 = CARTESIAN_POINT ( 'NONE',  ( -2.168404344971008600E-016, 28.98537717948515200, -11.40713421897459200 ) ) ;
#8991 = EDGE_CURVE ( 'NONE', #4011, #9548, #5645, .T. ) ;
#8992 = ORIENTED_EDGE ( 'NONE', *, *, #8517, .F. ) ;
#8993 = CARTESIAN_POINT ( 'NONE',  ( 20.00000000000006000, 11.49110162724685600, -7.091580457920630700 ) ) ;
#8994 = CARTESIAN_POINT ( 'NONE',  ( 0.2000000000000007900, 26.81440167312377900, 7.982447075265606700 ) ) ;
#8995 = CIRCLE ( 'NONE', #1857, 1.499999999999990900 ) ;
#8996 = CARTESIAN_POINT ( 'NONE',  ( 6.400000000000036800, -5.380564614852589000, -32.58939096743630900 ) ) ;
#8997 = CYLINDRICAL_SURFACE ( 'NONE', #2014, 0.8000000000000003800 ) ;
#8998 = DIRECTION ( 'NONE',  ( 0.0000000000000000000, 1.776356839400250500E-015, 1.000000000000000000 ) ) ;
#8999 = CARTESIAN_POINT ( 'NONE',  ( 23.31307791393078300, 0.0000000000000000000, 0.0000000000000000000 ) ) ;
#9000 = DIRECTION ( 'NONE',  ( -1.626303258728255200E-016, 1.000000000000000000, 0.0000000000000000000 ) ) ;
#9001 = AXIS2_PLACEMENT_3D ( 'NONE', #1571, #3033, #7786 ) ;
#9002 = B_SPLINE_CURVE_WITH_KNOTS ( 'NONE', 3,
 ( #7429, #4277, #1214, #1998, #7392, #2783, #3548, #4307, #9680, #5874 ),
 .UNSPECIFIED., .F., .F.,
 ( 4, 2, 2, 2, 4 ),
 ( 2.637977740025101400E-018, 0.0005437928146699958200, 0.001087585629339989000, 0.001631378444009982200, 0.002175171258679975500 ),
 .UNSPECIFIED. ) ;
#9003 = VERTEX_POINT ( 'NONE', #5867 ) ;
#9004 = ORIENTED_EDGE ( 'NONE', *, *, #6891, .T. ) ;
#9005 = CARTESIAN_POINT ( 'NONE',  ( 19.00000000000000000, -15.55634918610482300, -15.55634918610326000 ) ) ;
#9006 = CARTESIAN_POINT ( 'NONE',  ( 19.40000000000002700, 31.46921137157886900, 9.936001231079552900 ) ) ;
#9007 = FACE_OUTER_BOUND ( 'NONE', #3297, .T. ) ;
#9008 = CARTESIAN_POINT ( 'NONE',  ( -1.099999999866668500, -1.822854349017243100, -4.386353002417887800 ) ) ;
#9009 = VECTOR ( 'NONE', #7604, 1000.000000000000000 ) ;
#9010 = CARTESIAN_POINT ( 'NONE',  ( 6.899999999999965700, 33.99999999999999300, -8.673617379884037400E-016 ) ) ;
#9011 = EDGE_CURVE ( 'NONE', #9047, #1960, #3738, .T. ) ;
#9012 = CARTESIAN_POINT ( 'NONE',  ( 8.999999999997108100, 6.776263401457036700, 0.5709087852092370500 ) ) ;
#9013 = EDGE_LOOP ( 'NONE', ( #8852, #7849, #9313, #5131 ) ) ;
#9014 = EDGE_CURVE ( 'NONE', #9304, #8829, #5039, .T. ) ;
#9015 = VERTEX_POINT ( 'NONE', #6641 ) ;
#9016 = CARTESIAN_POINT ( 'NONE',  ( 0.0000000000000000000, -10.60660171779819200, 11.85660171779940900 ) ) ;
#9017 = FACE_OUTER_BOUND ( 'NONE', #294, .T. ) ;
#9018 = AXIS2_PLACEMENT_3D ( 'NONE', #3693, #9860, #9061 ) ;
#9019 = CIRCLE ( 'NONE', #6401, 4.750000000000000000 ) ;
#9020 = ORIENTED_EDGE ( 'NONE', *, *, #9824, .F. ) ;
#9021 = CARTESIAN_POINT ( 'NONE',  ( -2.168404344971008900E-016, -23.86186268310561700, -20.07298931342272800 ) ) ;
#9022 = ORIENTED_EDGE ( 'NONE', *, *, #3447, .F. ) ;
#9023 = CARTESIAN_POINT ( 'NONE',  ( 21.00000000000006400, -29.75850982343559500, -3.799398919605942100 ) ) ;
#9024 = DIRECTION ( 'NONE',  ( 1.000000000000000000, 0.0000000000000000000, 0.0000000000000000000 ) ) ;
#9025 = CARTESIAN_POINT ( 'NONE',  ( 5.000000000000000000, -3.327635673973334400, 13.34641771492635500 ) ) ;
#9026 = CARTESIAN_POINT ( 'NONE',  ( 0.1000000000000017800, 19.96667702163212600, -2.581566074340896200E-015 ) ) ;
#9027 = CARTESIAN_POINT ( 'NONE',  ( -2.168404344971007900E-016, 11.58810265469898400, -28.91350601765354300 ) ) ;
#9028 = ORIENTED_EDGE ( 'NONE', *, *, #686, .F. ) ;
#9029 = FACE_OUTER_BOUND ( 'NONE', #245, .T. ) ;
#9030 = APPROVAL ( #225, '未指定' ) ;
#9031 = CIRCLE ( 'NONE', #3929, 2.999999999999999100 ) ;
#9032 = FACE_OUTER_BOUND ( 'NONE', #7221, .T. ) ;
#9033 = CARTESIAN_POINT ( 'NONE',  ( 20.00000000000006400, 12.08858131083165000, -6.026992397860351700 ) ) ;
#9034 = EDGE_CURVE ( 'NONE', #5441, #1973, #8646, .T. ) ;
#9036 = ORIENTED_EDGE ( 'NONE', *, *, #1634, .F. ) ;
#9035 = DIRECTION ( 'NONE',  ( 0.0000000000000000000, 1.000000000000000000, -0.0000000000000000000 ) ) ;
#9037 = CARTESIAN_POINT ( 'NONE',  ( 0.2000000000000007300, 27.17685685812911000, 7.882066286940802700 ) ) ;
#9038 = DIRECTION ( 'NONE',  ( 1.000000000000000000, 0.0000000000000000000, 0.0000000000000000000 ) ) ;
#9039 = CARTESIAN_POINT ( 'NONE',  ( 6.400000000000035000, -23.82246502096066400, -22.83618490832702000 ) ) ;
#9040 = DIRECTION ( 'NONE',  ( -1.000000000000000000, -0.0000000000000000000, -0.0000000000000000000 ) ) ;
#9041 = CARTESIAN_POINT ( 'NONE',  ( -1.099999999866668500, 1.252283810584534400, -4.586721231376818000 ) ) ;
#9042 = FACE_BOUND ( 'NONE', #6226, .T. ) ;
#9043 = DIRECTION ( 'NONE',  ( 1.000000000000000000, 6.071532165918827900E-018, 5.551115123125788900E-017 ) ) ;
#9044 = FACE_OUTER_BOUND ( 'NONE', #2305, .T. ) ;
#9045 = CARTESIAN_POINT ( 'NONE',  ( -2.168404344971009400E-016, -17.26949287948952300, 25.92379948801052300 ) ) ;
#9046 = CARTESIAN_POINT ( 'NONE',  ( 19.40000000000003400, 31.39457756176421200, 10.16805077645523300 ) ) ;
#9047 = VERTEX_POINT ( 'NONE', #8906 ) ;
#9048 = CARTESIAN_POINT ( 'NONE',  ( -1.099999999866668500, -2.666344244949648600, -3.931850753080115400 ) ) ;
#9049 = DIRECTION ( 'NONE',  ( 1.000000000000000000, 6.123233995736766000E-017, 0.0000000000000000000 ) ) ;
#9050 = CARTESIAN_POINT ( 'NONE',  ( 8.999999999997106300, 6.473813739637048300, -2.081591793994165900 ) ) ;
#9051 = AXIS2_PLACEMENT_3D ( 'NONE', #9813, #6083, #6003 ) ;
#9052 = CARTESIAN_POINT ( 'NONE',  ( -1.100000000000000100, -1.092875789857602900E-016, 6.249999999999999100 ) ) ;
#9053 = ORIENTED_EDGE ( 'NONE', *, *, #7146, .T. ) ;
#9054 = VERTEX_POINT ( 'NONE', #1246 ) ;
#9055 = CARTESIAN_POINT ( 'NONE',  ( 3.000000000000000900, -18.91510639674015300, -18.91510639674014300 ) ) ;
#9056 = ORIENTED_EDGE ( 'NONE', *, *, #4148, .T. ) ;
#9057 = DIRECTION ( 'NONE',  ( 1.000000000000000000, 6.071532165918827900E-018, 5.551115123125788900E-017 ) ) ;
#9058 = EDGE_CURVE ( 'NONE', #9925, #4128, #3352, .T. ) ;
#9059 = CARTESIAN_POINT ( 'NONE',  ( 21.00000000000006400, -28.78507544638323200, 8.451271477098327300 ) ) ;
#9060 = CARTESIAN_POINT ( 'NONE',  ( 0.5000000000450199900, -18.91510639674015300, -18.91510639674014300 ) ) ;
#9061 = DIRECTION ( 'NONE',  ( 0.0000000000000000000, 0.0000000000000000000, 1.000000000000000000 ) ) ;
#9062 = CARTESIAN_POINT ( 'NONE',  ( 21.00000000000006000, 19.27066845010006400, -22.99220166678949800 ) ) ;
#9063 = CARTESIAN_POINT ( 'NONE',  ( -2.168404344971008400E-016, 5.792129186676866900, -30.60598120472913300 ) ) ;
#9064 = ORIENTED_EDGE ( 'NONE', *, *, #6207, .F. ) ;
#9065 = ORIENTED_EDGE ( 'NONE', *, *, #8685, .F. ) ;
#9066 = EDGE_LOOP ( 'NONE', ( #7229, #5586, #9660, #9274 ) ) ;
#9067 = VERTEX_POINT ( 'NONE', #1314 ) ;
#9068 = CARTESIAN_POINT ( 'NONE',  ( 20.00000000000006000, 11.08010299840570700, -7.734291965268264200 ) ) ;
#9069 = DIRECTION ( 'NONE',  ( -1.000000000000000000, -1.807003620762058600E-017, 0.0000000000000000000 ) ) ;
#9070 = CARTESIAN_POINT ( 'NONE',  ( 0.2000000000000004600, 28.45319220070829400, 6.499899498184706900 ) ) ;
#9071 = DIRECTION ( 'NONE',  ( 0.0000000000000000000, 0.0000000000000000000, -1.000000000000000000 ) ) ;
#9072 = CARTESIAN_POINT ( 'NONE',  ( 6.400000000000037700, -1.732696345985709400, -32.95449659198764900 ) ) ;
#9073 = EDGE_CURVE ( 'NONE', #8117, #1725, #1540, .T. ) ;
#9074 = ORIENTED_EDGE ( 'NONE', *, *, #7260, .F. ) ;
#9075 = FACE_OUTER_BOUND ( 'NONE', #2827, .T. ) ;
#9076 = CARTESIAN_POINT ( 'NONE',  ( 0.1000000000000008000, 26.65000000000000200, -3.998403685112363000 ) ) ;
#9077 = ORIENTED_EDGE ( 'NONE', *, *, #7665, .F. ) ;
#9078 = CARTESIAN_POINT ( 'NONE',  ( 2.000000000000001800, -20.41510639674033100, 18.91510639673995400 ) ) ;
#9079 = VERTEX_POINT ( 'NONE', #4378 ) ;
#9080 = ORIENTED_EDGE ( 'NONE', *, *, #8115, .F. ) ;
#9081 = B_SPLINE_CURVE_WITH_KNOTS ( 'NONE', 3,
 ( #5579, #5643, #8656, #4853, #4883, #7256, #4819, #7187, #4049, #1011, #2578, #1733, #9411, #6343, #4780, #8046, #7119, #9378, #4078, #150, #1826, #9442, #3348, #7218, #6410, #4915, #184, #4147, #2608, #7918, #4111, #5609, #9470, #249, #2638, #975, #1034, #6376, #6445, #8013, #1763, #7154, #2545, #7947, #3316, #8693, #3378, #8750, #9502, #283, #5706, #1070, #6471, #3412, #8783, #3507, #8212, #3471, #8907, #2676, #4268, #2739, #1990, #8874, #4207, #2777, #9641, #420, #7421, #1137, #5803, #8148, #5837, #7351, #9572, #5062, #1205, #6610, #4999, #8848, #4239, #4300, #8077, #352, #392, #5096, #1248, #5774, #7385, #6543, #3445, #9603, #1928, #5029, #8181, #1169, #6578, #3543, #8811, #9673, #7322, #3574, #1957, #452, #2711, #5868, #8111, #6642, #7290, #2021, #2812, #4174, #6506, #9543 ),
 .UNSPECIFIED., .F., .F.,
 ( 4, 1, 1, 1, 1, 1, 2, 2, 1, 1, 1, 1, 1, 2, 2, 1, 1, 1, 1, 2, 2, 2, 1, 1, 1, 1, 2, 2, 1, 1, 1, 1, 1, 2, 2, 1, 1, 1, 1, 1, 2, 2, 2, 1, 1, 1, 1, 1, 2, 2, 1, 1, 1, 1, 1, 2, 2, 1, 1, 1, 1, 2, 2, 2, 1, 1, 1, 1, 2, 2, 1, 1, 1, 1, 1, 2, 2, 1, 1, 1, 1, 1, 2, 2, 4 ),
 ( 0.0000000000000000000, 0.03125000000000004200, 0.04687500000000006200, 0.05468750000000006900, 0.05859375000000007600, 0.06054687500000008300, 0.06152343750000005600, 0.06250000000000002800, 0.09374999999999797400, 0.1093749999999969200, 0.1171874999999963900, 0.1210937499999961400, 0.1230468749999959900, 0.1240234374999959100, 0.1249999999999958200, 0.1562499999999935600, 0.1718749999999924500, 0.1796874999999919000, 0.1835937499999915900, 0.1855468749999914200, 0.1874999999999912600, 0.2499999999999869500, 0.2812499999999847900, 0.2968749999999836800, 0.3046874999999831800, 0.3085937499999829000, 0.3105468749999827900, 0.3124999999999826800, 0.3437499999999813500, 0.3593749999999807400, 0.3671874999999804600, 0.3710937499999802900, 0.3730468749999802400, 0.3740234374999802400, 0.3749999999999802400, 0.4062499999999798500, 0.4218749999999796300, 0.4296874999999794600, 0.4335937499999793500, 0.4355468749999792400, 0.4365234374999791800, 0.4374999999999791300, 0.4999999999999785700, 0.5312499999999782400, 0.5468749999999781300, 0.5546874999999780200, 0.5585937499999780200, 0.5605468749999780200, 0.5615234374999780200, 0.5624999999999780200, 0.5937499999999789100, 0.6093749999999793500, 0.6171874999999795700, 0.6210937499999796800, 0.6230468749999797900, 0.6240234374999797900, 0.6249999999999797900, 0.6562499999999812400, 0.6718749999999819000, 0.6796874999999822400, 0.6835937499999824600, 0.6855468749999825700, 0.6874999999999826800, 0.7499999999999861200, 0.7812499999999877900, 0.7968749999999887900, 0.8046874999999892300, 0.8085937499999894500, 0.8105468749999895600, 0.8124999999999896700, 0.8437499999999919000, 0.8593749999999928900, 0.8671874999999933400, 0.8710937499999935600, 0.8730468749999936700, 0.8740234374999936700, 0.8749999999999936700, 0.9062499999999940000, 0.9218749999999940000, 0.9296874999999941200, 0.9335937499999941200, 0.9355468749999941200, 0.9365234374999941200, 0.9374999999999941200, 1.000000000000000000 ),
 .UNSPECIFIED. ) ;
#9082 = CARTESIAN_POINT ( 'NONE',  ( -2.168404344971008900E-016, -6.534352418684608000, 30.45803142761738200 ) ) ;
#9083 = CARTESIAN_POINT ( 'NONE',  ( 19.40000000000003100, -3.407720324070908200, 32.82414409816465900 ) ) ;
#9084 = CARTESIAN_POINT ( 'NONE',  ( 2.999999999999999600, -9.000000000000001800, 1.102182119232617900E-015 ) ) ;
#9085 = CARTESIAN_POINT ( 'NONE',  ( 27.30496494509936100, 3.234505539584104400E-015, 25.99999999999989000 ) ) ;
#9086 = CIRCLE ( 'NONE', #6780, 34.00000000000000000 ) ;
#9087 = AXIS2_PLACEMENT_3D ( 'NONE', #259, #4923, #7265 ) ;
#9088 = EDGE_LOOP ( 'NONE', ( #7620, #2850, #625, #4724 ) ) ;
#9089 = CARTESIAN_POINT ( 'NONE',  ( 0.1000000000000013700, 23.00000000000000400, -2.581566074340896200E-015 ) ) ;
#9090 = APPROVAL_PERSON_ORGANIZATION ( #8962, #9030, #4893 ) ;
#9091 = AXIS2_PLACEMENT_3D ( 'NONE', #69, #4744, #1524 ) ;
#9092 = CIRCLE ( 'NONE', #64, 1.249999999999999300 ) ;
#9093 = CARTESIAN_POINT ( 'NONE',  ( -2.168404344971008900E-016, -5.257939812111043700, -30.70266124235049400 ) ) ;
#9094 = CARTESIAN_POINT ( 'NONE',  ( 21.00000000000006800, -18.43949073872723000, -23.66627109342990200 ) ) ;
#9095 = DIRECTION ( 'NONE',  ( 1.000000000000000000, -0.0000000000000000000, -0.0000000000000000000 ) ) ;
#9096 = EDGE_LOOP ( 'NONE', ( #8898, #7745, #3191, #2633 ) ) ;
#9097 = CARTESIAN_POINT ( 'NONE',  ( -1.099999999866669400, -1.092875789857602900E-016, -9.992007221555231900E-016 ) ) ;
#9098 = CARTESIAN_POINT ( 'NONE',  ( 1.299999999997001800, 11.49610083339485200, 10.88533422504991300 ) ) ;
#9099 = CARTESIAN_POINT ( 'NONE',  ( -2.168404344971009400E-016, 5.730087994398616900, -30.61765652907496700 ) ) ;
#9100 = CARTESIAN_POINT ( 'NONE',  ( 20.00000000000006800, 13.04409189338887400, 3.492161216127525900 ) ) ;
#9102 = DIRECTION ( 'NONE',  ( 0.0000000000000000000, 0.0000000000000000000, -1.000000000000000000 ) ) ;
#9101 = CIRCLE ( 'NONE', #8767, 1.249999999999999300 ) ;
#9103 = CARTESIAN_POINT ( 'NONE',  ( 0.2000000000000006500, 27.20657440703147100, 7.871095708981799900 ) ) ;
#9104 = ORIENTED_EDGE ( 'NONE', *, *, #1381, .F. ) ;
#9105 = CARTESIAN_POINT ( 'NONE',  ( 6.400000000000035000, -25.08904779472103600, -21.44992777217952800 ) ) ;
#9106 = DIRECTION ( 'NONE',  ( 0.0000000000000000000, 0.0000000000000000000, -1.000000000000000000 ) ) ;
#9107 = DIRECTION ( 'NONE',  ( 0.0000000000000000000, 0.0000000000000000000, -1.000000000000000000 ) ) ;
#9108 = CARTESIAN_POINT ( 'NONE',  ( -1.099999999866669000, -5.464378949288014500E-017, -4.749999999999929800 ) ) ;
#9109 = VERTEX_POINT ( 'NONE', #6577 ) ;
#9110 = EDGE_CURVE ( 'NONE', #4889, #2699, #3003, .T. ) ;
#9111 = EDGE_CURVE ( 'NONE', #9508, #6775, #2263, .T. ) ;
#9112 = CYLINDRICAL_SURFACE ( 'NONE', #2922, 33.99999999999988600 ) ;
#9113 = CARTESIAN_POINT ( 'NONE',  ( 19.40000000000003100, 28.45972384948886700, 17.67200706416696900 ) ) ;
#9114 = CARTESIAN_POINT ( 'NONE',  ( 0.2000000000000005100, 26.49999999999998900, -8.000000000000003600 ) ) ;
#9115 = DIRECTION ( 'NONE',  ( 0.0000000000000000000, 0.0000000000000000000, -1.000000000000000000 ) ) ;
#9116 = EDGE_LOOP ( 'NONE', ( #7885, #1249, #2940, #7707 ) ) ;
#9117 = EDGE_CURVE ( 'NONE', #8341, #4820, #926, .T. ) ;
#9118 = LINE ( 'NONE', #4997, #3830 ) ;
#9119 = CARTESIAN_POINT ( 'NONE',  ( 19.00000000000000000, -18.91510639674024200, 17.66510639674110500 ) ) ;
#9120 = FACE_OUTER_BOUND ( 'NONE', #5356, .T. ) ;
#9121 = CARTESIAN_POINT ( 'NONE',  ( -1.025933137134624100, 0.3594828967250489100, -5.312588547712066700 ) ) ;
#9122 = CARTESIAN_POINT ( 'NONE',  ( -2.168404344971008900E-016, -16.65830011091441100, -26.32121519915314400 ) ) ;
#9123 = VERTEX_POINT ( 'NONE', #1279 ) ;
#9124 = CARTESIAN_POINT ( 'NONE',  ( 21.00000000000006400, -30.06596234760758400, 0.5687891208228667000 ) ) ;
#9125 = DIRECTION ( 'NONE',  ( -1.000000000000000000, -0.0000000000000000000, -0.0000000000000000000 ) ) ;
#9126 = CARTESIAN_POINT ( 'NONE',  ( 6.500000000000000900, 0.0000000000000000000, 0.0000000000000000000 ) ) ;
#9127 = AXIS2_PLACEMENT_3D ( 'NONE', #674, #1456, #9972 ) ;
#9128 = DIRECTION ( 'NONE',  ( 1.000000000000000000, 6.071532165918827900E-018, 5.551115123125788900E-017 ) ) ;
#9129 = CIRCLE ( 'NONE', #2628, 6.249999999999660700 ) ;
#9130 = EDGE_CURVE ( 'NONE', #3670, #5550, #2504, .T. ) ;
#9131 = VECTOR ( 'NONE', #3510, 1000.000000000000000 ) ;
#9132 = EDGE_CURVE ( 'NONE', #1589, #7075, #55, .T. ) ;
#9133 = CARTESIAN_POINT ( 'NONE',  ( 20.00000000000006000, 13.41866345474447700, 1.480828457424583400 ) ) ;
#9134 = DIRECTION ( 'NONE',  ( -1.626303258728255200E-016, 1.000000000000000000, 0.0000000000000000000 ) ) ;
#9135 = CARTESIAN_POINT ( 'NONE',  ( 1.000000000128238500, -1.092875789857602900E-016, -9.992007221555231900E-016 ) ) ;
#9136 = ORIENTED_EDGE ( 'NONE', *, *, #831, .T. ) ;
#9137 =( NAMED_UNIT ( * ) PLANE_ANGLE_UNIT ( ) SI_UNIT ( $, .RADIAN. ) );
#9138 = EDGE_LOOP ( 'NONE', ( #1378, #7262, #7428, #4609 ) ) ;
#9139 = ORIENTED_EDGE ( 'NONE', *, *, #6546, .F. ) ;
#9140 = CARTESIAN_POINT ( 'NONE',  ( 6.400000000000037700, 26.90521664908318300, -19.10804367670258200 ) ) ;
#9141 = CYLINDRICAL_SURFACE ( 'NONE', #3792, 1.249999999999999300 ) ;
#9142 = DIRECTION ( 'NONE',  ( 0.7071067811865474600, 8.659560562354932900E-017, 0.7071067811865474600 ) ) ;
#9143 = CARTESIAN_POINT ( 'NONE',  ( 19.40000000000004500, 8.536719156952305100, -31.88548489067320800 ) ) ;
#9144 = CYLINDRICAL_SURFACE ( 'NONE', #1557, 0.7500000000000006700 ) ;
#9145 = AXIS2_PLACEMENT_3D ( 'NONE', #8700, #6384, #4862 ) ;
#9146 = B_SPLINE_CURVE_WITH_KNOTS ( 'NONE', 3,
 ( #8763, #297, #3459, #2724, #1843, #1905, #8889, #1187, #9524, #2754, #8828, #2690, #5012, #4220, #9582, #332, #6483, #4901, #8161, #4162, #264, #5720, #7305, #369, #3524, #1086, #7334, #1153, #1877, #8795, #3487, #8861, #4190, #9556, #6559, #4253, #406, #7271, #2656, #8060, #1941, #9621, #5042, #5817, #6594, #1972, #7366, #5689, #6459, #7235, #8924, #6726, #8193, #2106, #7541, #9686, #5910, #5852, #7399, #2928, #3587, #5109, #8266, #7506, #6623, #1296, #3694, #5982, #4316, #8332, #3617, #7467, #9751, #8990, #4394, #2071, #471, #1365, #9656, #5948, #4285, #577, #2890, #1262, #433, #1224, #2007, #2036, #9791, #8301, #3556, #6659, #7437, #8960, #2824, #2861, #2792, #3650, #8226, #9027, #1327, #4356, #4423, #9713, #6691, #5212, #5144, #509, #9063, #9099, #4458, #6788, #654, #4495 ),
 .UNSPECIFIED., .F., .F.,
 ( 4, 1, 1, 1, 1, 1, 2, 2, 1, 1, 1, 1, 1, 2, 2, 1, 1, 1, 1, 2, 2, 2, 1, 1, 1, 1, 2, 2, 1, 1, 1, 1, 1, 2, 2, 1, 1, 1, 1, 1, 2, 2, 2, 1, 1, 1, 1, 1, 2, 2, 1, 1, 1, 1, 1, 2, 2, 1, 1, 1, 1, 2, 2, 2, 1, 1, 1, 1, 2, 2, 1, 1, 1, 1, 1, 2, 2, 1, 1, 1, 1, 1, 2, 2, 4 ),
 ( 0.0000000000000000000, 0.03125000000000353200, 0.04687500000000530100, 0.05468750000000617600, 0.05859375000000659900, 0.06054687500000682100, 0.06152343750000692500, 0.06250000000000702200, 0.09375000000000968700, 0.1093750000000109900, 0.1171875000000116300, 0.1210937500000119500, 0.1230468750000120900, 0.1240234375000121300, 0.1250000000000121600, 0.1562500000000128000, 0.1718750000000131300, 0.1796875000000132900, 0.1835937500000133800, 0.1855468750000134100, 0.1875000000000134100, 0.2500000000000149300, 0.2812500000000157100, 0.2968750000000161000, 0.3046875000000163200, 0.3085937500000164900, 0.3105468750000165400, 0.3125000000000166000, 0.3437500000000180400, 0.3593750000000187600, 0.3671875000000191000, 0.3710937500000192600, 0.3730468750000193200, 0.3740234375000193700, 0.3750000000000193700, 0.4062500000000201000, 0.4218750000000204800, 0.4296875000000207100, 0.4335937500000208200, 0.4355468750000208700, 0.4365234375000208700, 0.4375000000000208700, 0.5000000000000226500, 0.5312500000000236500, 0.5468750000000240900, 0.5546875000000243100, 0.5585937500000244200, 0.5605468750000244200, 0.5615234375000244200, 0.5625000000000244200, 0.5937500000000246500, 0.6093750000000247600, 0.6171875000000248700, 0.6210937500000248700, 0.6230468750000248700, 0.6240234375000248700, 0.6250000000000248700, 0.6562500000000239800, 0.6718750000000235400, 0.6796875000000234300, 0.6835937500000233100, 0.6855468750000233100, 0.6875000000000233100, 0.7500000000000201000, 0.7812500000000185400, 0.7968750000000177600, 0.8046875000000173200, 0.8085937500000171000, 0.8105468750000169900, 0.8125000000000168800, 0.8437500000000139900, 0.8593750000000124300, 0.8671875000000116600, 0.8710937500000113200, 0.8730468750000111000, 0.8740234375000109900, 0.8750000000000108800, 0.9062500000000082200, 0.9218750000000067700, 0.9296875000000061100, 0.9335937500000057700, 0.9355468750000056600, 0.9365234375000055500, 0.9375000000000054400, 1.000000000000000000 ),
 .UNSPECIFIED. ) ;
#9147 = EDGE_LOOP ( 'NONE', ( #9609, #9053, #8385, #5765 ) ) ;
#9148 = CARTESIAN_POINT ( 'NONE',  ( 19.40000000000003400, 33.08317029523635700, -5.462083730063021400 ) ) ;
#9149 = ORIENTED_EDGE ( 'NONE', *, *, #6686, .F. ) ;
#9150 = DIRECTION ( 'NONE',  ( 0.0000000000000000000, 0.0000000000000000000, 1.000000000000000000 ) ) ;
#9151 = DIRECTION ( 'NONE',  ( 1.000000000000000000, 0.0000000000000000000, 0.0000000000000000000 ) ) ;
#9152 = DIRECTION ( 'NONE',  ( 0.0000000000000000000, 0.0000000000000000000, 1.000000000000000000 ) ) ;
#9153 = VECTOR ( 'NONE', #4881, 1000.000000000000000 ) ;
#9154 = LINE ( 'NONE', #1259, #3621 ) ;
#9155 = EDGE_CURVE ( 'NONE', #9196, #1726, #4775, .T. ) ;
#9156 = DIRECTION ( 'NONE',  ( 0.0000000000000000000, 0.0000000000000000000, -1.000000000000000000 ) ) ;
#9157 = LINE ( 'NONE', #1533, #6514 ) ;
#9158 = AXIS2_PLACEMENT_3D ( 'NONE', #272, #8037, #6434 ) ;
#9159 = FACE_OUTER_BOUND ( 'NONE', #141, .T. ) ;
#9160 = ORIENTED_EDGE ( 'NONE', *, *, #1666, .T. ) ;
#9161 = FACE_BOUND ( 'NONE', #5299, .T. ) ;
#9162 = CARTESIAN_POINT ( 'NONE',  ( 0.4999999999999988300, 18.91510639674002500, 18.91510639674027400 ) ) ;
#9163 = CARTESIAN_POINT ( 'NONE',  ( 21.00000000000006000, -19.27066845010006100, 22.99220166678950200 ) ) ;
#9164 = VECTOR ( 'NONE', #7920, 1000.000000000000000 ) ;
#9165 = CARTESIAN_POINT ( 'NONE',  ( 5.399999999999978200, 0.0000000000000000000, 0.0000000000000000000 ) ) ;
#9166 = ORIENTED_EDGE ( 'NONE', *, *, #2943, .F. ) ;
#9168 = ORIENTED_EDGE ( 'NONE', *, *, #3025, .T. ) ;
#9167 = CARTESIAN_POINT ( 'NONE',  ( 21.77120881839776000, 21.84009091011332900, -26.05782855569468400 ) ) ;
#9169 = SECURITY_CLASSIFICATION ( '', '', #6421 ) ;
#9170 = CARTESIAN_POINT ( 'NONE',  ( 20.00000000000006000, -5.280052264350947800, 12.43820660082181800 ) ) ;
#9171 = DIRECTION ( 'NONE',  ( 1.000000000000000000, 0.0000000000000000000, 0.0000000000000000000 ) ) ;
#9172 = VECTOR ( 'NONE', #8645, 1000.000000000000000 ) ;
#9173 = EDGE_CURVE ( 'NONE', #8529, #6638, #800, .T. ) ;
#9174 = CARTESIAN_POINT ( 'NONE',  ( -0.5999999999999926500, 9.797174393178825700E-016, 8.000000000000000000 ) ) ;
#9175 = CARTESIAN_POINT ( 'NONE',  ( 0.1500000000000009400, 25.90000000000000900, 2.894078711698373500 ) ) ;
#9176 = DIRECTION ( 'NONE',  ( -1.626303258728255200E-016, 1.000000000000000000, 0.0000000000000000000 ) ) ;
#9177 = DIRECTION ( 'NONE',  ( 1.000000000000000000, 6.071532165918827900E-018, 5.551115123125788900E-017 ) ) ;
#9178 = VERTEX_POINT ( 'NONE', #9882 ) ;
#9179 = ORIENTED_EDGE ( 'NONE', *, *, #6412, .T. ) ;
#9180 = DIRECTION ( 'NONE',  ( 1.000000000000000000, -0.0000000000000000000, -0.0000000000000000000 ) ) ;
#9181 = CARTESIAN_POINT ( 'NONE',  ( 19.40000000000003100, -22.34558067892016800, -24.29261149622783500 ) ) ;
#9182 = DIRECTION ( 'NONE',  ( 1.000000000000000000, -0.0000000000000000000, -0.0000000000000000000 ) ) ;
#9183 = CARTESIAN_POINT ( 'NONE',  ( 19.40000000000003400, 33.45017453979659900, -1.826745652197920800 ) ) ;
#9184 = ORIENTED_EDGE ( 'NONE', *, *, #9432, .F. ) ;
#9185 = DIRECTION ( 'NONE',  ( 1.000000000000000000, -0.0000000000000000000, -0.0000000000000000000 ) ) ;
#9186 = EDGE_LOOP ( 'NONE', ( #4972, #2152 ) ) ;
#9187 = DIRECTION ( 'NONE',  ( -1.000000000000000000, -0.0000000000000000000, -0.0000000000000000000 ) ) ;
#9188 = CARTESIAN_POINT ( 'NONE',  ( 1.299999999997001800, -11.49610083339478300, -10.88533422504999500 ) ) ;
#9189 = ORIENTED_EDGE ( 'NONE', *, *, #4431, .F. ) ;
#9190 = VERTEX_POINT ( 'NONE', #5269 ) ;
#9191 = DIRECTION ( 'NONE',  ( 0.0000000000000000000, 0.0000000000000000000, 1.000000000000000000 ) ) ;
#9192 = EDGE_CURVE ( 'NONE', #5951, #7771, #7566, .T. ) ;
#9193 = CARTESIAN_POINT ( 'NONE',  ( -0.6628243354505107800, -0.7894251520047938000, 5.632201611226642900 ) ) ;
#9194 = AXIS2_PLACEMENT_3D ( 'NONE', #9648, #461, #8259 ) ;
#9195 = ORIENTED_EDGE ( 'NONE', *, *, #2646, .F. ) ;
#9196 = VERTEX_POINT ( 'NONE', #8413 ) ;
#9197 = ORIENTED_EDGE ( 'NONE', *, *, #9262, .T. ) ;
#9198 = ORIENTED_EDGE ( 'NONE', *, *, #9938, .F. ) ;
#9199 = CARTESIAN_POINT ( 'NONE',  ( -2.168404344971009400E-016, -30.63998674080296400, 5.609447378459729600 ) ) ;
#9200 = EDGE_CURVE ( 'NONE', #1509, #2441, #2135, .T. ) ;
#9201 = DIRECTION ( 'NONE',  ( 1.000000000000000000, 0.0000000000000000000, 0.0000000000000000000 ) ) ;
#9202 = DIRECTION ( 'NONE',  ( -1.000000000000000000, -6.123233995736766000E-017, -0.0000000000000000000 ) ) ;
#9203 = DIRECTION ( 'NONE',  ( 0.7071067811865464600, -0.7071067811865486800, 1.548151474870450400E-016 ) ) ;
#9204 = CARTESIAN_POINT ( 'NONE',  ( 6.400000000000035900, 32.75673559454664000, 4.017172659170630500 ) ) ;
#9205 = CYLINDRICAL_SURFACE ( 'NONE', #3671, 0.8000000000000003800 ) ;
#9206 = VERTEX_POINT ( 'NONE', #3780 ) ;
#9207 = CARTESIAN_POINT ( 'NONE',  ( 0.4999999999881762400, 18.91510639674020700, -18.91510639674008600 ) ) ;
#9208 = EDGE_LOOP ( 'NONE', ( #4962, #4209, #8815, #1921 ) ) ;
#9209 = AXIS2_PLACEMENT_3D ( 'NONE', #3764, #2143, #2972 ) ;
#9210 = CARTESIAN_POINT ( 'NONE',  ( 19.00000000000000000, -18.91510639674024200, 20.16510639674069700 ) ) ;
#9211 = CARTESIAN_POINT ( 'NONE',  ( 23.50000000000006400, 1.336537999601534500E-015, 11.04999999999995500 ) ) ;
#9212 = CARTESIAN_POINT ( 'NONE',  ( 23.31307791393078300, 0.0000000000000000000, -33.99999999999982900 ) ) ;
#9213 = CARTESIAN_POINT ( 'NONE',  ( 19.40000000000003400, -21.03777052667176400, -25.42465917330879000 ) ) ;
#9214 = DIRECTION ( 'NONE',  ( 0.0000000000000000000, 0.0000000000000000000, -1.000000000000000000 ) ) ;
#9215 = LOCAL_TIME ( 11, 40, 0.0000000000000000000, #8615 ) ;
#9216 = CIRCLE ( 'NONE', #4274, 33.62469504755424100 ) ;
#9217 = EDGE_CURVE ( 'NONE', #7485, #7203, #559, .T. ) ;
#9218 = AXIS2_PLACEMENT_3D ( 'NONE', #3373, #5666, #144 ) ;
#9219 = VERTEX_POINT ( 'NONE', #9114 ) ;
#9220 = CARTESIAN_POINT ( 'NONE',  ( 19.40000000000003800, 32.18690551032410200, 9.570659228246126900 ) ) ;
#9221 = DIRECTION ( 'NONE',  ( -1.000000000000000000, -6.123233995736766000E-017, -0.0000000000000000000 ) ) ;
#9222 = AXIS2_PLACEMENT_3D ( 'NONE', #7735, #8446, #6983 ) ;
#9223 = CARTESIAN_POINT ( 'NONE',  ( 0.1999999999999983500, 0.0000000000000000000, -12.33490170336848400 ) ) ;
#9224 = PERSON_AND_ORGANIZATION ( #6260, #2732 ) ;
#9225 = DIRECTION ( 'NONE',  ( 1.000000000000000000, 0.0000000000000000000, -0.0000000000000000000 ) ) ;
#9226 = ORIENTED_EDGE ( 'NONE', *, *, #8262, .T. ) ;
#9227 = PRODUCT_DEFINITION ( '未知', '', #1236, #9793 ) ;
#9228 = CARTESIAN_POINT ( 'NONE',  ( -2.168404344971008400E-016, -28.95056051767645000, -11.49520987124032200 ) ) ;
#9229 = CARTESIAN_POINT ( 'NONE',  ( 0.2000000000000009500, 25.90000000000000200, -3.998403685112363000 ) ) ;
#9230 = DIRECTION ( 'NONE',  ( 0.0000000000000000000, 0.0000000000000000000, 1.000000000000000000 ) ) ;
#9231 = CYLINDRICAL_SURFACE ( 'NONE', #8893, 1.499999999999990900 ) ;
#9232 = CARTESIAN_POINT ( 'NONE',  ( 6.400000000000037700, 32.81849568267205800, -3.529965778260082400 ) ) ;
#9233 = VERTEX_POINT ( 'NONE', #2123 ) ;
#9234 = AXIS2_PLACEMENT_3D ( 'NONE', #3171, #3933, #8612 ) ;
#9235 = DIRECTION ( 'NONE',  ( 0.0000000000000000000, 0.0000000000000000000, 1.000000000000000000 ) ) ;
#9236 = CARTESIAN_POINT ( 'NONE',  ( 1.900000000133333300, -1.092875789857602900E-016, -9.992007221555231900E-016 ) ) ;
#9237 =( LENGTH_UNIT ( ) NAMED_UNIT ( * ) SI_UNIT ( .MILLI., .METRE. ) );
#9238 = LINE ( 'NONE', #5705, #7207 ) ;
#9239 = DIRECTION ( 'NONE',  ( 1.000000000000000000, 1.151085483283491600E-016, 9.647700132223467600E-017 ) ) ;
#9240 = DIRECTION ( 'NONE',  ( 0.0000000000000000000, 0.0000000000000000000, -1.000000000000000000 ) ) ;
#9241 = CARTESIAN_POINT ( 'NONE',  ( 19.40000000000003800, -9.702541434488717100, -31.54148933454251800 ) ) ;
#9242 = CARTESIAN_POINT ( 'NONE',  ( -0.5999999998493876800, -1.092875789857602900E-016, -8.673617379884035500E-016 ) ) ;
#9243 = ADVANCED_FACE ( 'NONE', ( #8526 ), #9112, .T. ) ;
#9244 = ORIENTED_EDGE ( 'NONE', *, *, #5605, .F. ) ;
#9245 = AXIS2_PLACEMENT_3D ( 'NONE', #618, #3698, #1405 ) ;
#9246 = CARTESIAN_POINT ( 'NONE',  ( 19.40000000000003400, 24.18341135853462000, 23.18218783971319400 ) ) ;
#9247 = DIRECTION ( 'NONE',  ( -1.000000000000000000, 0.0000000000000000000, 0.0000000000000000000 ) ) ;
#9248 = LINE ( 'NONE', #9997, #3836 ) ;
#9249 = CARTESIAN_POINT ( 'NONE',  ( 6.000000000000000000, 0.0000000000000000000, 0.0000000000000000000 ) ) ;
#9250 = VECTOR ( 'NONE', #5945, 1000.000000000000000 ) ;
#9251 = EDGE_CURVE ( 'NONE', #4858, #8923, #8864, .T. ) ;
#9252 = VERTEX_POINT ( 'NONE', #637 ) ;
#9253 = FACE_OUTER_BOUND ( 'NONE', #6783, .T. ) ;
#9254 = CONICAL_SURFACE ( 'NONE', #7631, 5.749999999977716500, 0.7853981633974482800 ) ;
#9255 = CARTESIAN_POINT ( 'NONE',  ( -2.168404344971008400E-016, -25.92379948801135100, -17.26949287948868100 ) ) ;
#9256 = CARTESIAN_POINT ( 'NONE',  ( 0.2000000000000020900, 18.74904246081765900, 7.853725627213393100 ) ) ;
#9257 = CARTESIAN_POINT ( 'NONE',  ( 0.4999999999881763500, 21.91510639674716600, 18.91510639674027400 ) ) ;
#9258 = AXIS2_PLACEMENT_3D ( 'NONE', #3955, #7027, #9331 ) ;
#9259 = CARTESIAN_POINT ( 'NONE',  ( 6.400000000000036800, 31.98794113892054000, -8.110031295587781100 ) ) ;
#9260 = ORIENTED_EDGE ( 'NONE', *, *, #5508, .F. ) ;
#9261 = ORIENTED_EDGE ( 'NONE', *, *, #9783, .T. ) ;
#9262 = EDGE_CURVE ( 'NONE', #3334, #3202, #7939, .T. ) ;
#9263 = CIRCLE ( 'NONE', #4845, 1.250000000000001100 ) ;
#9264 = CARTESIAN_POINT ( 'NONE',  ( 1.000000000131194400, 0.0000000000000000000, 0.0000000000000000000 ) ) ;
#9265 =( LENGTH_UNIT ( ) NAMED_UNIT ( * ) SI_UNIT ( .MILLI., .METRE. ) );
#9266 = CARTESIAN_POINT ( 'NONE',  ( 20.00000000000006000, -11.76440096547239200, -6.621896096744026600 ) ) ;
#9267 = CARTESIAN_POINT ( 'NONE',  ( 19.40000000000004100, 1.922259292604566300, -32.95283928264373000 ) ) ;
#9268 = DIRECTION ( 'NONE',  ( 0.0000000000000000000, -1.000000000000000000, 0.0000000000000000000 ) ) ;
#9269 = VECTOR ( 'NONE', #336, 1000.000000000000000 ) ;
#9270 = LINE ( 'NONE', #5861, #1077 ) ;
#9271 = AXIS2_PLACEMENT_3D ( 'NONE', #649, #1361, #7563 ) ;
#9272 = B_SPLINE_CURVE_WITH_KNOTS ( 'NONE', 3,
 ( #760, #8543, #29, #7712, #6905, #7821, #9936, #8487, #1544, #2282, #7680, #6231, #3073, #2561, #2460, #7202, #2523, #4736, #9456, #3227 ),
 .UNSPECIFIED., .F., .F.,
 ( 4, 1, 1, 1, 2, 2, 2, 1, 1, 1, 2, 2, 4 ),
 ( 0.0000000000000000000, 0.1250000000000244000, 0.1875000000000365800, 0.2187500000000424400, 0.2343750000000440200, 0.2500000000000455700, 0.5000000000000233100, 0.6250000000000124300, 0.6875000000000073300, 0.7187500000000044400, 0.7343750000000033300, 0.7500000000000022200, 1.000000000000000000 ),
 .UNSPECIFIED. ) ;
#9273 = VECTOR ( 'NONE', #217, 1000.000000000000000 ) ;
#9274 = ORIENTED_EDGE ( 'NONE', *, *, #8504, .T. ) ;
#9275 = EDGE_LOOP ( 'NONE', ( #50, #5083, #660, #6197 ) ) ;
#9276 = CARTESIAN_POINT ( 'NONE',  ( 19.40000000000003400, -23.05428622554643100, 24.30553258728623700 ) ) ;
#9277 = CARTESIAN_POINT ( 'NONE',  ( 18.00000000000000400, 0.0000000000000000000, 0.0000000000000000000 ) ) ;
#9278 = EDGE_CURVE ( 'NONE', #5793, #1602, #6118, .T. ) ;
#9279 = AXIS2_PLACEMENT_3D ( 'NONE', #8613, #9366, #7074 ) ;
#9280 = CYLINDRICAL_SURFACE ( 'NONE', #8631, 2.000000000000000000 ) ;
#9281 = CARTESIAN_POINT ( 'NONE',  ( 6.399999999999979000, -15.55634918610412000, 15.55634918610482500 ) ) ;
#9282 = EDGE_LOOP ( 'NONE', ( #993, #1862 ) ) ;
#9283 = FACE_OUTER_BOUND ( 'NONE', #1985, .T. ) ;
#9284 = ORIENTED_EDGE ( 'NONE', *, *, #9496, .T. ) ;
#9285 = AXIS2_PLACEMENT_3D ( 'NONE', #8027, #1047, #7231 ) ;
#9286 = ADVANCED_FACE ( 'NONE', ( #6239 ), #5511, .F. ) ;
#9287 = DIRECTION ( 'NONE',  ( 1.000000000000000000, 6.071532165918827900E-018, 5.551115123125788900E-017 ) ) ;
#9288 = CARTESIAN_POINT ( 'NONE',  ( 11.17070943148337400, -1.092875789857602900E-016, -9.992007221555231900E-016 ) ) ;
#9289 = CARTESIAN_POINT ( 'NONE',  ( 24.00000000000006000, -11.54999999999995300, 2.281828791003590900E-015 ) ) ;
#9290 = DIRECTION ( 'NONE',  ( -0.7071067811865474600, -0.7071067811865474600, 0.0000000000000000000 ) ) ;
#9291 = ORIENTED_EDGE ( 'NONE', *, *, #4974, .T. ) ;
#9292 = EDGE_LOOP ( 'NONE', ( #8358, #6379, #6186, #4376 ) ) ;
#9293 = CC_DESIGN_PERSON_AND_ORGANIZATION_ASSIGNMENT ( #3570, #9515, ( #3372 ) ) ;
#9294 = EDGE_LOOP ( 'NONE', ( #2267, #3060 ) ) ;
#9295 = CARTESIAN_POINT ( 'NONE',  ( 21.00000000000006000, 14.13182353007338300, -16.86094788897896300 ) ) ;
#9296 = EDGE_CURVE ( 'NONE', #8600, #6552, #7076, .T. ) ;
#9297 = CARTESIAN_POINT ( 'NONE',  ( 23.31307791393078300, 4.163799117100980000E-015, 33.99999999999982900 ) ) ;
#9298 = DIRECTION ( 'NONE',  ( 0.0000000000000000000, 0.0000000000000000000, 1.000000000000000000 ) ) ;
#9299 = CARTESIAN_POINT ( 'NONE',  ( 8.999999999997104500, -3.895917626210615200, -5.581004071010540600 ) ) ;
#9300 = CARTESIAN_POINT ( 'NONE',  ( 1.000000000128238500, 1.098300496105548900, 8.430525986275228000 ) ) ;
#9301 = EDGE_LOOP ( 'NONE', ( #5337, #2489 ) ) ;
#9302 = CARTESIAN_POINT ( 'NONE',  ( 19.40000000000003800, 16.21429085876143400, -28.74191596040400800 ) ) ;
#9303 = EDGE_LOOP ( 'NONE', ( #246, #7636, #4725, #6538 ) ) ;
#9304 = VERTEX_POINT ( 'NONE', #5362 ) ;
#9305 = CARTESIAN_POINT ( 'NONE',  ( 0.0000000000000000000, 10.60660171779823100, 10.60660171779819000 ) ) ;
#9306 = EDGE_CURVE ( 'NONE', #1891, #5166, #2996, .T. ) ;
#9307 = CARTESIAN_POINT ( 'NONE',  ( 19.40000000000003400, -22.87440642079966600, 24.47545714160029500 ) ) ;
#9308 = DIRECTION ( 'NONE',  ( 0.0000000000000000000, 0.0000000000000000000, 1.000000000000000000 ) ) ;
#9309 = CARTESIAN_POINT ( 'NONE',  ( 6.500999999999997700, -15.55634918610525300, -15.55634918610283700 ) ) ;
#9310 = DIRECTION ( 'NONE',  ( 0.0000000000000000000, 0.0000000000000000000, -1.000000000000000000 ) ) ;
#9311 = CIRCLE ( 'NONE', #7813, 0.7500000000000006700 ) ;
#9312 = EDGE_LOOP ( 'NONE', ( #7915, #5279 ) ) ;
#9313 = ORIENTED_EDGE ( 'NONE', *, *, #2030, .F. ) ;
#9314 = AXIS2_PLACEMENT_3D ( 'NONE', #6266, #1683, #7798 ) ;
#9315 = ADVANCED_FACE ( 'NONE', ( #9940 ), #4665, .T. ) ;
#9316 = CIRCLE ( 'NONE', #8228, 29.50000000000000700 ) ;
#9317 = EDGE_LOOP ( 'NONE', ( #4045, #3909, #880, #241, #89, #2641 ) ) ;
#9318 = DIRECTION ( 'NONE',  ( 1.000000000000000000, -0.0000000000000000000, -0.0000000000000000000 ) ) ;
#9319 = EDGE_CURVE ( 'NONE', #2712, #4011, #6205, .T. ) ;
#9320 = DIRECTION ( 'NONE',  ( 0.0000000000000000000, 0.0000000000000000000, 1.000000000000000000 ) ) ;
#9321 = CARTESIAN_POINT ( 'NONE',  ( 1.200000000000000000, 28.50000000000000000, 5.999999999999983100 ) ) ;
#9322 = VERTEX_POINT ( 'NONE', #6077 ) ;
#9323 = CARTESIAN_POINT ( 'NONE',  ( 1.000000000128238500, 0.0000000000000000000, -8.500000000000000000 ) ) ;
#9324 = CARTESIAN_POINT ( 'NONE',  ( 6.400000000000036800, 32.89941972890947100, -2.599612139352610400 ) ) ;
#9325 = CARTESIAN_POINT ( 'NONE',  ( 24.00000000000006000, 11.49610083339485200, 10.88533422504991500 ) ) ;
#9326 = FACE_BOUND ( 'NONE', #1546, .T. ) ;
#9327 = CARTESIAN_POINT ( 'NONE',  ( -1.100000000000000100, 0.0000000000000000000, 0.0000000000000000000 ) ) ;
#9328 = APPROVAL_STATUS ( 'not_yet_approved' ) ;
#9329 = ORIENTED_EDGE ( 'NONE', *, *, #8215, .F. ) ;
#9330 = DIRECTION ( 'NONE',  ( -1.000000000000000000, -6.123233995736766000E-017, -0.0000000000000000000 ) ) ;
#9331 = DIRECTION ( 'NONE',  ( 0.0000000000000000000, 0.0000000000000000000, 1.000000000000000000 ) ) ;
#9332 = CARTESIAN_POINT ( 'NONE',  ( 20.00000000000005300, -10.68838198539721800, 8.258358681965710000 ) ) ;
#9333 = CARTESIAN_POINT ( 'NONE',  ( 6.500999999999997700, 15.55634918610407200, 15.55634918610401500 ) ) ;
#9334 = ADVANCED_FACE ( 'NONE', ( #8753 ), #3706, .T. ) ;
#9335 = EDGE_CURVE ( 'NONE', #1963, #6867, #6473, .T. ) ;
#9336 = PRODUCT ( 'PM6010-C', 'PM6010-C', '', ( #8538 ) ) ;
#9337 = EDGE_CURVE ( 'NONE', #4237, #9054, #2255, .T. ) ;
#9338 = AXIS2_PLACEMENT_3D ( 'NONE', #1130, #6536, #7318 ) ;
#9339 = CARTESIAN_POINT ( 'NONE',  ( 19.40000000000003800, -18.87324208822702000, 27.70077831910810700 ) ) ;
#9340 = DIRECTION ( 'NONE',  ( 1.000000000000000000, -0.0000000000000000000, -0.0000000000000000000 ) ) ;
#9341 = ORIENTED_EDGE ( 'NONE', *, *, #1283, .T. ) ;
#9342 = CARTESIAN_POINT ( 'NONE',  ( 22.27639320225006300, 4.513898307157584000E-032, 33.44721359549987500 ) ) ;
#9343 = CARTESIAN_POINT ( 'NONE',  ( -0.8903129628031718500, -5.429474492442712300, -0.5773138049136789000 ) ) ;
#9344 = AXIS2_PLACEMENT_3D ( 'NONE', #8980, #2094, #7453 ) ;
#9345 = EDGE_LOOP ( 'NONE', ( #1736, #6498 ) ) ;
#9346 = CIRCLE ( 'NONE', #3237, 1.000000000000001800 ) ;
#9347 = CARTESIAN_POINT ( 'NONE',  ( 6.500000000128237900, -1.092875789857602900E-016, -9.992007221555231900E-016 ) ) ;
#9348 = CC_DESIGN_APPROVAL ( #907, ( #5952 ) ) ;
#9349 = ORIENTED_EDGE ( 'NONE', *, *, #2397, .F. ) ;
#9350 = DIRECTION ( 'NONE',  ( -1.000000000000000000, -6.123233995736766000E-017, -0.0000000000000000000 ) ) ;
#9351 = CARTESIAN_POINT ( 'NONE',  ( 6.400000000000034100, -9.427818365350772100, 31.70650154893957400 ) ) ;
#9352 = LINE ( 'NONE', #450, #1783 ) ;
#9353 = FACE_OUTER_BOUND ( 'NONE', #5873, .T. ) ;
#9354 = DIRECTION ( 'NONE',  ( -1.000000000000000000, -6.123233995736766000E-017, -0.0000000000000000000 ) ) ;
#9355 = APPLICATION_PROTOCOL_DEFINITION ( 'international standard', 'config_control_design', 1994, #813 ) ;
#9356 = CARTESIAN_POINT ( 'NONE',  ( 8.999999999997104500, -6.514418231913360600, -1.951476053499477700 ) ) ;
#9357 = FACE_BOUND ( 'NONE', #8592, .T. ) ;
#9358 = ADVANCED_FACE ( 'NONE', ( #4421 ), #5995, .F. ) ;
#9359 = CARTESIAN_POINT ( 'NONE',  ( 20.00000000000006400, -12.90307253742168400, 3.970396374838212100 ) ) ;
#9360 = VECTOR ( 'NONE', #9507, 1000.000000000000000 ) ;
#9361 = ORIENTED_EDGE ( 'NONE', *, *, #525, .T. ) ;
#9362 = VERTEX_POINT ( 'NONE', #1620 ) ;
#9363 = CARTESIAN_POINT ( 'NONE',  ( 19.40000000000003800, -29.63617607190738600, 15.75266003444387900 ) ) ;
#9364 = VERTEX_POINT ( 'NONE', #3906 ) ;
#9365 = DIRECTION ( 'NONE',  ( 0.0000000000000000000, 0.0000000000000000000, 1.000000000000000000 ) ) ;
#9366 = DIRECTION ( 'NONE',  ( -1.000000000000000000, -0.0000000000000000000, -0.0000000000000000000 ) ) ;
#9367 = CARTESIAN_POINT ( 'NONE',  ( 23.70000000000010600, 2.853620117981907900E-017, 2.609024107869184500E-016 ) ) ;
#9368 = CIRCLE ( 'NONE', #8798, 2.999999999964347200 ) ;
#9369 = LINE ( 'NONE', #9098, #9954 ) ;
#9370 = EDGE_CURVE ( 'NONE', #1155, #5757, #8065, .T. ) ;
#9371 = ADVANCED_FACE ( 'NONE', ( #6723 ), #3875, .F. ) ;
#9372 = ORIENTED_EDGE ( 'NONE', *, *, #3632, .F. ) ;
#9373 = LINE ( 'NONE', #937, #9153 ) ;
#9374 = CIRCLE ( 'NONE', #4444, 1.250000000000001100 ) ;
#9375 = ADVANCED_FACE ( 'NONE', ( #5872 ), #3939, .F. ) ;
#9376 = CARTESIAN_POINT ( 'NONE',  ( -1.100000000000000100, 6.249999999999999100, -0.9999999999999358300 ) ) ;
#9377 = FACE_OUTER_BOUND ( 'NONE', #523, .T. ) ;
#9378 = CARTESIAN_POINT ( 'NONE',  ( 19.40000000000003100, -33.45380717039289900, 1.758949158241075200 ) ) ;
#9379 = CARTESIAN_POINT ( 'NONE',  ( 1.000000000128238100, -1.418754651221666400, -8.380822503051909700 ) ) ;
#9380 = AXIS2_PLACEMENT_3D ( 'NONE', #6504, #3444, #4882 ) ;
#9381 = CARTESIAN_POINT ( 'NONE',  ( 6.400000000000033200, 8.110041893776344300, 31.98793849481272000 ) ) ;
#9382 = EDGE_LOOP ( 'NONE', ( #2898, #9341, #3439, #3116 ) ) ;
#9383 = FACE_OUTER_BOUND ( 'NONE', #3091, .T. ) ;
#9384 = PLANE ( 'NONE',  #6770 ) ;
#9385 = PERSON_AND_ORGANIZATION_ROLE ( 'classification_officer' ) ;
#9386 = CIRCLE ( 'NONE', #8524, 33.99999999999982900 ) ;
#9387 = ORIENTED_EDGE ( 'NONE', *, *, #9848, .T. ) ;
#9388 = CARTESIAN_POINT ( 'NONE',  ( 8.999999999997102800, -4.527332516243404800, 5.078038102142857100 ) ) ;
#9389 = CIRCLE ( 'NONE', #1317, 1.000000000000000200 ) ;
#9390 = CARTESIAN_POINT ( 'NONE',  ( 20.00000000000005300, -12.85212447681463200, 4.132357408948271500 ) ) ;
#9391 = CARTESIAN_POINT ( 'NONE',  ( 19.40000000000003400, 21.19773529511007800, -25.29142183346845100 ) ) ;
#9392 = CARTESIAN_POINT ( 'NONE',  ( 23.92834014497567500, -19.36273067059046600, 23.10204285599830600 ) ) ;
#9393 = AXIS2_PLACEMENT_3D ( 'NONE', #4283, #9619, #403 ) ;
#9394 = DIRECTION ( 'NONE',  ( 0.0000000000000000000, 0.0000000000000000000, 1.000000000000000000 ) ) ;
#9395 = ORIENTED_EDGE ( 'NONE', *, *, #4148, .F. ) ;
#9396 = FACE_OUTER_BOUND ( 'NONE', #6809, .T. ) ;
#9397 = CARTESIAN_POINT ( 'NONE',  ( 6.899999999999969300, 34.00000000000000000, -8.673617379884035500E-016 ) ) ;
#9398 = VERTEX_POINT ( 'NONE', #9342 ) ;
#9399 = CARTESIAN_POINT ( 'NONE',  ( -1.099999999832334400, 5.249999999994769500, 5.390443857777260600E-014 ) ) ;
#9400 = CARTESIAN_POINT ( 'NONE',  ( 18.00000000000000400, 0.0000000000000000000, 17.99999999999980100 ) ) ;
#9401 = CIRCLE ( 'NONE', #6352, 2.999999999999999100 ) ;
#9402 = DIRECTION ( 'NONE',  ( 0.0000000000000000000, 0.0000000000000000000, 1.000000000000000000 ) ) ;
#9403 = ORIENTED_EDGE ( 'NONE', *, *, #2769, .T. ) ;
#9404 = ORIENTED_EDGE ( 'NONE', *, *, #8504, .F. ) ;
#9405 = ADVANCED_FACE ( 'NONE', ( #9819 ), #5033, .F. ) ;
#9406 = AXIS2_PLACEMENT_3D ( 'NONE', #1588, #8497, #3878 ) ;
#9407 = ORIENTED_EDGE ( 'NONE', *, *, #4449, .F. ) ;
#9408 = VERTEX_POINT ( 'NONE', #8493 ) ;
#9409 = ORIENTED_EDGE ( 'NONE', *, *, #2563, .T. ) ;
#9410 = DIRECTION ( 'NONE',  ( 0.0000000000000000000, 0.0000000000000000000, -1.000000000000000000 ) ) ;
#9411 = CARTESIAN_POINT ( 'NONE',  ( 19.40000000000003400, -33.31574612482995000, 3.583446664969637500 ) ) ;
#9412 = CARTESIAN_POINT ( 'NONE',  ( -1.999999999871762400, -6.250000000000000000, -1.000000000000022400 ) ) ;
#9413 = CARTESIAN_POINT ( 'NONE',  ( 6.400000000000035900, 24.11015247661821100, 22.53299652437335600 ) ) ;
#9414 = ORIENTED_EDGE ( 'NONE', *, *, #874, .F. ) ;
#9415 = ORIENTED_EDGE ( 'NONE', *, *, #298, .T. ) ;
#9416 = ORIENTED_EDGE ( 'NONE', *, *, #409, .F. ) ;
#9417 = EDGE_CURVE ( 'NONE', #3718, #9398, #6831, .T. ) ;
#9418 = ORIENTED_EDGE ( 'NONE', *, *, #1239, .T. ) ;
#9419 = DIRECTION ( 'NONE',  ( 1.000000000000000000, 1.679403124341539000E-016, -1.865376329483173100E-017 ) ) ;
#9420 = AXIS2_PLACEMENT_3D ( 'NONE', #4860, #6382, #2484 ) ;
#9421 = AXIS2_PLACEMENT_3D ( 'NONE', #4321, #7545, #1267 ) ;
#9422 = ADVANCED_FACE ( 'NONE', ( #7816 ), #7325, .F. ) ;
#9423 = CARTESIAN_POINT ( 'NONE',  ( 8.999999999997106300, -5.383729108814466500, 4.159837921920438200 ) ) ;
#9424 = CARTESIAN_POINT ( 'NONE',  ( 1.000000000128238500, 2.676814450618656000, 8.069614187852561600 ) ) ;
#9425 = DIRECTION ( 'NONE',  ( 1.000000000000000000, -0.0000000000000000000, 0.0000000000000000000 ) ) ;
#9426 = CARTESIAN_POINT ( 'NONE',  ( 19.40000000000004100, 10.36803227517857600, -31.32898004069333800 ) ) ;
#9427 = CARTESIAN_POINT ( 'NONE',  ( -1.099999999866668700, 4.507713161742358000, 1.501451518039808700 ) ) ;
#9428 = CYLINDRICAL_SURFACE ( 'NONE', #4184, 0.5000000000000004400 ) ;
#9429 = ADVANCED_FACE ( 'NONE', ( #1657 ), #682, .T. ) ;
#9430 = CARTESIAN_POINT ( 'NONE',  ( 0.5748960746654437900, 30.15924044671540800, 5.024467869871374500 ) ) ;
#9431 = ORIENTED_EDGE ( 'NONE', *, *, #9319, .F. ) ;
#9432 = EDGE_CURVE ( 'NONE', #7404, #6179, #3462, .T. ) ;
#9433 = CARTESIAN_POINT ( 'NONE',  ( 11.17070943148337400, -1.092875789857602900E-016, -9.992007221555231900E-016 ) ) ;
#9434 = CARTESIAN_POINT ( 'NONE',  ( 5.000000000000000000, -3.327635673973334400, 14.14641771492635600 ) ) ;
#9435 = CARTESIAN_POINT ( 'NONE',  ( 0.2191311905569937300, -63.54782797639222000, 31.77391398819612400 ) ) ;
#9436 = DIRECTION ( 'NONE',  ( 1.000000000000000000, 6.071532165918827900E-018, 5.551115123125788900E-017 ) ) ;
#9437 = PERSON_AND_ORGANIZATION ( #6260, #2732 ) ;
#9438 = CYLINDRICAL_SURFACE ( 'NONE', #6131, 31.50000000000000700 ) ;
#9439 = DIRECTION ( 'NONE',  ( -1.000000000000000000, -0.0000000000000000000, -0.0000000000000000000 ) ) ;
#9440 = ORIENTED_EDGE ( 'NONE', *, *, #6006, .T. ) ;
#9441 = CARTESIAN_POINT ( 'NONE',  ( 1.350000000132411900, 1.429776183114074000E-015, -11.50000853396639400 ) ) ;
#9442 = CARTESIAN_POINT ( 'NONE',  ( 19.40000000000003400, -33.36519584609077100, -3.096849524295224300 ) ) ;
#9443 = CALENDAR_DATE ( 2025, 28, 7 ) ;
#9444 = CARTESIAN_POINT ( 'NONE',  ( 0.4999999999881765700, 15.91510639673288100, -18.91510639674008600 ) ) ;
#9445 = CARTESIAN_POINT ( 'NONE',  ( 6.400000000000035900, 5.380564614903169000, 32.58939096742991400 ) ) ;
#9446 = ORGANIZATION ( 'NAUO-ORG1', 'UNSPECIFIED', 'UNSPECIFIED' ) ;
#9447 = ORIENTED_EDGE ( 'NONE', *, *, #7765, .F. ) ;
#9448 = AXIS2_PLACEMENT_3D ( 'NONE', #308, #9040, #5155 ) ;
#9449 = VECTOR ( 'NONE', #5381, 1000.000000000000000 ) ;
#9450 = DIRECTION ( 'NONE',  ( 0.0000000000000000000, 0.0000000000000000000, -1.000000000000000000 ) ) ;
#9451 = CARTESIAN_POINT ( 'NONE',  ( 1.000000000128238500, 7.267691410562045800, -4.408649422410220200 ) ) ;
#9452 = ADVANCED_FACE ( 'NONE', ( #9575 ), #2625, .T. ) ;
#9453 = ORIENTED_EDGE ( 'NONE', *, *, #7238, .F. ) ;
#9454 = CARTESIAN_POINT ( 'NONE',  ( 20.00000000000006400, 0.7862396083341421900, -13.48070918585619700 ) ) ;
#9455 = CARTESIAN_POINT ( 'NONE',  ( 21.00000000000006400, 8.638642429327156000, 28.72938918303729800 ) ) ;
#9456 = CARTESIAN_POINT ( 'NONE',  ( 0.2000000000000020400, 17.50000000000000000, -6.254503025141732000 ) ) ;
#9457 = EDGE_CURVE ( 'NONE', #9196, #4579, #1415, .T. ) ;
#9458 = EDGE_CURVE ( 'NONE', #3718, #568, #9346, .T. ) ;
#9459 = EDGE_LOOP ( 'NONE', ( #4379, #7111, #7374, #6130 ) ) ;
#9460 = CARTESIAN_POINT ( 'NONE',  ( 2.000000000128237900, 4.353422915655340400E-014, -6.250000000000000900 ) ) ;
#9461 = VECTOR ( 'NONE', #3639, 1000.000000000000000 ) ;
#9462 = DIRECTION ( 'NONE',  ( 0.0000000000000000000, 0.0000000000000000000, -1.000000000000000000 ) ) ;
#9463 = CARTESIAN_POINT ( 'NONE',  ( 19.00000000000000000, 15.55634918610396700, 15.55634918610412100 ) ) ;
#9464 = AXIS2_PLACEMENT_3D ( 'NONE', #1633, #1600, #4017 ) ;
#9465 = ORIENTED_EDGE ( 'NONE', *, *, #327, .F. ) ;
#9466 = ADVANCED_FACE ( 'NONE', ( #2381 ), #3221, .F. ) ;
#9467 = FACE_OUTER_BOUND ( 'NONE', #4115, .T. ) ;
#9468 = FACE_OUTER_BOUND ( 'NONE', #9088, .T. ) ;
#9469 = DIRECTION ( 'NONE',  ( 0.0000000000000000000, -1.000000000000000000, 0.0000000000000000000 ) ) ;
#9470 = CARTESIAN_POINT ( 'NONE',  ( 19.40000000000003100, -28.83567180588893600, -17.05597778311298600 ) ) ;
#9471 = EDGE_CURVE ( 'NONE', #9925, #5693, #2745, .T. ) ;
#9472 = CARTESIAN_POINT ( 'NONE',  ( 1.000000000128238800, -6.793583944550194400, 5.142155221135279700 ) ) ;
#9473 = EDGE_CURVE ( 'NONE', #8010, #4869, #6597, .T. ) ;
#9474 = CARTESIAN_POINT ( 'NONE',  ( 6.400000000000035000, 28.40528955822206900, 16.80140911410654400 ) ) ;
#9475 = EDGE_LOOP ( 'NONE', ( #9647, #7658, #8348, #4367 ) ) ;
#9476 = LINE ( 'NONE', #7441, #3131 ) ;
#9477 = FACE_OUTER_BOUND ( 'NONE', #5684, .T. ) ;
#9478 = DIRECTION ( 'NONE',  ( 0.0000000000000000000, 0.0000000000000000000, 1.000000000000000000 ) ) ;
#9479 = CARTESIAN_POINT ( 'NONE',  ( 5.000000000000000000, 9.024091943764368300, -10.38103027596428000 ) ) ;
#9480 = CARTESIAN_POINT ( 'NONE',  ( 8.999999999997104500, -0.01253001893852279800, -6.807135966460819500 ) ) ;
#9481 = CARTESIAN_POINT ( 'NONE',  ( 1.000000000128238500, 4.224513483194537700, 7.378379923617332600 ) ) ;
#9482 = CARTESIAN_POINT ( 'NONE',  ( 20.00000000000006000, -2.112213778097157900, -13.36620633910004100 ) ) ;
#9483 = CLOSED_SHELL ( 'NONE', ( #1146, #2521, #3941, #8005, #7237, #8011, #7128, #7336, #2442, #4752, #7035, #9286, #9622, #836, #3489, #1803 ) ) ;
#9484 = CARTESIAN_POINT ( 'NONE',  ( 21.00000000000006000, 14.08913149480051500, 26.48591308842526700 ) ) ;
#9485 = VECTOR ( 'NONE', #7081, 1000.000000000000000 ) ;
#9486 = CYLINDRICAL_SURFACE ( 'NONE', #6836, 1.250000000000660400 ) ;
#9487 = CARTESIAN_POINT ( 'NONE',  ( -1.099999999866668700, 3.796514326860423800, 2.873434326884833000 ) ) ;
#9488 = FACE_OUTER_BOUND ( 'NONE', #2971, .T. ) ;
#9489 = CARTESIAN_POINT ( 'NONE',  ( -1.100000000000000100, 0.0000000000000000000, -8.000000000000000000 ) ) ;
#9490 = AXIS2_PLACEMENT_3D ( 'NONE', #9089, #4487, #8558 ) ;
#9491 = CARTESIAN_POINT ( 'NONE',  ( 23.78885438199990400, 2.907568341821367900E-017, 2.658348198236691200E-016 ) ) ;
#9492 = ORIENTED_EDGE ( 'NONE', *, *, #808, .F. ) ;
#9493 = CARTESIAN_POINT ( 'NONE',  ( -0.7257140799844542500, -5.574343046255596500, 0.7503170222424133700 ) ) ;
#9494 = CIRCLE ( 'NONE', #927, 0.9999999999999995600 ) ;
#9495 = FACE_OUTER_BOUND ( 'NONE', #5308, .T. ) ;
#9496 = EDGE_CURVE ( 'NONE', #2215, #4998, #8420, .T. ) ;
#9497 = FACE_BOUND ( 'NONE', #117, .T. ) ;
#9498 = EDGE_LOOP ( 'NONE', ( #8854, #4334, #445, #9769 ) ) ;
#9499 = ORIENTED_EDGE ( 'NONE', *, *, #6718, .T. ) ;
#9500 = ADVANCED_FACE ( 'NONE', ( #8633 ), #423, .F. ) ;
#9501 = CARTESIAN_POINT ( 'NONE',  ( -1.100000000000000100, 0.0000000000000000000, 0.0000000000000000000 ) ) ;
#9502 = CARTESIAN_POINT ( 'NONE',  ( 19.40000000000003100, -20.73141736393245800, -26.32467147092418700 ) ) ;
#9503 = ORIENTED_EDGE ( 'NONE', *, *, #3479, .F. ) ;
#9504 = FACE_OUTER_BOUND ( 'NONE', #3176, .T. ) ;
#9505 = CARTESIAN_POINT ( 'NONE',  ( 1.000000000128238300, -8.380829974019969000, 1.418714265009939800 ) ) ;
#9506 = AXIS2_PLACEMENT_3D ( 'NONE', #2245, #5444, #848 ) ;
#9507 = DIRECTION ( 'NONE',  ( 0.7071067811865475700, 0.0000000000000000000, -0.7071067811865474600 ) ) ;
#9508 = VERTEX_POINT ( 'NONE', #899 ) ;
#9509 = DIRECTION ( 'NONE',  ( -1.000000000000000000, -0.0000000000000000000, -0.0000000000000000000 ) ) ;
#9510 = FACE_OUTER_BOUND ( 'NONE', #9096, .T. ) ;
#9511 = ORIENTED_EDGE ( 'NONE', *, *, #7296, .F. ) ;
#9512 = DIRECTION ( 'NONE',  ( 0.0000000000000000000, 0.0000000000000000000, -1.000000000000000000 ) ) ;
#9513 = EDGE_CURVE ( 'NONE', #4164, #9925, #2010, .T. ) ;
#9514 = EDGE_CURVE ( 'NONE', #3787, #9178, #5637, .T. ) ;
#9515 = PERSON_AND_ORGANIZATION_ROLE ( 'classification_officer' ) ;
#9516 = ADVANCED_FACE ( 'NONE', ( #792 ), #5146, .T. ) ;
#9517 = CARTESIAN_POINT ( 'NONE',  ( 8.999999999997104500, 3.298683783268119300, -5.946378137044216100 ) ) ;
#9518 = CARTESIAN_POINT ( 'NONE',  ( 1.000000000128238800, 8.396910016695661800, -1.322653745684190700 ) ) ;
#9519 = CARTESIAN_POINT ( 'NONE',  ( 0.0000000000000000000, 0.0000000000000000000, -2.500000000000000000 ) ) ;
#9520 = CARTESIAN_POINT ( 'NONE',  ( 20.00000000000006000, -6.453065162461786700, -11.85785532623529200 ) ) ;
#9521 = ORIENTED_EDGE ( 'NONE', *, *, #1064, .T. ) ;
#9523 = ORIENTED_EDGE ( 'NONE', *, *, #6175, .T. ) ;
#9522 = CARTESIAN_POINT ( 'NONE',  ( 21.00000000000006400, -11.05370416099891200, 27.89696454432205300 ) ) ;
#9524 = CARTESIAN_POINT ( 'NONE',  ( -2.168404344971008900E-016, 5.609452812982300300, 30.63998573522678000 ) ) ;
#9525 = EDGE_LOOP ( 'NONE', ( #3230, #6075, #624, #2410 ) ) ;
#9526 = ORIENTED_EDGE ( 'NONE', *, *, #7238, .T. ) ;
#9527 = ADVANCED_FACE ( 'NONE', ( #2370 ), #4135, .T. ) ;
#9528 = AXIS2_PLACEMENT_3D ( 'NONE', #6847, #1396, #2962 ) ;
#9529 = DIRECTION ( 'NONE',  ( 0.0000000000000000000, -1.000000000000000000, 1.224646799147353200E-016 ) ) ;
#9530 = CARTESIAN_POINT ( 'NONE',  ( 0.4999999999881762400, 18.91510639674002500, 18.91510639674027400 ) ) ;
#9531 = VERTEX_POINT ( 'NONE', #2629 ) ;
#9532 = CARTESIAN_POINT ( 'NONE',  ( 1.282376982381094900E-010, 4.353422915655340400E-014, -6.250000000000000900 ) ) ;
#9533 = EDGE_LOOP ( 'NONE', ( #3551, #8591, #1768, #3609 ) ) ;
#9534 = CC_DESIGN_PERSON_AND_ORGANIZATION_ASSIGNMENT ( #3322, #7194, ( #4534 ) ) ;
#9535 = ORIENTED_EDGE ( 'NONE', *, *, #4892, .T. ) ;
#9536 = EDGE_CURVE ( 'NONE', #5972, #6965, #2128, .T. ) ;
#9537 = DIRECTION ( 'NONE',  ( 0.0000000000000000000, 0.0000000000000000000, -1.000000000000000000 ) ) ;
#9538 = CIRCLE ( 'NONE', #9698, 1.250000000000849300 ) ;
#9539 = ORIENTED_EDGE ( 'NONE', *, *, #3632, .T. ) ;
#9540 = CARTESIAN_POINT ( 'NONE',  ( 21.77120881839776000, 21.84009091011333600, -26.05782855569468400 ) ) ;
#9541 = DIRECTION ( 'NONE',  ( -1.000000000000000000, 0.0000000000000000000, 0.0000000000000000000 ) ) ;
#9542 = ORIENTED_EDGE ( 'NONE', *, *, #8985, .F. ) ;
#9543 = CARTESIAN_POINT ( 'NONE',  ( 19.40000000000003400, 30.48569849038048600, -13.88784315700641200 ) ) ;
#9544 = OPEN_SHELL ( 'NONE', ( #908, #109, #4946, #4232, #4902, #1008, #7790, #276, #5112, #7328, #5571, #6456, #6373, #4732, #9516, #3901, #7753, #8054, #5007, #387, #6978, #2231 ) ) ;
#9545 = CARTESIAN_POINT ( 'NONE',  ( 1.000000000128238500, -4.408649422411913900, -7.267691410561396600 ) ) ;
#9546 = DIRECTION ( 'NONE',  ( -1.000000000000000000, -0.0000000000000000000, -0.0000000000000000000 ) ) ;
#9547 = CIRCLE ( 'NONE', #4705, 1.250000000000641300 ) ;
#9548 = VERTEX_POINT ( 'NONE', #7312 ) ;
#9549 = AXIS2_PLACEMENT_3D ( 'NONE', #2830, #8233, #4398 ) ;
#9550 = ORIENTED_EDGE ( 'NONE', *, *, #6220, .F. ) ;
#9551 = DIRECTION ( 'NONE',  ( 1.000000000000000000, 1.151085483283491600E-016, 9.647700132223467600E-017 ) ) ;
#9552 = CARTESIAN_POINT ( 'NONE',  ( 1.000000000128238800, 4.408649422411757600, 7.267691410561500500 ) ) ;
#9553 = DIRECTION ( 'NONE',  ( 1.000000000000000000, 0.0000000000000000000, 0.0000000000000000000 ) ) ;
#9554 = CARTESIAN_POINT ( 'NONE',  ( 20.00000000000005700, 6.596655747911982300, -11.77857577367840100 ) ) ;
#9555 = CARTESIAN_POINT ( 'NONE',  ( 21.00000000000006400, -3.612161443877756700, 29.78181337830061500 ) ) ;
#9556 = CARTESIAN_POINT ( 'NONE',  ( -2.168404344971008900E-016, 25.81195150592849800, 17.43702778568068700 ) ) ;
#9557 = ITEM_DEFINED_TRANSFORMATION ( 'NONE', 'NONE', #8654,  #8230 ) ;
#9558 = EDGE_CURVE ( 'NONE', #2800, #1109, #1284, .T. ) ;
#9559 = DIRECTION ( 'NONE',  ( -1.807003620809172400E-016, 1.000000000000000000, 0.0000000000000000000 ) ) ;
#9560 = ORIENTED_EDGE ( 'NONE', *, *, #1656, .F. ) ;
#9561 = CARTESIAN_POINT ( 'NONE',  ( 19.00000000000000000, -15.55634918610412000, 15.55634918610482500 ) ) ;
#9562 = DIRECTION ( 'NONE',  ( 0.0000000000000000000, 0.0000000000000000000, -1.000000000000000000 ) ) ;
#9563 = CARTESIAN_POINT ( 'NONE',  ( 6.400000000000035000, -30.03068806515095800, 13.68056191585708000 ) ) ;
#9564 = ADVANCED_FACE ( 'NONE', ( #5271 ), #9231, .F. ) ;
#9565 = AXIS2_PLACEMENT_3D ( 'NONE', #1104, #2637, #9469 ) ;
#9566 = VERTEX_POINT ( 'NONE', #3400 ) ;
#9567 = EDGE_CURVE ( 'NONE', #3491, #5477, #8518, .T. ) ;
#9568 = CARTESIAN_POINT ( 'NONE',  ( 0.4999999999881765700, -15.91510639666193100, -18.91510639674014300 ) ) ;
#9569 = CARTESIAN_POINT ( 'NONE',  ( 0.1999999999999987900, 0.0000000000000000000, 0.0000000000000000000 ) ) ;
#9570 = ORIENTED_EDGE ( 'NONE', *, *, #1023, .F. ) ;
#9571 = CARTESIAN_POINT ( 'NONE',  ( 0.5000000000000012200, -18.91510639674015300, -18.91510639674014300 ) ) ;
#9572 = CARTESIAN_POINT ( 'NONE',  ( 19.40000000000003100, -1.726456271133410600, -33.45550124224128300 ) ) ;
#9573 = CARTESIAN_POINT ( 'NONE',  ( 1.000000000128238300, -4.589923864103685200, -7.154571582959468000 ) ) ;
#9574 = CARTESIAN_POINT ( 'NONE',  ( 8.999999999997104500, 4.368018182022543000, -5.211565711138789000 ) ) ;
#9575 = FACE_OUTER_BOUND ( 'NONE', #2197, .T. ) ;
#9576 = AXIS2_PLACEMENT_3D ( 'NONE', #9667, #7377, #1098 ) ;
#9577 = ORIENTED_EDGE ( 'NONE', *, *, #1215, .T. ) ;
#9578 = DIRECTION ( 'NONE',  ( 1.000000000000000000, 1.679403124341539000E-016, -1.865376329483173100E-017 ) ) ;
#9579 = CARTESIAN_POINT ( 'NONE',  ( 21.00000000000006400, 3.612161443875170800, -29.78181337830067600 ) ) ;
#9580 = DIRECTION ( 'NONE',  ( 1.000000000000000000, 0.0000000000000000000, 0.0000000000000000000 ) ) ;
#9581 = DIRECTION ( 'NONE',  ( 0.0000000000000000000, 0.0000000000000000000, 1.000000000000000000 ) ) ;
#9582 = CARTESIAN_POINT ( 'NONE',  ( -2.168404344971008900E-016, 11.05412060886887300, 29.12231354727320100 ) ) ;
#9583 = LINE ( 'NONE', #4615, #3236 ) ;
#9584 = AXIS2_PLACEMENT_3D ( 'NONE', #5826, #4166, #1885 ) ;
#9585 = ORIENTED_EDGE ( 'NONE', *, *, #6301, .T. ) ;
#9586 = CARTESIAN_POINT ( 'NONE',  ( 0.1000000000000017800, 19.96667702163212600, 3.644078711698373500 ) ) ;
#9587 = ORIENTED_EDGE ( 'NONE', *, *, #2142, .F. ) ;
#9588 = CARTESIAN_POINT ( 'NONE',  ( -1.999999999871762400, -1.092875789857602900E-016, 6.249999999999999100 ) ) ;
#9589 = DIRECTION ( 'NONE',  ( 0.0000000000000000000, 1.000000000000000000, 0.0000000000000000000 ) ) ;
#9590 = VECTOR ( 'NONE', #5379, 1000.000000000000000 ) ;
#9591 = AXIS2_PLACEMENT_3D ( 'NONE', #8436, #2159, #6837 ) ;
#9592 = VECTOR ( 'NONE', #2361, 1000.000000000000000 ) ;
#9593 = CARTESIAN_POINT ( 'NONE',  ( 1.299999999997001800, 14.13182353007338300, -16.86094788897896300 ) ) ;
#9594 = DIRECTION ( 'NONE',  ( -1.000000000000000000, -1.084202172482856600E-016, 0.0000000000000000000 ) ) ;
#9595 = VERTEX_POINT ( 'NONE', #6491 ) ;
#9596 = ORIENTED_EDGE ( 'NONE', *, *, #2902, .T. ) ;
#9597 = EDGE_LOOP ( 'NONE', ( #9387, #7281 ) ) ;
#9598 = CARTESIAN_POINT ( 'NONE',  ( 19.40000000000002700, 25.42465917331114200, -21.03777052666827200 ) ) ;
#9599 = VECTOR ( 'NONE', #1550, 1000.000000000000000 ) ;
#9600 = CARTESIAN_POINT ( 'NONE',  ( 0.5000000000450199900, -18.91510639674033800, 18.91510639673995400 ) ) ;
#9601 = CARTESIAN_POINT ( 'NONE',  ( 24.00000000000006000, 11.49610083339485200, 9.635334225049915000 ) ) ;
#9602 = CIRCLE ( 'NONE', #5756, 0.9999999999999991100 ) ;
#9603 = CARTESIAN_POINT ( 'NONE',  ( 19.40000000000003100, 17.79457310744459500, -28.38324162612228500 ) ) ;
#9604 = EDGE_CURVE ( 'NONE', #2756, #6021, #8855, .T. ) ;
#9605 = CARTESIAN_POINT ( 'NONE',  ( 1.000000000128238500, -7.890522775366750200, -3.160822777723685900 ) ) ;
#9606 = EDGE_CURVE ( 'NONE', #7738, #4994, #6953, .T. ) ;
#9607 = VERTEX_POINT ( 'NONE', #8134 ) ;
#9608 = CARTESIAN_POINT ( 'NONE',  ( 6.400000000000035000, -26.76937796887838400, 19.29851906587052200 ) ) ;
#9609 = ORIENTED_EDGE ( 'NONE', *, *, #3868, .F. ) ;
#9610 = CARTESIAN_POINT ( 'NONE',  ( 27.30496494509936100, 5.042386180099899500E-017, 4.610181650377063500E-016 ) ) ;
#9611 = ORIENTED_EDGE ( 'NONE', *, *, #7337, .F. ) ;
#9612 = LINE ( 'NONE', #5103, #2291 ) ;
#9613 = FACE_OUTER_BOUND ( 'NONE', #5941, .T. ) ;
#9614 = CONICAL_SURFACE ( 'NONE', #6921, 33.44721359549988200, 1.107148717794090400 ) ;
#9615 = DIRECTION ( 'NONE',  ( 7.228014483236698300E-017, -1.000000000000000000, 0.0000000000000000000 ) ) ;
#9616 = EDGE_CURVE ( 'NONE', #1275, #2278, #8746, .T. ) ;
#9617 = CARTESIAN_POINT ( 'NONE',  ( 21.00000000000006400, -8.451271477092355200, -28.78507544638329600 ) ) ;
#9618 = DIRECTION ( 'NONE',  ( 0.0000000000000000000, 0.0000000000000000000, 1.000000000000000000 ) ) ;
#9619 = DIRECTION ( 'NONE',  ( 1.000000000000000000, 6.071532165918827900E-018, 5.551115123125788900E-017 ) ) ;
#9620 = CARTESIAN_POINT ( 'NONE',  ( 21.00000000000005700, 14.17289643886868300, 26.44106719028938500 ) ) ;
#9621 = CARTESIAN_POINT ( 'NONE',  ( -2.168404344971008900E-016, 28.79005200306394500, 11.89278150882984900 ) ) ;
#9622 = ADVANCED_FACE ( 'NONE', ( #6714, #7808, #4656, #6467, #7196, #4894 ), #3463, .T. ) ;
#9623 = FACE_BOUND ( 'NONE', #6808, .T. ) ;
#9624 = DIRECTION ( 'NONE',  ( -1.626303258728255200E-016, 1.000000000000000000, 0.0000000000000000000 ) ) ;
#9625 = DIRECTION ( 'NONE',  ( 6.123233995736767300E-017, -1.000000000000000000, 0.0000000000000000000 ) ) ;
#9626 = AXIS2_PLACEMENT_3D ( 'NONE', #4518, #4547, #9841 ) ;
#9627 = VERTEX_POINT ( 'NONE', #3531 ) ;
#9628 = CARTESIAN_POINT ( 'NONE',  ( 0.0000000000000000000, 10.60660171779823100, 11.85660171779819000 ) ) ;
#9629 = VECTOR ( 'NONE', #5842, 1000.000000000000000 ) ;
#9630 = CARTESIAN_POINT ( 'NONE',  ( 1.500000000000025500, 30.88447255479534400, 6.196721311475410100 ) ) ;
#9631 = EDGE_CURVE ( 'NONE', #804, #7435, #7683, .T. ) ;
#9632 = CARTESIAN_POINT ( 'NONE',  ( 6.399999999999979000, 15.55634918610396700, 15.55634918610412100 ) ) ;
#9633 = EDGE_CURVE ( 'NONE', #203, #6436, #8304, .T. ) ;
#9634 = CIRCLE ( 'NONE', #1868, 17.99999999999990100 ) ;
#9635 = ORIENTED_EDGE ( 'NONE', *, *, #7470, .F. ) ;
#9636 = ORIENTED_EDGE ( 'NONE', *, *, #7284, .F. ) ;
#9637 = VERTEX_POINT ( 'NONE', #9628 ) ;
#9638 = EDGE_LOOP ( 'NONE', ( #7714, #8245, #7319, #2218 ) ) ;
#9639 = CARTESIAN_POINT ( 'NONE',  ( 0.1000000000000018700, 19.46667702163212600, 3.644078711698373500 ) ) ;
#9640 = DIRECTION ( 'NONE',  ( -1.000000000000000000, -6.123233995736766000E-017, -0.0000000000000000000 ) ) ;
#9641 = CARTESIAN_POINT ( 'NONE',  ( 19.40000000000003800, -7.054755709765753800, -32.76677515620742300 ) ) ;
#9642 = CARTESIAN_POINT ( 'NONE',  ( 1.000000000128238500, -1.035641461792806300, 8.452698543846962000 ) ) ;
#9643 = CARTESIAN_POINT ( 'NONE',  ( 1.500000000000029100, 0.0000000000000000000, -31.50000000000000700 ) ) ;
#9644 = DIRECTION ( 'NONE',  ( -1.000000000000000000, 0.0000000000000000000, 0.0000000000000000000 ) ) ;
#9645 = ORIENTED_EDGE ( 'NONE', *, *, #1847, .T. ) ;
#9646 = EDGE_LOOP ( 'NONE', ( #4687, #1221, #349, #2008 ) ) ;
#9647 = ORIENTED_EDGE ( 'NONE', *, *, #9704, .F. ) ;
#9648 = CARTESIAN_POINT ( 'NONE',  ( 6.399999999999979000, 15.55634918610326000, -15.55634918610396900 ) ) ;
#9649 = ORIENTED_EDGE ( 'NONE', *, *, #8919, .F. ) ;
#9650 = EDGE_CURVE ( 'NONE', #6398, #2710, #2464, .T. ) ;
#9651 = DIRECTION ( 'NONE',  ( 1.020425574104007600E-016, 0.0000000000000000000, -1.000000000000000000 ) ) ;
#9652 = CARTESIAN_POINT ( 'NONE',  ( 21.00000000000006400, -9.669342716628412000, -28.41711298268801400 ) ) ;
#9653 = CARTESIAN_POINT ( 'NONE',  ( 0.0000000000000000000, 0.0000000000000000000, 0.0000000000000000000 ) ) ;
#9654 = CARTESIAN_POINT ( 'NONE',  ( 19.40000000000003400, -21.19773529511007500, 25.29142183346845500 ) ) ;
#9655 = CARTESIAN_POINT ( 'NONE',  ( 21.00000000000006400, 26.79305586600569500, -13.49996264034090900 ) ) ;
#9656 = CARTESIAN_POINT ( 'NONE',  ( -2.168404344971008900E-016, 26.56551413201523800, -16.26878151428589800 ) ) ;
#9657 = VERTEX_POINT ( 'NONE', #7375 ) ;
#9658 = AXIS2_PLACEMENT_3D ( 'NONE', #3839, #7762, #3812 ) ;
#9659 = ORIENTED_EDGE ( 'NONE', *, *, #8975, .F. ) ;
#9660 = ORIENTED_EDGE ( 'NONE', *, *, #8677, .F. ) ;
#9661 = ORIENTED_EDGE ( 'NONE', *, *, #4749, .F. ) ;
#9662 = CARTESIAN_POINT ( 'NONE',  ( 1.000000000128238500, -6.964999999999998100, -0.6991244524403608100 ) ) ;
#9663 = CARTESIAN_POINT ( 'NONE',  ( 2.000000000128237900, 4.353422915655340400E-014, -6.250000000000000900 ) ) ;
#9664 = DIRECTION ( 'NONE',  ( -1.000000000000000000, -0.0000000000000000000, -0.0000000000000000000 ) ) ;
#9665 = CC_DESIGN_DATE_AND_TIME_ASSIGNMENT ( #1015, #1042, ( #9169 ) ) ;
#9666 = CIRCLE ( 'NONE', #4254, 0.9999999999999995600 ) ;
#9667 = CARTESIAN_POINT ( 'NONE',  ( 24.00000000000006000, 16.86094788897911200, 14.13182353007320600 ) ) ;
#9668 = ORIENTED_EDGE ( 'NONE', *, *, #120, .F. ) ;
#9669 = EDGE_CURVE ( 'NONE', #6923, #5610, #1029, .T. ) ;
#9670 = VERTEX_POINT ( 'NONE', #2762 ) ;
#9671 = DIRECTION ( 'NONE',  ( 0.0000000000000000000, 0.0000000000000000000, 1.000000000000000000 ) ) ;
#9672 = CARTESIAN_POINT ( 'NONE',  ( 19.40000000000004100, -10.36803227517923000, 31.32898004069309300 ) ) ;
#9673 = CARTESIAN_POINT ( 'NONE',  ( 19.40000000000003800, 23.13106841479789500, -24.23231254747838600 ) ) ;
#9674 = CALENDAR_DATE ( 2025, 28, 7 ) ;
#9675 = VECTOR ( 'NONE', #5638, 1000.000000000000000 ) ;
#9676 = CARTESIAN_POINT ( 'NONE',  ( 1.000000000128238100, -2.872663059694880300, 8.004622828341721800 ) ) ;
#9677 = CARTESIAN_POINT ( 'NONE',  ( 8.999999999997106300, 4.409455882549115900, 5.176616759900427100 ) ) ;
#9678 = ORIENTED_EDGE ( 'NONE', *, *, #1078, .F. ) ;
#9679 = DIRECTION ( 'NONE',  ( 1.000000000000000000, 6.123233995736766000E-017, -0.0000000000000000000 ) ) ;
#9680 = CARTESIAN_POINT ( 'NONE',  ( 0.4474412882168495900, 30.03409964066338100, -5.000000000000028400 ) ) ;
#9681 = CARTESIAN_POINT ( 'NONE',  ( 1.000000000128238300, 1.035641461797697700, -8.452698543846960200 ) ) ;
#9682 = CARTESIAN_POINT ( 'NONE',  ( -2.168404344971008900E-016, 31.14921894064170300, 7.999999999999996400 ) ) ;
#9683 = ORIENTED_EDGE ( 'NONE', *, *, #9995, .F. ) ;
#9684 = CARTESIAN_POINT ( 'NONE',  ( 1.899999999999999900, 0.0000000000000000000, 0.0000000000000000000 ) ) ;
#9685 = CARTESIAN_POINT ( 'NONE',  ( 21.00000000000006000, 25.71218028818249500, 15.45893515917058300 ) ) ;
#9686 = CARTESIAN_POINT ( 'NONE',  ( -2.168404344971009900E-016, 30.97584491870608400, 3.794928000348581200 ) ) ;
#9687 = ORIENTED_EDGE ( 'NONE', *, *, #6005, .F. ) ;
#9688 = EDGE_CURVE ( 'NONE', #6001, #4381, #1145, .T. ) ;
#9690 = CARTESIAN_POINT ( 'NONE',  ( 0.2000000000000003200, 27.81673294744898000, -7.511746682564124800 ) ) ;
#9689 = VECTOR ( 'NONE', #2013, 1000.000000000000000 ) ;
#9691 = DIRECTION ( 'NONE',  ( 0.0000000000000000000, -1.000000000000000000, 0.0000000000000000000 ) ) ;
#9692 = CARTESIAN_POINT ( 'NONE',  ( 1.000000000128238500, 0.6991244524403836800, -6.964999999999996300 ) ) ;
#9693 = CARTESIAN_POINT ( 'NONE',  ( 5.000000000000000000, -3.327635673973334400, 12.54641771492635400 ) ) ;
#9694 = EDGE_LOOP ( 'NONE', ( #5745, #8967, #330, #3143 ) ) ;
#9695 = CARTESIAN_POINT ( 'NONE',  ( 19.00000000000000000, 0.0000000000000000000, 16.99999999999977300 ) ) ;
#9696 = ORIENTED_EDGE ( 'NONE', *, *, #6439, .F. ) ;
#9697 = PLANE ( 'NONE',  #1489 ) ;
#9698 = AXIS2_PLACEMENT_3D ( 'NONE', #6222, #1606, #9929 ) ;
#9699 = LINE ( 'NONE', #9376, #1039 ) ;
#9700 = CARTESIAN_POINT ( 'NONE',  ( 19.40000000000003800, 28.84098703930631300, 16.03762709017154000 ) ) ;
#9701 = CARTESIAN_POINT ( 'NONE',  ( -1.099999999866668700, -4.357489552670291900, -1.897540504559332100 ) ) ;
#9702 = DIRECTION ( 'NONE',  ( -1.000000000000000000, -0.0000000000000000000, -0.0000000000000000000 ) ) ;
#9703 = CARTESIAN_POINT ( 'NONE',  ( 8.999999999997104500, 3.334467489177213900, 5.926579882077942500 ) ) ;
#9704 = EDGE_CURVE ( 'NONE', #1602, #2992, #8053, .T. ) ;
#9705 = CIRCLE ( 'NONE', #3727, 26.60000000000002600 ) ;
#9706 = DIRECTION ( 'NONE',  ( 1.000000000000000000, 0.0000000000000000000, 0.0000000000000000000 ) ) ;
#9707 = CIRCLE ( 'NONE', #1691, 0.9999999999999995600 ) ;
#9708 = CARTESIAN_POINT ( 'NONE',  ( 20.00000000000006000, 9.635334225050032200, -11.49610083339474900 ) ) ;
#9709 = PLANE ( 'NONE',  #2915 ) ;
#9710 = ORIENTED_EDGE ( 'NONE', *, *, #5462, .F. ) ;
#9711 = EDGE_LOOP ( 'NONE', ( #1749, #6475, #2139, #7719 ) ) ;
#9712 = CARTESIAN_POINT ( 'NONE',  ( 21.00000000000006400, 19.00788175668214900, 23.20994095747681400 ) ) ;
#9713 = CARTESIAN_POINT ( 'NONE',  ( -2.168404344971008900E-016, 9.097689088025555600, -29.82121128584789800 ) ) ;
#9714 = LINE ( 'NONE', #1229, #1435 ) ;
#9715 = FACE_OUTER_BOUND ( 'NONE', #5839, .T. ) ;
#9716 = SECURITY_CLASSIFICATION ( '', '', #1573 ) ;
#9717 = CARTESIAN_POINT ( 'NONE',  ( 0.2000000000000004000, 26.99989949818727200, -7.953192200708289600 ) ) ;
#9718 = CARTESIAN_POINT ( 'NONE',  ( -1.099999999866668700, 2.735270641337155700, 3.884270907802402500 ) ) ;
#9719 = DIRECTION ( 'NONE',  ( 1.000000000000000000, 6.071532165918827900E-018, 5.551115123125788900E-017 ) ) ;
#9720 = ORIENTED_EDGE ( 'NONE', *, *, #6866, .T. ) ;
#9721 = DIRECTION ( 'NONE',  ( 0.0000000000000000000, 0.0000000000000000000, -1.000000000000000000 ) ) ;
#9722 = AXIS2_PLACEMENT_3D ( 'NONE', #3748, #6917, #9115 ) ;
#9723 = CARTESIAN_POINT ( 'NONE',  ( 6.400000000000036800, 4.499995123843202500, -32.69228370187759200 ) ) ;
#9724 = CIRCLE ( 'NONE', #2822, 1.249999999999999300 ) ;
#9725 = CYLINDRICAL_SURFACE ( 'NONE', #3550, 0.9999999999999991100 ) ;
#9726 = DIRECTION ( 'NONE',  ( 1.000000000000000000, 6.071532165918827900E-018, 5.551115123125788900E-017 ) ) ;
#9727 = DIRECTION ( 'NONE',  ( 0.0000000000000000000, 0.0000000000000000000, -1.000000000000000000 ) ) ;
#9728 = CONICAL_SURFACE ( 'NONE', #5569, 11.54999999999995300, 0.7853981633974500600 ) ;
#9729 = DIRECTION ( 'NONE',  ( 1.000000000000000000, 0.0000000000000000000, 0.0000000000000000000 ) ) ;
#9730 = ORIENTED_EDGE ( 'NONE', *, *, #2275, .F. ) ;
#9731 = CARTESIAN_POINT ( 'NONE',  ( -2.168404344971008900E-016, -1.905417041731020300, 31.14921894064170300 ) ) ;
#9732 = CARTESIAN_POINT ( 'NONE',  ( 19.40000000000003400, 16.53014958290326000, 28.56368247514311800 ) ) ;
#9733 = CARTESIAN_POINT ( 'NONE',  ( -1.099999999866668700, -1.187016255073388900, -4.638831476682042900 ) ) ;
#9734 = DIRECTION ( 'NONE',  ( 1.000000000000000000, 6.071532165918827900E-018, 5.551115123125788900E-017 ) ) ;
#9735 = VECTOR ( 'NONE', #7123, 1000.000000000000000 ) ;
#9736 = CIRCLE ( 'NONE', #6202, 31.50000000000000700 ) ;
#9737 = CARTESIAN_POINT ( 'NONE',  ( 8.999999999997104500, 2.726219938697712000, 6.237058728158506100 ) ) ;
#9738 = LINE ( 'NONE', #7602, #5312 ) ;
#9739 = AXIS2_PLACEMENT_3D ( 'NONE', #7372, #2525, #1192 ) ;
#9740 = VERTEX_POINT ( 'NONE', #1230 ) ;
#9741 = DIRECTION ( 'NONE',  ( 0.0000000000000000000, 0.0000000000000000000, 1.000000000000000000 ) ) ;
#9742 = ORIENTED_EDGE ( 'NONE', *, *, #2704, .T. ) ;
#9743 = LINE ( 'NONE', #6292, #9172 ) ;
#9744 = DIRECTION ( 'NONE',  ( 0.0000000000000000000, 0.0000000000000000000, -1.000000000000000000 ) ) ;
#9745 = EDGE_CURVE ( 'NONE', #4737, #4858, #3229, .T. ) ;
#9746 = CARTESIAN_POINT ( 'NONE',  ( 21.00000000000006400, -28.40363544405766700, -9.656091610639666800 ) ) ;
#9747 = DIRECTION ( 'NONE',  ( 0.0000000000000000000, -1.000000000000000000, 0.0000000000000000000 ) ) ;
#9748 = PLANE ( 'NONE',  #6653 ) ;
#9750 = EDGE_LOOP ( 'NONE', ( #3406, #9932, #42, #6429 ) ) ;
#9749 = CARTESIAN_POINT ( 'NONE',  ( 21.00000000000006800, 24.41371556445204400, 17.47721592817309100 ) ) ;
#9751 = CARTESIAN_POINT ( 'NONE',  ( -2.168404344971008900E-016, 29.00843721136142500, -11.34836638811366100 ) ) ;
#9752 = CIRCLE ( 'NONE', #9421, 0.9999999999999995600 ) ;
#9753 = ORIENTED_EDGE ( 'NONE', *, *, #3527, .T. ) ;
#9754 = CARTESIAN_POINT ( 'NONE',  ( 20.00000000000006000, 8.734417569027645100, 10.29391364200528300 ) ) ;
#9755 = CARTESIAN_POINT ( 'NONE',  ( 23.31307791393078300, 0.0000000000000000000, 0.0000000000000000000 ) ) ;
#9756 = AXIS2_PLACEMENT_3D ( 'NONE', #2268, #3057, #2368 ) ;
#9757 = CARTESIAN_POINT ( 'NONE',  ( 0.2000000000000006200, 27.13217799796541400, 7.897973624981339900 ) ) ;
#9758 = CARTESIAN_POINT ( 'NONE',  ( 3.000000000000000400, -15.55634918610525300, -16.80634918610368800 ) ) ;
#9759 = ORIENTED_EDGE ( 'NONE', *, *, #799, .T. ) ;
#9760 = ORIENTED_EDGE ( 'NONE', *, *, #7020, .T. ) ;
#9761 = CARTESIAN_POINT ( 'NONE',  ( 6.400000000000036800, -19.10804367670869700, -26.90521664907839700 ) ) ;
#9762 = EDGE_CURVE ( 'NONE', #6674, #6902, #2617, .T. ) ;
#9763 = FACE_OUTER_BOUND ( 'NONE', #9910, .T. ) ;
#9764 = ORIENTED_EDGE ( 'NONE', *, *, #1379, .F. ) ;
#9765 = CARTESIAN_POINT ( 'NONE',  ( 19.40000000000003400, -29.00245365150503900, 15.74353391994702100 ) ) ;
#9766 = CARTESIAN_POINT ( 'NONE',  ( 6.000000000000000000, 0.0000000000000000000, 0.0000000000000000000 ) ) ;
#9767 = DIRECTION ( 'NONE',  ( 0.0000000000000000000, 0.0000000000000000000, 1.000000000000000000 ) ) ;
#9768 = CARTESIAN_POINT ( 'NONE',  ( 19.40000000000003800, -1.922259292699643100, 32.95283928263285800 ) ) ;
#9769 = ORIENTED_EDGE ( 'NONE', *, *, #5559, .F. ) ;
#9770 = VERTEX_POINT ( 'NONE', #440 ) ;
#9771 = DIRECTION ( 'NONE',  ( -5.102127870520020600E-017, 1.000000000000000000, 0.0000000000000000000 ) ) ;
#9772 = DIRECTION ( 'NONE',  ( -1.000000000000000000, -0.0000000000000000000, -0.0000000000000000000 ) ) ;
#9773 = VERTEX_POINT ( 'NONE', #8340 ) ;
#9774 = DIRECTION ( 'NONE',  ( 0.0000000000000000000, 0.0000000000000000000, 1.000000000000000000 ) ) ;
#9775 = ORIENTED_EDGE ( 'NONE', *, *, #207, .T. ) ;
#9776 = AXIS2_PLACEMENT_3D ( 'NONE', #8173, #4265, #4990 ) ;
#9777 = CARTESIAN_POINT ( 'NONE',  ( 8.999999999997106300, -2.088380630492971100, 6.471434298796588700 ) ) ;
#9778 = DIRECTION ( 'NONE',  ( -1.000000000000000000, -0.0000000000000000000, -0.0000000000000000000 ) ) ;
#9779 = DIRECTION ( 'NONE',  ( -1.000000000000000000, -6.123233995736766000E-017, -0.0000000000000000000 ) ) ;
#9780 = EDGE_LOOP ( 'NONE', ( #4266, #1481, #6306, #2733 ) ) ;
#9781 = LINE ( 'NONE', #4362, #7171 ) ;
#9782 = EDGE_CURVE ( 'NONE', #7435, #804, #549, .T. ) ;
#9783 = EDGE_CURVE ( 'NONE', #6317, #9054, #3341, .T. ) ;
#9784 = ORIENTED_EDGE ( 'NONE', *, *, #7512, .T. ) ;
#9785 = AXIS2_PLACEMENT_3D ( 'NONE', #4939, #1849, #1059 ) ;
#9786 = EDGE_LOOP ( 'NONE', ( #320, #3571, #1594, #5528 ) ) ;
#9787 = DIRECTION ( 'NONE',  ( -1.000000000000000000, -6.123233995736766000E-017, -0.0000000000000000000 ) ) ;
#9788 = CARTESIAN_POINT ( 'NONE',  ( 21.00000000000006400, -19.05488218924719100, -23.17136923281230700 ) ) ;
#9789 = CARTESIAN_POINT ( 'NONE',  ( 0.2000000000000002100, 28.50000000000000400, -5.999999999999990200 ) ) ;
#9790 = DIRECTION ( 'NONE',  ( -1.000000000000000000, -0.0000000000000000000, -0.0000000000000000000 ) ) ;
#9791 = CARTESIAN_POINT ( 'NONE',  ( -2.168404344971008900E-016, 17.82507279711040800, -25.54745178250831800 ) ) ;
#9792 = FACE_BOUND ( 'NONE', #9597, .T. ) ;
#9793 = DESIGN_CONTEXT ( 'detailed design', #7815, 'design' ) ;
#9794 = CARTESIAN_POINT ( 'NONE',  ( 20.00000000000006400, 12.67418399596866700, 4.669801561748504200 ) ) ;
#9795 = DIRECTION ( 'NONE',  ( 1.000000000000000000, 0.0000000000000000000, 0.0000000000000000000 ) ) ;
#9796 = CLOSED_SHELL ( 'NONE', ( #5498, #7285, #8634, #904, #8162, #5415, #1581, #4073 ) ) ;
#9797 = DIRECTION ( 'NONE',  ( 1.000000000000000000, 6.123233995736766000E-017, -0.0000000000000000000 ) ) ;
#9798 = DIRECTION ( 'NONE',  ( 1.000000000000000000, -0.0000000000000000000, -0.0000000000000000000 ) ) ;
#9799 = CARTESIAN_POINT ( 'NONE',  ( 6.400000000000037700, 1.113914919082730700, -33.01442740833153500 ) ) ;
#9800 = APPROVAL ( #8024, 'UNKNOWN' ) ;
#9801 = DIRECTION ( 'NONE',  ( -5.551115123125788900E-017, 0.0000000000000000000, 1.000000000000000000 ) ) ;
#9802 = CARTESIAN_POINT ( 'NONE',  ( -1.099999999866668500, 4.708370780696931500, 0.7467697402334844100 ) ) ;
#9803 = SHAPE_DEFINITION_REPRESENTATION ( #7570, #6585 ) ;
#9804 = EDGE_CURVE ( 'NONE', #3180, #2737, #6233, .T. ) ;
#9805 = CARTESIAN_POINT ( 'NONE',  ( 0.0000000000000000000, -15.55634918610482300, -15.55634918610326000 ) ) ;
#9806 = ORIENTED_EDGE ( 'NONE', *, *, #3000, .F. ) ;
#9807 = DIRECTION ( 'NONE',  ( 1.865376329483171500E-017, 3.132718835806790300E-033, 1.000000000000000000 ) ) ;
#9808 = CARTESIAN_POINT ( 'NONE',  ( 19.40000000000003400, 15.83041049965871300, 28.95512464212432800 ) ) ;
#9809 = DIRECTION ( 'NONE',  ( 0.0000000000000000000, 0.0000000000000000000, -1.000000000000000000 ) ) ;
#9810 = CARTESIAN_POINT ( 'NONE',  ( 8.999999999997106300, 4.350980707513892700, 5.225868010313764200 ) ) ;
#9811 = VECTOR ( 'NONE', #9798, 1000.000000000000000 ) ;
#9812 = EDGE_CURVE ( 'NONE', #2090, #644, #1770, .T. ) ;
#9813 = CARTESIAN_POINT ( 'NONE',  ( 6.399999999999979000, 18.91510639674004300, 18.91510639674024600 ) ) ;
#9814 = VERTEX_POINT ( 'NONE', #9758 ) ;
#9815 = DIRECTION ( 'NONE',  ( -1.000000000000000000, -6.123233995736766000E-017, -0.0000000000000000000 ) ) ;
#9816 = ORIENTED_EDGE ( 'NONE', *, *, #2086, .T. ) ;
#9817 = CARTESIAN_POINT ( 'NONE',  ( 21.00000000000006000, -30.03439339771177100, -1.491731368702195600 ) ) ;
#9818 = DIRECTION ( 'NONE',  ( -1.626303258728255200E-016, 1.000000000000000000, 0.0000000000000000000 ) ) ;
#9819 = FACE_OUTER_BOUND ( 'NONE', #6298, .T. ) ;
#9820 = DIRECTION ( 'NONE',  ( -1.000000000000000000, -0.0000000000000000000, -0.0000000000000000000 ) ) ;
#9821 = AXIS2_PLACEMENT_3D ( 'NONE', #7759, #8581, #6297 ) ;
#9822 = CARTESIAN_POINT ( 'NONE',  ( 23.31307791393078300, 0.0000000000000000000, -11.85000853396763900 ) ) ;
#9823 = DIRECTION ( 'NONE',  ( 1.000000000000000000, 0.0000000000000000000, -0.0000000000000000000 ) ) ;
#9824 = EDGE_CURVE ( 'NONE', #4021, #8817, #9101, .T. ) ;
#9825 = EDGE_CURVE ( 'NONE', #4259, #9548, #5748, .T. ) ;
#9826 = ORIENTED_EDGE ( 'NONE', *, *, #1935, .F. ) ;
#9827 = CARTESIAN_POINT ( 'NONE',  ( 20.00000000000006400, 11.84495089728904200, 6.477072663116016000 ) ) ;
#9828 = CARTESIAN_POINT ( 'NONE',  ( 0.2000000000000005700, 27.49264234696809000, 7.758125798565778600 ) ) ;
#9829 = CARTESIAN_POINT ( 'NONE',  ( 0.3191358715910878600, 29.90401310861136300, 4.999999999999999100 ) ) ;
#9830 = FACE_BOUND ( 'NONE', #4508, .T. ) ;
#9831 = CARTESIAN_POINT ( 'NONE',  ( 6.400000000000039400, 17.52898216890594100, -27.95961130092382200 ) ) ;
#9832 = CYLINDRICAL_SURFACE ( 'NONE', #655, 1.249999999999690700 ) ;
#9833 = DIRECTION ( 'NONE',  ( 1.000000000000000000, 6.071532165918827900E-018, 5.551115123125788900E-017 ) ) ;
#9834 = CARTESIAN_POINT ( 'NONE',  ( 19.40000000000003400, -25.16299727606914200, 21.35069577421522900 ) ) ;
#9835 = AXIS2_PLACEMENT_3D ( 'NONE', #6899, #2279, #1574 ) ;
#9836 = B_SPLINE_CURVE_WITH_KNOTS ( 'NONE', 3,
 ( #4102, #7178, #8745, #5662, #9493, #1886 ),
 .UNSPECIFIED., .F., .F.,
 ( 4, 2, 4 ),
 ( 1.425516644887728100E-015, 0.0005571810776120491800, 0.001114362155222672600 ),
 .UNSPECIFIED. ) ;
#9837 = ORIENTED_EDGE ( 'NONE', *, *, #4682, .F. ) ;
#9838 = CARTESIAN_POINT ( 'NONE',  ( -2.168404344971008100E-016, -26.14358320443012600, 16.93491128781455000 ) ) ;
#9839 = CARTESIAN_POINT ( 'NONE',  ( 19.40000000000003100, -3.619862512048892500, 32.80094720185052600 ) ) ;
#9840 = CIRCLE ( 'NONE', #1056, 29.50000000000000700 ) ;
#9841 = DIRECTION ( 'NONE',  ( -1.807003620809172400E-016, 1.000000000000000000, 0.0000000000000000000 ) ) ;
#9842 = CARTESIAN_POINT ( 'NONE',  ( 0.0000000000000000000, 0.0000000000000000000, 0.0000000000000000000 ) ) ;
#9843 = LINE ( 'NONE', #9917, #4442 ) ;
#9844 = CARTESIAN_POINT ( 'NONE',  ( 0.0000000000000000000, 1.451207502099228900E-015, 11.85000853396763900 ) ) ;
#9845 = EDGE_CURVE ( 'NONE', #8984, #2451, #4415, .T. ) ;
#9846 = CARTESIAN_POINT ( 'NONE',  ( 8.999999999997108100, -2.352116895765946400, 6.384068548202699300 ) ) ;
#9847 = EDGE_LOOP ( 'NONE', ( #3309, #6955 ) ) ;
#9848 = EDGE_CURVE ( 'NONE', #4933, #6683, #47, .T. ) ;
#9849 = AXIS2_PLACEMENT_3D ( 'NONE', #5961, #7416, #1341 ) ;
#9850 = ORIENTED_EDGE ( 'NONE', *, *, #1421, .F. ) ;
#9851 = DIRECTION ( 'NONE',  ( 0.0000000000000000000, 0.0000000000000000000, 1.000000000000000000 ) ) ;
#9852 = ORIENTED_EDGE ( 'NONE', *, *, #4662, .T. ) ;
#9853 = PLANE ( 'NONE',  #9490 ) ;
#9854 = VECTOR ( 'NONE', #8522, 1000.000000000000000 ) ;
#9855 = AXIS2_PLACEMENT_3D ( 'NONE', #5999, #7489, #9774 ) ;
#9856 = CYLINDRICAL_SURFACE ( 'NONE', #6785, 0.7500000000000006700 ) ;
#9857 = ORIENTED_EDGE ( 'NONE', *, *, #2142, .T. ) ;
#9858 = CARTESIAN_POINT ( 'NONE',  ( -2.168404344971008900E-016, -5.463027135860352600, -30.66652020043040100 ) ) ;
#9859 = CARTESIAN_POINT ( 'NONE',  ( 21.00000000000007100, -25.16437974307803300, 16.38360379571066600 ) ) ;
#9860 = DIRECTION ( 'NONE',  ( -1.000000000000000000, -0.0000000000000000000, -0.0000000000000000000 ) ) ;
#9861 = DIRECTION ( 'NONE',  ( -1.000000000000000000, -6.123233995736766000E-017, -0.0000000000000000000 ) ) ;
#9862 = ORIENTED_EDGE ( 'NONE', *, *, #6175, .F. ) ;
#9863 = VECTOR ( 'NONE', #539, 1000.000000000000000 ) ;
#9864 = CC_DESIGN_PERSON_AND_ORGANIZATION_ASSIGNMENT ( #9224, #4028, ( #1236 ) ) ;
#9865 = VECTOR ( 'NONE', #9142, 1000.000000000000100 ) ;
#9866 = FACE_OUTER_BOUND ( 'NONE', #2204, .T. ) ;
#9867 = CARTESIAN_POINT ( 'NONE',  ( 20.00000000000005700, 10.29393691604689000, -8.734389385929107500 ) ) ;
#9868 = CARTESIAN_POINT ( 'NONE',  ( 6.499999999999999100, 29.07318352021326600, 4.999999999999999100 ) ) ;
#9869 = EDGE_CURVE ( 'NONE', #741, #2810, #2864, .T. ) ;
#9870 = DIRECTION ( 'NONE',  ( 0.0000000000000000000, 0.0000000000000000000, 1.000000000000000000 ) ) ;
#9871 = CARTESIAN_POINT ( 'NONE',  ( 6.400000000000036800, -8.020139023312584200, -32.01059907059749300 ) ) ;
#9872 = CARTESIAN_POINT ( 'NONE',  ( 19.40000000000003400, -21.19773529511007500, 25.29142183346845500 ) ) ;
#9873 = DIRECTION ( 'NONE',  ( 1.000000000000000000, 0.0000000000000000000, 0.0000000000000000000 ) ) ;
#9874 = CARTESIAN_POINT ( 'NONE',  ( 1.500000000000029100, 0.0000000000000000000, 0.0000000000000000000 ) ) ;
#9875 = CARTESIAN_POINT ( 'NONE',  ( -1.099999999866668700, 2.530699329003250700, -4.020532266145281100 ) ) ;
#9876 = LINE ( 'NONE', #6570, #5804 ) ;
#9877 = EDGE_LOOP ( 'NONE', ( #2262, #4731, #6417, #4669 ) ) ;
#9878 = FACE_BOUND ( 'NONE', #1871, .T. ) ;
#9879 = CARTESIAN_POINT ( 'NONE',  ( 19.40000000000003800, 19.59092004409053100, 27.17497531261276200 ) ) ;
#9880 = CARTESIAN_POINT ( 'NONE',  ( 0.0000000000000000000, 23.50000000000000000, 3.000000000000000000 ) ) ;
#9881 = ORIENTED_EDGE ( 'NONE', *, *, #2740, .T. ) ;
#9882 = CARTESIAN_POINT ( 'NONE',  ( 0.0000000000000000000, 18.91510639673938200, -17.66510639673908800 ) ) ;
#9883 = DIRECTION ( 'NONE',  ( 1.000000000000000000, 0.0000000000000000000, 0.0000000000000000000 ) ) ;
#9884 = CARTESIAN_POINT ( 'NONE',  ( 8.999999999997104500, -3.006832264070296900, 6.100876452833141200 ) ) ;
#9885 = LINE ( 'NONE', #4216, #1714 ) ;
#9886 = AXIS2_PLACEMENT_3D ( 'NONE', #720, #3891, #810 ) ;
#9887 = EDGE_LOOP ( 'NONE', ( #8573, #9570, #7043, #359 ) ) ;
#9888 = EDGE_LOOP ( 'NONE', ( #7379, #865, #8377, #7646 ) ) ;
#9889 = EDGE_CURVE ( 'NONE', #7002, #9566, #7068, .T. ) ;
#9890 = CARTESIAN_POINT ( 'NONE',  ( 21.00000000000006800, -28.83954286804452100, 8.265065350626571200 ) ) ;
#9891 = DIRECTION ( 'NONE',  ( 0.0000000000000000000, -1.000000000000000000, 0.0000000000000000000 ) ) ;
#9892 = DIRECTION ( 'NONE',  ( 0.0000000000000000000, -1.000000000000000000, 1.019909387808600500E-016 ) ) ;
#9893 = DIRECTION ( 'NONE',  ( -1.000000000000000000, -6.071532165918827900E-018, -5.551115123125788900E-017 ) ) ;
#9894 = ORIENTED_EDGE ( 'NONE', *, *, #1598, .T. ) ;
#9895 = VERTEX_POINT ( 'NONE', #3097 ) ;
#9896 = ORIENTED_EDGE ( 'NONE', *, *, #6371, .T. ) ;
#9897 = ORIENTED_EDGE ( 'NONE', *, *, #8806, .F. ) ;
#9898 = ORIENTED_EDGE ( 'NONE', *, *, #1569, .F. ) ;
#9899 = EDGE_LOOP ( 'NONE', ( #388, #4626 ) ) ;
#9900 = CARTESIAN_POINT ( 'NONE',  ( 20.00000000000006000, 10.39229015512956900, -8.616903421916768800 ) ) ;
#9901 = AXIS2_PLACEMENT_3D ( 'NONE', #8108, #2772, #9671 ) ;
#9902 = CARTESIAN_POINT ( 'NONE',  ( 0.0000000000000000000, -15.55634918610412000, 15.55634918610482500 ) ) ;
#9903 = CARTESIAN_POINT ( 'NONE',  ( 19.00000000000000000, 18.91510639674004300, 18.91510639674024600 ) ) ;
#9904 = EDGE_LOOP ( 'NONE', ( #9179, #1724 ) ) ;
#9905 = ORIENTED_EDGE ( 'NONE', *, *, #847, .T. ) ;
#9906 = DIRECTION ( 'NONE',  ( 1.000000000000000000, 6.071532165918827900E-018, 5.551115123125788900E-017 ) ) ;
#9907 = CARTESIAN_POINT ( 'NONE',  ( 19.40000000000004500, 9.470904311523906200, -31.61397479980578900 ) ) ;
#9908 = CARTESIAN_POINT ( 'NONE',  ( 21.38196601125016000, -21.19773529510999700, 25.29142183346836200 ) ) ;
#9909 = ORIENTED_EDGE ( 'NONE', *, *, #15, .F. ) ;
#9910 = EDGE_LOOP ( 'NONE', ( #9022, #5037, #1119, #4013 ) ) ;
#9911 = CARTESIAN_POINT ( 'NONE',  ( 19.40000000000003800, 23.38103107927621200, 24.01579668952907900 ) ) ;
#9912 = CARTESIAN_POINT ( 'NONE',  ( 6.500000000000000900, 3.857637417314163500E-015, -31.50000000000000700 ) ) ;
#9913 = DIRECTION ( 'NONE',  ( 1.000000000000000000, 0.0000000000000000000, 0.0000000000000000000 ) ) ;
#9914 = LINE ( 'NONE', #1745, #30 ) ;
#9915 = AXIS2_PLACEMENT_3D ( 'NONE', #4059, #9425, #4831 ) ;
#9916 = VERTEX_POINT ( 'NONE', #7675 ) ;
#9917 = CARTESIAN_POINT ( 'NONE',  ( -1.999999999871762400, -5.689999999999892900, -0.8284926070882690000 ) ) ;
#9918 = ORIENTED_EDGE ( 'NONE', *, *, #3449, .T. ) ;
#9919 = CARTESIAN_POINT ( 'NONE',  ( 24.00000000000006000, 11.49610083339485200, 9.635334225049915000 ) ) ;
#9920 = DATE_AND_TIME ( #167, #4278 ) ;
#9921 = AXIS2_PLACEMENT_3D ( 'NONE', #1159, #9589, #5085 ) ;
#9922 = CYLINDRICAL_SURFACE ( 'NONE', #2160, 2.500000000000000000 ) ;
#9923 = CARTESIAN_POINT ( 'NONE',  ( 0.0000000000000000000, 15.55634918610396700, 16.80634918610412500 ) ) ;
#9924 = DIRECTION ( 'NONE',  ( -1.807003620809172400E-016, 1.000000000000000000, 0.0000000000000000000 ) ) ;
#9925 = VERTEX_POINT ( 'NONE', #1270 ) ;
#9926 = CARTESIAN_POINT ( 'NONE',  ( 21.77120881839775600, -73.95574802150267100, -17.62235326453197700 ) ) ;
#9927 = AXIS2_PLACEMENT_3D ( 'NONE', #6954, #4686, #8049 ) ;
#9928 = DATE_AND_TIME ( #2000, #5975 ) ;
#9929 = DIRECTION ( 'NONE',  ( 0.0000000000000000000, 0.0000000000000000000, 1.000000000000000000 ) ) ;
#9930 = DIRECTION ( 'NONE',  ( -1.000000000000000000, -0.0000000000000000000, -0.0000000000000000000 ) ) ;
#9931 = CARTESIAN_POINT ( 'NONE',  ( 0.0000000000000000000, -10.60660171779819200, 10.60660171779940900 ) ) ;
#9932 = ORIENTED_EDGE ( 'NONE', *, *, #6814, .T. ) ;
#9933 = CARTESIAN_POINT ( 'NONE',  ( 6.400000000000035900, 27.02190246637091400, -18.94248527055992400 ) ) ;
#9934 = CARTESIAN_POINT ( 'NONE',  ( 19.40000000000003400, -19.65065142930247400, 26.58809366483728800 ) ) ;
#9935 = CARTESIAN_POINT ( 'NONE',  ( 19.40000000000003400, -32.77665439218724000, -3.833498260417909500 ) ) ;
#9936 = CARTESIAN_POINT ( 'NONE',  ( 0.2000000000000018200, 18.79342559296818700, -7.871095708981814100 ) ) ;
#9937 = VERTEX_POINT ( 'NONE', #6896 ) ;
#9938 = EDGE_CURVE ( 'NONE', #2459, #203, #3931, .T. ) ;
#9939 = AXIS2_PLACEMENT_3D ( 'NONE', #2075, #4426, #7472 ) ;
#9940 = FACE_OUTER_BOUND ( 'NONE', #3128, .T. ) ;
#9941 = CARTESIAN_POINT ( 'NONE',  ( 19.40000000000003400, 20.73141736403508900, 26.32467147084813100 ) ) ;
#9942 = DIRECTION ( 'NONE',  ( 0.0000000000000000000, 0.0000000000000000000, 1.000000000000000000 ) ) ;
#9943 = ORIENTED_EDGE ( 'NONE', *, *, #7943, .T. ) ;
#9944 = EDGE_CURVE ( 'NONE', #4011, #2712, #5458, .T. ) ;
#9945 = VECTOR ( 'NONE', #313, 1000.000000000000000 ) ;
#9946 = CARTESIAN_POINT ( 'NONE',  ( -0.8363751622271287100, -0.6383020591466107600, 5.476747355256155600 ) ) ;
#9947 = CARTESIAN_POINT ( 'NONE',  ( -2.168404344971008400E-016, -26.64768366558244500, -16.16426840757157300 ) ) ;
#9948 = ORIENTED_EDGE ( 'NONE', *, *, #5053, .F. ) ;
#9949 = CARTESIAN_POINT ( 'NONE',  ( 24.00000000000006000, -18.96738926836105700, 22.63035349707300600 ) ) ;
#9950 = CARTESIAN_POINT ( 'NONE',  ( 0.1999999999999983500, 1.510589788882745000E-015, 12.33490170336848400 ) ) ;
#9951 = AXIS2_PLACEMENT_3D ( 'NONE', #8810, #4204, #8044 ) ;
#9952 = CIRCLE ( 'NONE', #9901, 1.250000000000001100 ) ;
#9953 = EDGE_CURVE ( 'NONE', #5610, #6923, #4169, .T. ) ;
#9954 = VECTOR ( 'NONE', #9128, 1000.000000000000000 ) ;
#9955 = DIRECTION ( 'NONE',  ( 1.084202172482856600E-016, -1.000000000000000000, 0.0000000000000000000 ) ) ;
#9956 = CARTESIAN_POINT ( 'NONE',  ( 6.500000000000000900, 29.90401310861136300, 5.999999999999999100 ) ) ;
#9957 = ORIENTED_EDGE ( 'NONE', *, *, #8601, .T. ) ;
#9958 = DIRECTION ( 'NONE',  ( 1.000000000000000000, 0.0000000000000000000, 0.0000000000000000000 ) ) ;
#9959 = EDGE_LOOP ( 'NONE', ( #8474, #9596 ) ) ;
#9960 = ORIENTED_EDGE ( 'NONE', *, *, #3465, .F. ) ;
#9961 = CARTESIAN_POINT ( 'NONE',  ( 6.400000000000037700, 26.49447458099435000, -19.67670190511990200 ) ) ;
#9962 = CARTESIAN_POINT ( 'NONE',  ( 8.999999999997101000, -6.071532165920594800E-017, -11.04999999999995500 ) ) ;
#9963 = FACE_OUTER_BOUND ( 'NONE', #8954, .T. ) ;
#9964 = DIRECTION ( 'NONE',  ( 0.0000000000000000000, 0.0000000000000000000, 1.000000000000000000 ) ) ;
#9965 = CARTESIAN_POINT ( 'NONE',  ( 19.40000000000003400, -18.90567994311937000, -27.08494314358640100 ) ) ;
#9966 = DIRECTION ( 'NONE',  ( 0.0000000000000000000, 0.0000000000000000000, 1.000000000000000000 ) ) ;
#9967 = FACE_OUTER_BOUND ( 'NONE', #9525, .T. ) ;
#9968 = AXIS2_PLACEMENT_3D ( 'NONE', #726, #1576, #8402 ) ;
#9969 = CARTESIAN_POINT ( 'NONE',  ( 19.40000000000003800, 28.38324162612271500, 17.79457310744346900 ) ) ;
#9970 = DIRECTION ( 'NONE',  ( -1.000000000000000000, -0.0000000000000000000, -0.0000000000000000000 ) ) ;
#9971 = ORIENTED_EDGE ( 'NONE', *, *, #1895, .F. ) ;
#9972 = DIRECTION ( 'NONE',  ( 0.0000000000000000000, 0.0000000000000000000, 1.000000000000000000 ) ) ;
#9973 = DIRECTION ( 'NONE',  ( 1.000000000000000000, 0.0000000000000000000, 0.0000000000000000000 ) ) ;
#9974 = DIRECTION ( 'NONE',  ( 0.0000000000000000000, 0.0000000000000000000, -1.000000000000000000 ) ) ;
#9975 = CIRCLE ( 'NONE', #8, 1.250000000000002900 ) ;
#9976 = CIRCLE ( 'NONE', #6136, 1.249999999999796400 ) ;
#9977 = SHAPE_REPRESENTATION ( 'GB6010', ( #7241 ), #6210 ) ;
#9978 = EDGE_CURVE ( 'NONE', #6214, #913, #5387, .T. ) ;
#9979 = CARTESIAN_POINT ( 'NONE',  ( 5.000000000000000000, -9.024091943764450000, -10.38103027596421200 ) ) ;
#9980 = CIRCLE ( 'NONE', #4010, 17.99999999999990100 ) ;
#9981 = DIRECTION ( 'NONE',  ( 1.000000000000000000, 6.071532165918827900E-018, 5.551115123125788900E-017 ) ) ;
#9982 = AXIS2_PLACEMENT_3D ( 'NONE', #6745, #5933, #2158 ) ;
#9983 = LINE ( 'NONE', #1024, #2298 ) ;
#9984 = FACE_OUTER_BOUND ( 'NONE', #7651, .T. ) ;
#9985 = CARTESIAN_POINT ( 'NONE',  ( -2.168404344971008900E-016, -30.62377778893523200, -5.697273817417522100 ) ) ;
#9986 = CARTESIAN_POINT ( 'NONE',  ( 0.2000000000000021200, 18.34113053165108600, 7.640566902677143400 ) ) ;
#9987 = CIRCLE ( 'NONE', #5297, 2.000000000000000900 ) ;
#9988 = CARTESIAN_POINT ( 'NONE',  ( 23.31307791393078300, 0.0000000000000000000, 0.0000000000000000000 ) ) ;
#9989 = ORIENTED_EDGE ( 'NONE', *, *, #9944, .F. ) ;
#9991 = VERTEX_POINT ( 'NONE', #3799 ) ;
#9990 = CARTESIAN_POINT ( 'NONE',  ( 6.400000000000036800, 32.93147467418302200, -2.133171764746647700 ) ) ;
#9992 = CARTESIAN_POINT ( 'NONE',  ( 20.00000000000006000, 4.294887910552242600, 12.79950958075091800 ) ) ;
#9993 = CIRCLE ( 'NONE', #6249, 0.9999999999999991100 ) ;
#9994 = EDGE_CURVE ( 'NONE', #604, #4275, #3999, .T. ) ;
#9995 = EDGE_CURVE ( 'NONE', #869, #1792, #290, .T. ) ;
#9996 = DIRECTION ( 'NONE',  ( -1.000000000000000000, -6.123233995736766000E-017, -0.0000000000000000000 ) ) ;
#9997 = CARTESIAN_POINT ( 'NONE',  ( -1.100000000000000100, 4.365669383646813900E-014, -5.250000000000001800 ) ) ;
#9998 = APPROVAL_ROLE ( '' ) ;
#9999 = ORIENTED_EDGE ( 'NONE', *, *, #4000, .F. ) ;
#10000 = DIRECTION ( 'NONE',  ( 0.0000000000000000000, 1.000000000000000000, 0.0000000000000000000 ) ) ;
#10001 = CARTESIAN_POINT ( 'NONE',  ( -1.100000000000000100, 0.0000000000000000000, -7.499999999999992900 ) ) ;
#10002 = FACE_BOUND ( 'NONE', #6088, .T. ) ;
#10003 = ORIENTED_EDGE ( 'NONE', *, *, #9994, .T. ) ;
#10004 = CARTESIAN_POINT ( 'NONE',  ( -1.100000000000000100, -1.092875789857602900E-016, 6.249999999999999100 ) ) ;
#10005 = NEXT_ASSEMBLY_USAGE_OCCURRENCE ( 'NAUO1', ' ', ' ', #9227, #2997, $ ) ;
#10006 = NEXT_ASSEMBLY_USAGE_OCCURRENCE ( 'NAUO2', ' ', ' ', #9227, #5952, $ ) ;
ENDSEC;
END-ISO-10303-21;
